snid,CEP_dist,DSCT_dist,EB_dist,RRL_dist
105984675,9.8503162135468e+30,1.4282570975104381e+31,6.748992599437477e+30,1.5094005545667463e+31
119513133,2.4625790533866983e+30,3.570642743776093e+30,1.6872481498593682e+30,3.7735013864168636e+30
31758296,8.664261903216098e+28,1.8826768183757066e+30,1.6058038556538855e+30,9.454757767377764e+29
85407798,3.465704761286451e+29,7.53070727350283e+30,6.423215422615546e+30,3.7819031069511105e+30
