SNID,MJD,BAND,PHOTFLAG,PHOTPROB,FLUXCAL,FLUXCALERR,PSF_SIG1,SKY_SIG,RDNOISE,ZEROPT,ZEROPT_ERR,GAIN,SIM_MAGOBS,RA,DEC,SNTYPE,NOBS,PTROBS_MIN,PTROBS_MAX,MWEBV,MWEBV_ERR,REDSHIFT_HELIO,REDSHIFT_HELIO_ERR,REDSHIFT_FINAL,REDSHIFT_FINAL_ERR,VPEC,VPEC_ERR,HOSTGAL_NMATCH,HOSTGAL_NMATCH2,HOSTGAL_OBJID,HOSTGAL_FLAG,HOSTGAL_PHOTOZ,HOSTGAL_PHOTOZ_ERR,HOSTGAL_SPECZ,HOSTGAL_SPECZ_ERR,HOSTGAL_RA,HOSTGAL_DEC,HOSTGAL_SNSEP,HOSTGAL_DDLR,HOSTGAL_CONFUSION,HOSTGAL_LOGMASS,HOSTGAL_LOGMASS_ERR,HOSTGAL_LOGSFR,HOSTGAL_LOGSFR_ERR,HOSTGAL_LOGsSFR,HOSTGAL_LOGsSFR_ERR,HOSTGAL_COLOR,HOSTGAL_COLOR_ERR,HOSTGAL_ELLIPTICITY,HOSTGAL_OBJID2,HOSTGAL_SQRADIUS,HOSTGAL_OBJID_UNIQUE,HOSTGAL_ZPHOT_Q000,HOSTGAL_ZPHOT_Q010,HOSTGAL_ZPHOT_Q020,HOSTGAL_ZPHOT_Q030,HOSTGAL_ZPHOT_Q040,HOSTGAL_ZPHOT_Q050,HOSTGAL_ZPHOT_Q060,HOSTGAL_ZPHOT_Q070,HOSTGAL_ZPHOT_Q080,HOSTGAL_ZPHOT_Q090,HOSTGAL_ZPHOT_Q100,HOSTGAL_MAG_u,HOSTGAL_MAG_g,HOSTGAL_MAG_r,HOSTGAL_MAG_i,HOSTGAL_MAG_z,HOSTGAL_MAG_Y,HOSTGAL_MAGERR_u,HOSTGAL_MAGERR_g,HOSTGAL_MAGERR_r,HOSTGAL_MAGERR_i,HOSTGAL_MAGERR_z,HOSTGAL_MAGERR_Y,HOSTGAL2_OBJID,HOSTGAL2_FLAG,HOSTGAL2_PHOTOZ,HOSTGAL2_PHOTOZ_ERR,HOSTGAL2_SPECZ,HOSTGAL2_SPECZ_ERR,HOSTGAL2_RA,HOSTGAL2_DEC,HOSTGAL2_SNSEP,HOSTGAL2_DDLR,HOSTGAL2_LOGMASS,HOSTGAL2_LOGMASS_ERR,HOSTGAL2_LOGSFR,HOSTGAL2_LOGSFR_ERR,HOSTGAL2_LOGsSFR,HOSTGAL2_LOGsSFR_ERR,HOSTGAL2_COLOR,HOSTGAL2_COLOR_ERR,HOSTGAL2_ELLIPTICITY,HOSTGAL2_OBJID2,HOSTGAL2_SQRADIUS,HOSTGAL2_OBJID_UNIQUE,HOSTGAL2_MAG_u,HOSTGAL2_MAG_g,HOSTGAL2_MAG_r,HOSTGAL2_MAG_i,HOSTGAL2_MAG_z,HOSTGAL2_MAG_Y,HOSTGAL2_MAGERR_u,HOSTGAL2_MAGERR_g,HOSTGAL2_MAGERR_r,HOSTGAL2_MAGERR_i,HOSTGAL2_MAGERR_z,HOSTGAL2_MAGERR_Y,HOSTGAL2_ZPHOT_Q000,HOSTGAL2_ZPHOT_Q010,HOSTGAL2_ZPHOT_Q020,HOSTGAL2_ZPHOT_Q030,HOSTGAL2_ZPHOT_Q040,HOSTGAL2_ZPHOT_Q050,HOSTGAL2_ZPHOT_Q060,HOSTGAL2_ZPHOT_Q070,HOSTGAL2_ZPHOT_Q080,HOSTGAL2_ZPHOT_Q090,HOSTGAL2_ZPHOT_Q100,HOSTGAL_SB_FLUXCAL_u,HOSTGAL_SB_FLUXCAL_g,HOSTGAL_SB_FLUXCAL_r,HOSTGAL_SB_FLUXCAL_i,HOSTGAL_SB_FLUXCAL_z,HOSTGAL_SB_FLUXCAL_Y,PEAKMJD,MJD_TRIGGER,MJD_DETECT_FIRST,MJD_DETECT_LAST,SIM_MODEL_NAME,SIM_MODEL_INDEX,SIM_TYPE_INDEX,SIM_TYPE_NAME,SIM_TEMPLATE_INDEX,SIM_LIBID,SIM_NGEN_LIBID,SIM_NOBS_UNDEFINED,SIM_SEARCHEFF_MASK,SIM_REDSHIFT_HELIO,SIM_REDSHIFT_CMB,SIM_REDSHIFT_HOST,SIM_REDSHIFT_FLAG,SIM_VPEC,SIM_HOSTLIB_GALID,SIM_DLMU,SIM_LENSDMU,SIM_RA,SIM_DEC,SIM_MWEBV,SIM_PEAKMJD,SIM_MJD_EXPLODE,SIM_MAGSMEAR_COH,SIM_AV,SIM_RV,SIM_PEAKMAG_u,SIM_PEAKMAG_g,SIM_PEAKMAG_r,SIM_PEAKMAG_i,SIM_PEAKMAG_z,SIM_PEAKMAG_Y,SIM_EXPOSURE_u,SIM_EXPOSURE_g,SIM_EXPOSURE_r,SIM_EXPOSURE_i,SIM_EXPOSURE_z,SIM_EXPOSURE_Y,SIM_GALFRAC_u,SIM_GALFRAC_g,SIM_GALFRAC_r,SIM_GALFRAC_i,SIM_GALFRAC_z,SIM_GALFRAC_Y,SIM_SUBSAMPLE_INDEX,SIM_TEMPLATEMAG_u,SIM_TEMPLATEMAG_g,SIM_TEMPLATEMAG_r,SIM_TEMPLATEMAG_i,SIM_TEMPLATEMAG_z,SIM_TEMPLATEMAG_Y,SIM_HOSTLIB(LOGMASS_TRUE),SIM_HOSTLIB(LOG_SFR),SIM_HOSTLIB(g_obs),SIM_HOSTLIB(r_obs),SIM_HOSTLIB(i_obs),SIM_STRONGLENS_IDLENS,SIM_STRONGLENS_GALID,SIM_STRONGLENS_z,SIM_STRONGLENS_TDELAY,SIM_STRONGLENS_MAGSHIFT,SIM_STRONGLENS_NIMG,SIM_STRONGLENS_IMGNUM,SIM_STRONGLENS_MINSEP,SIM_STRONGLENS_LOGMASS,SIM_STRONGLENS_LOGMASS_ERR,SIM_SALT2x0,SIM_SALT2x1,SIM_SALT2c,SIM_SALT2mB,SIM_SALT2alpha,SIM_SALT2beta,SIM_SALT2gammaDM,AGN_PARAM(M_BH),AGN_PARAM(Mi),AGN_PARAM(edd_ratio),AGN_PARAM(edd_ratio2),AGN_PARAM(t_transition),AGN_PARAM(cl_flag)
66627671,"[61007.3408 61009.3554 61014.3371 61014.3478 61019.3201 61019.33
 61047.2583 61068.1513 61075.1381 61075.1607 61095.12   61102.0542
 61130.0064 61130.0288 61131.1028 61131.1253 61137.0232 61157.0286
 61157.0515 61157.9923 61158.0147 61374.3452 61402.2662 61403.3212
 61403.3244 61403.3347 61420.1429 61429.2344 61429.2575 61430.2953
 61457.0888 61457.1112 61461.1907 61461.2131 61485.0324 61485.0328
 61488.1459 61513.0021 61753.2788 61753.3018 61841.0354 61841.0579
 61868.0927 61049.138  61050.209  61051.2396 61056.2665 61074.186
 61075.0533 61076.1481 61088.1939 61104.1568 61473.0359 61498.0167
 61498.0171 61739.2766 61739.2771 61798.2076 61798.2081 61824.1263
 61886.0317 60993.3238 61001.2923 61001.2928 61020.3103 61021.291
 61039.2749 61040.2573 61054.246  61065.192  61089.1052 61089.1061
 61094.1798 61094.1807 61112.0738 61112.0788 61118.118  61118.1207
 61122.9881 61132.9806 61132.9811 61133.9869 61133.9878 61139.0476
 61357.2968 61362.3458 61367.3555 61374.2975 61375.2732 61379.3377
 61387.2011 61387.2034 61389.2954 61402.2097 61405.1597 61405.1602
 61409.2102 61421.2331 61432.2449 61433.2002 61443.1624 61446.1342
 61462.1611 61466.124  61466.1245 61472.151  61475.073  61489.124
 61506.0564 61506.0573 61515.0498 61709.3557 61758.2812 61777.2611
 61786.3103 61814.1766 61814.1771 61001.2686 61001.2691 61027.3208
 61040.281  61049.2968 61050.233  61051.2635 61056.2388 61065.168
 61074.2098 61075.0771 61076.1723 61083.1188 61087.0896 61087.0968
 61104.133  61113.0829 61115.0855 61139.0274 61357.273  61362.3575
 61374.2737 61376.314  61389.2716 61405.1835 61405.184  61409.1865
 61414.2186 61421.2092 61433.1765 61443.1386 61466.1003 61466.1007
 61473.0596 61498.0405 61498.0409 61498.0616 61709.3674 61739.2995
 61739.3    61777.2372 61786.2866 61823.1704 61824.1506 61857.0408
 61886.0553 61083.0966 61087.1132 61087.1198 61088.174  61113.1045
 61115.0633 61857.0178 60993.3396 60993.3488 61021.3116 61039.2987
 61068.1276 61081.0408 61094.1396 61094.141  61095.0962 61102.0304
 61112.0975 61112.1025 61119.108  61122.9989 61132.9915 61132.9919
 61133.9977 61133.9986 61136.9998 61367.3448 61367.3462 61374.3354
 61375.2969 61379.3503 61387.225  61402.2334 61402.2419 61403.2975
 61420.1192 61430.2716 61432.2686 61446.158  61462.1373 61472.1272
 61475.0967 61488.122  61513.0258 61515.0736 61814.2003 61814.2008
 61867.0983]","['Y' 'Y' 'Y' 'Y' 'Y' 'Y' 'Y' 'Y' 'Y' 'Y' 'Y' 'Y' 'Y' 'Y' 'Y' 'Y' 'Y' 'Y'
 'Y' 'Y' 'Y' 'Y' 'Y' 'Y' 'Y' 'Y' 'Y' 'Y' 'Y' 'Y' 'Y' 'Y' 'Y' 'Y' 'Y' 'Y'
 'Y' 'Y' 'Y' 'Y' 'Y' 'Y' 'Y' 'g' 'g' 'g' 'g' 'g' 'g' 'g' 'g' 'g' 'g' 'g'
 'g' 'g' 'g' 'g' 'g' 'g' 'g' 'i' 'i' 'i' 'i' 'i' 'i' 'i' 'i' 'i' 'i' 'i'
 'i' 'i' 'i' 'i' 'i' 'i' 'i' 'i' 'i' 'i' 'i' 'i' 'i' 'i' 'i' 'i' 'i' 'i'
 'i' 'i' 'i' 'i' 'i' 'i' 'i' 'i' 'i' 'i' 'i' 'i' 'i' 'i' 'i' 'i' 'i' 'i'
 'i' 'i' 'i' 'i' 'i' 'i' 'i' 'i' 'i' 'r' 'r' 'r' 'r' 'r' 'r' 'r' 'r' 'r'
 'r' 'r' 'r' 'r' 'r' 'r' 'r' 'r' 'r' 'r' 'r' 'r' 'r' 'r' 'r' 'r' 'r' 'r'
 'r' 'r' 'r' 'r' 'r' 'r' 'r' 'r' 'r' 'r' 'r' 'r' 'r' 'r' 'r' 'r' 'r' 'r'
 'r' 'u' 'u' 'u' 'u' 'u' 'u' 'u' 'z' 'z' 'z' 'z' 'z' 'z' 'z' 'z' 'z' 'z'
 'z' 'z' 'z' 'z' 'z' 'z' 'z' 'z' 'z' 'z' 'z' 'z' 'z' 'z' 'z' 'z' 'z' 'z'
 'z' 'z' 'z' 'z' 'z' 'z' 'z' 'z' 'z' 'z' 'z' 'z' 'z']","[   0    0    0    0    0    0    0    0    0    0    0    0    0    0
    0    0    0    0    0    0    0    0    0    0    0    0    0    0
    0    0    0    0    0    0    0    0    0    0    0    0    0    0
    0    0    0    0    0    0    0    0    0    0    0    0    0    0
    0    0    0    0    0    0    0    0    0    0    0    0    0    0
    0    0    0    0    0    0    0    0    0    0    0    0    0    0
    0    0    0    0    0    0    0    0    0    0    0    0    0    0
    0    0    0    0    0    0    0    0    0    0    0    0    0    0
    0    0    0    0    0    0    0    0    0    0    0    0    0    0
    0    0    0    0    0    0    0    0    0    0    0    0    0    0
    0    0    0    0    0    0    0    0    0    0    0    0    0    0
    0    0    0    0    0    0    0    0    0 6144    0    0    0    0
    0    0    0    0    0    0    0    0    0    0    0    0    0    0
    0    0    0    0    0    0    0    0    0    0    0    0    0    0
    0    0    0    0    0    0    0    0    0    0    0    0    0    0
    0]","[-9. -9. -9. -9. -9. -9. -9. -9. -9. -9. -9. -9. -9. -9. -9. -9. -9. -9.
 -9. -9. -9. -9. -9. -9. -9. -9. -9. -9. -9. -9. -9. -9. -9. -9. -9. -9.
 -9. -9. -9. -9. -9. -9. -9. -9. -9. -9. -9. -9. -9. -9. -9. -9. -9. -9.
 -9. -9. -9. -9. -9. -9. -9. -9. -9. -9. -9. -9. -9. -9. -9. -9. -9. -9.
 -9. -9. -9. -9. -9. -9. -9. -9. -9. -9. -9. -9. -9. -9. -9. -9. -9. -9.
 -9. -9. -9. -9. -9. -9. -9. -9. -9. -9. -9. -9. -9. -9. -9. -9. -9. -9.
 -9. -9. -9. -9. -9. -9. -9. -9. -9. -9. -9. -9. -9. -9. -9. -9. -9. -9.
 -9. -9. -9. -9. -9. -9. -9. -9. -9. -9. -9. -9. -9. -9. -9. -9. -9. -9.
 -9. -9. -9. -9. -9. -9. -9. -9. -9. -9. -9. -9. -9. -9. -9. -9. -9. -9.
 -9. -9. -9. -9. -9. -9. -9. -9. -9. -9. -9. -9. -9. -9. -9. -9. -9. -9.
 -9. -9. -9. -9. -9. -9. -9. -9. -9. -9. -9. -9. -9. -9. -9. -9. -9. -9.
 -9. -9. -9. -9. -9. -9. -9. -9. -9. -9. -9. -9. -9.]","[-1.7342970e+01  1.0118953e+02 -1.7435978e+01 -1.3035863e+01
  9.1692802e+01 -5.4124150e+00 -2.1415009e+01 -1.8664068e+01
 -4.4940647e+01 -8.3787086e+01 -1.6046156e+00  8.1908894e+00
  7.3519325e+00  3.2522728e+01 -6.0515148e+01  5.7981125e+01
  1.5614961e+01  2.6637970e+01 -2.9137270e+00 -7.1772957e+01
  4.3947433e+01  1.7001240e+01  5.3132343e+01  4.6355848e+00
 -5.0958431e+01  2.4311071e+01  3.9226532e+01 -3.9259941e+01
  6.4659917e-01  3.5503002e+01  8.3605034e+01  6.8518791e+01
  2.9675028e+00  3.5107323e+01 -2.5020147e+01  1.7574284e+01
 -8.5349823e+01 -1.7133268e+01  7.7327530e+01  3.6441228e+00
 -1.2452059e+01 -6.0154734e+00  4.1826485e+01  5.4811931e-01
  5.4263663e+00  6.4533100e+00  1.2839003e+00  3.1404812e+01
 -3.6344707e+00 -5.0579768e-01  1.2146739e+01  5.9140258e+00
 -9.3903427e+00  2.8645530e+00  1.1555581e+00  1.2364247e-01
 -1.5813739e+00  1.1225407e+00 -3.6222729e-01 -1.6118815e+00
  1.1811192e+00  5.8160667e+00  1.6409616e+01 -1.2548681e+01
 -2.3130386e+00  8.9990129e+00  5.4329019e+00  2.8547180e+00
  1.5125936e+00 -3.6296899e+00  1.1927395e+01 -7.3482628e+00
  8.4904604e+00  3.7716632e+00  8.9629383e+00  3.6507487e+00
  5.1682448e+00 -1.0478975e+01  2.8754593e+01  8.8685161e-01
 -5.2822156e+00  3.1934364e+00  8.8044319e+00 -2.5413480e+00
 -1.5677170e+01  7.0067582e+00 -4.5558562e+00 -3.5660455e+00
 -4.7618465e+00  1.2904071e+01 -5.3453484e+00  9.7955507e-01
  4.8024168e+00 -6.3545570e+00  5.8319572e-02  6.3125472e+00
 -3.7253361e+00  2.5438216e+00  1.7271427e+01 -9.9208248e-01
  7.3249555e-01 -1.0253816e+01  5.4115810e+00 -9.2348194e+00
  1.8396669e+01  1.9492359e+00  5.7454723e-01 -5.4622178e+00
 -2.2626947e+01 -7.1027741e+00  4.3535061e+01 -1.3118373e+01
  1.1774023e+01 -2.6414676e+00 -4.7188501e+00 -4.6273417e+00
  7.1347299e+00  5.3542533e+00  5.5823231e+00 -5.3366475e+00
  2.7961223e+00  3.9412994e+00 -2.4044621e+00 -4.2244134e+00
 -2.8653356e-01  3.4911194e-01 -8.5589981e+00 -9.3365488e+00
  1.4867582e+01  2.6056974e+01  1.0455659e+01  9.1627541e+00
 -2.3031340e+01 -3.0021675e+00 -2.8117900e+00  8.7442625e-01
  4.9635181e+00  4.4336538e+00 -2.3721986e+00 -5.5786610e-01
  1.0382334e+00 -1.1095276e+01 -3.1606312e+00  9.3789883e+00
  3.2598367e+00 -3.7388346e+00 -3.1014748e+00 -3.1766589e+00
  7.4109417e-01  6.6397524e+00 -3.9590099e+00  9.8519647e-01
 -5.1251436e-03 -8.3476820e+00  4.8449559e+00  3.3121905e+00
  1.0521644e+00  3.5682354e+00 -1.1554355e+01 -7.0114355e+00
  7.5996294e+00 -1.0421492e+00 -8.3794603e+00  2.5292620e+01
  1.3942597e+01  2.3171122e+00  4.5907049e+00 -3.1786363e+00
 -4.0031977e+00  2.7104464e+01  2.7819031e-01 -6.0942421e+00
  7.5242209e+00  3.8028958e+00 -1.6978775e+01  2.0426601e+01
 -2.4653858e+01 -2.7191126e+01  1.4309542e+01 -1.0791628e+01
  3.4584320e+00  4.9708562e+00 -1.7870157e+01 -5.2829590e+01
 -4.1807365e+00 -2.3137917e+01 -7.0633302e+00 -2.7684418e+01
 -6.1893945e+00 -1.5712179e+00 -5.9787498e+00  5.9712939e+00
  5.2475944e+00  7.3105365e-01  1.2876260e+01  1.2101593e+00
  1.0080829e+01 -1.7545572e+01 -1.1080242e+01  1.3298930e+01
 -8.1464033e+00 -9.4221048e+00 -5.8708076e+00 -3.3546871e+01
  7.9167929e+00  1.0211968e+01 -7.6566653e+00 -2.1066168e-01
  1.1401385e+01  2.0748381e+01 -7.6323524e+00]","[30.423914  62.030598  49.262215  62.106598  41.56381   34.909817
 33.726868  40.743847  42.36872   34.35938   28.070303  49.65543
 32.471622  34.911377  64.00443   48.266582  34.49542   64.67898
 66.08501   46.094334  49.03516   26.965889  36.77479   35.813187
 38.090908  39.131577  32.754543  38.260258  44.92758   52.874058
 41.981544  37.172874  44.180138  51.6022    40.716797  50.142357
 50.457027  34.389503  34.829727  30.931387  35.182484  28.661861
 37.997692   4.8744087  4.2098923  4.5111103  2.8894298 21.545446
 13.830294   9.959068   4.729502  14.188079   4.1574855  4.022893
  4.0027018  4.074704   4.2921534  2.571366   2.5883582  2.928119
  3.350508   9.713758  10.709896  10.018546   8.80507    8.132439
  8.52461    7.325833   7.241008   7.0168753  7.592892   7.7494893
  9.479715  10.191942   8.525494   7.4741387 10.641959  12.073355
 32.61279   14.252609  14.234198   9.075898   8.746568   8.118152
 14.450533   8.44788   12.660179   8.381592  11.1475525  7.554832
 10.178555  10.54263    7.457661  16.567991  10.254789  10.29298
 11.796905   7.8050146 16.380144   8.341836   8.516838   8.258886
  9.683135   7.6573424  7.8233285 12.530252  17.486958  15.901436
  9.599016  10.337353  21.458582   9.830523   7.9076357  6.1798534
 11.754524   9.449231   9.073714   7.3307285  6.7869415  4.119868
  3.6536977  6.971943   5.4813867  5.284297   3.9625056  5.2515373
 16.03932   14.950049  10.557508   4.212016   5.00884    5.526785
 15.371431   3.6300027  4.2617536  5.9208527  8.421628   7.376543
  6.7444425  5.6914907  4.9023848  5.837659   6.2415104  8.228147
  6.60572    4.329687   6.366432   6.397745   6.2220044  5.855683
  5.161458   5.1592503  5.130988   4.3421946  6.0808983  4.0415773
  4.2097707  5.4222093  8.1824465  5.489508   4.670895   5.9421544
  6.4689054  8.402314  11.645936  12.686836  10.579716   7.2484756
  7.7452602 11.901977  17.254215  15.986532  13.890908  12.679817
 17.077295  16.037212  16.144316  16.161549  23.264502  32.59128
 12.447219  13.376062  17.614311  25.968746  15.069575  15.424009
 14.251421  13.841071  13.475889  15.055122  14.662896  11.836971
 18.514278  17.589413  15.345024  15.983222  18.76916   19.397947
 16.749645  25.765326  23.203434  18.924797  20.172058  22.073774
 17.81715   21.721712  19.370863  23.02071   14.146974  13.918135
 24.180202 ]","[1.83 2.14 2.62 2.83 2.5  2.08 1.96 2.51 2.46 1.98 1.77 2.53 1.89 2.01
 3.15 2.14 2.12 3.33 3.12 2.6  2.62 1.46 2.15 2.08 2.19 2.2  1.93 2.02
 2.28 2.53 2.03 1.8  2.4  2.58 2.28 2.85 2.39 1.97 1.74 1.57 1.9  1.55
 1.81 2.66 1.69 1.91 1.59 2.89 3.8  2.23 2.59 2.29 2.45 2.31 2.28 2.36
 2.43 1.44 1.44 1.72 1.69 2.2  2.5  2.43 1.77 1.8  2.07 1.49 1.73 1.7
 1.86 1.88 2.24 2.32 2.12 1.8  2.48 2.71 4.57 1.9  1.93 1.68 1.65 1.88
 3.35 1.97 2.15 1.51 2.23 1.79 2.24 2.42 1.82 2.83 2.32 2.36 2.89 1.88
 3.14 1.77 2.1  2.01 1.94 1.86 1.87 2.84 4.36 2.66 2.22 2.3  2.94 2.26
 1.51 1.49 1.94 1.55 1.53 2.75 2.66 1.66 1.43 1.87 1.76 1.78 1.55 2.12
 2.07 2.91 2.23 1.67 2.03 2.22 2.71 1.44 1.68 2.32 3.12 2.2  1.57 1.93
 2.   2.3  2.49 3.3  2.67 1.73 1.98 2.64 2.55 2.39 2.13 2.03 2.02 1.66
 1.81 1.63 1.67 2.23 1.78 2.15 1.89 2.39 2.2  1.87 2.88 3.06 2.41 1.69
 1.86 2.84 2.37 2.13 1.91 1.75 2.2  2.07 2.32 2.25 3.31 2.9  1.77 1.85
 2.38 3.47 1.81 1.84 1.83 1.8  1.9  1.95 1.89 1.47 2.45 1.95 2.05 1.97
 2.24 2.51 2.14 2.75 2.78 2.69 2.69 3.03 2.53 2.4  2.19 2.22 1.63 1.62
 2.29]","[44.98 82.3  51.87 60.68 45.21 45.59 46.7  44.24 47.41 47.56 42.78 54.14
 47.44 47.56 50.76 52.08 43.34 48.51 49.61 46.65 47.45 50.63 46.43 45.5
 45.61 46.2  44.25 51.08 51.83 50.18 57.32 57.1  45.78 46.69 48.67 48.53
 48.85 46.96 54.71 54.33 50.78 50.87 50.54 15.78 26.89 24.61 16.33 87.6
 36.55 51.9  15.71 66.97 15.66 16.16 16.31 15.62 15.72 16.15 16.31 15.65
 16.88 36.43 34.76 33.77 42.09 37.64 33.78 41.15 34.03 33.82 33.18 33.66
 34.21 35.31 32.96 33.81 34.54 35.68 62.74 66.77 65.65 46.61 45.61 35.04
 35.   35.48 51.82 47.3  41.86 34.63 35.87 34.75 33.35 50.79 35.23 35.06
 33.6  33.91 43.56 39.4  33.3  33.69 41.18 33.61 33.71 35.36 33.24 49.03
 35.03 36.17 60.52 35.94 44.36 33.62 49.87 52.22 51.13 25.44 24.75 24.66
 25.04 39.76 33.3  30.81 25.32 24.98 88.31 56.41 53.22 24.53 24.43 24.81
 63.45 24.76 25.03 25.38 25.61 36.14 47.12 30.99 24.39 25.   24.75 24.75
 24.91 24.96 34.56 24.4  24.31 24.3  24.42 25.12 25.35 25.6  36.   24.53
 24.83 24.52 49.7  24.85 24.42 24.97 26.97  4.61  4.56  4.52  4.45  4.62
  4.67  4.58 46.49 48.26 46.46 45.65 50.02 48.35 44.34 45.77 45.16 74.58
 44.68 45.68 46.85 48.19 54.43 54.85 50.32 49.62 45.28 50.   50.19 51.96
 48.79 59.27 47.11 53.15 54.61 49.97 49.01 60.3  52.67 45.04 48.08 46.36
 44.99 57.02 57.19 63.63 55.47 54.81 66.06]","[0.25 0.25 0.25 0.25 0.25 0.25 0.25 0.25 0.25 0.25 0.25 0.25 0.25 0.25
 0.25 0.25 0.25 0.25 0.25 0.25 0.25 0.25 0.25 0.25 0.25 0.25 0.25 0.25
 0.25 0.25 0.25 0.25 0.25 0.25 0.25 0.25 0.25 0.25 0.25 0.25 0.25 0.25
 0.25 0.25 0.25 0.25 0.25 0.25 0.25 0.25 0.25 0.25 0.25 0.25 0.25 0.25
 0.25 0.25 0.25 0.25 0.25 0.25 0.25 0.25 0.25 0.25 0.25 0.25 0.25 0.25
 0.25 0.25 0.25 0.25 0.25 0.25 0.25 0.25 0.25 0.25 0.25 0.25 0.25 0.25
 0.25 0.25 0.25 0.25 0.25 0.25 0.25 0.25 0.25 0.25 0.25 0.25 0.25 0.25
 0.25 0.25 0.25 0.25 0.25 0.25 0.25 0.25 0.25 0.25 0.25 0.25 0.25 0.25
 0.25 0.25 0.25 0.25 0.25 0.25 0.25 0.25 0.25 0.25 0.25 0.25 0.25 0.25
 0.25 0.25 0.25 0.25 0.25 0.25 0.25 0.25 0.25 0.25 0.25 0.25 0.25 0.25
 0.25 0.25 0.25 0.25 0.25 0.25 0.25 0.25 0.25 0.25 0.25 0.25 0.25 0.25
 0.25 0.25 0.25 0.25 0.25 0.25 0.25 0.25 0.25 0.25 0.25 0.25 0.25 0.25
 0.25 0.25 0.25 0.25 0.25 0.25 0.25 0.25 0.25 0.25 0.25 0.25 0.25 0.25
 0.25 0.25 0.25 0.25 0.25 0.25 0.25 0.25 0.25 0.25 0.25 0.25 0.25 0.25
 0.25 0.25 0.25 0.25 0.25 0.25 0.25 0.25 0.25 0.25 0.25 0.25 0.25 0.25
 0.25]","[30.05 30.09 30.06 30.06 30.05 30.05 30.05 30.05 30.06 30.06 30.05 30.06
 30.07 30.06 29.95 29.87 30.03 29.95 29.88 30.01 29.97 30.07 30.05 30.02
 30.01 30.   30.01 30.04 30.01 29.91 30.07 30.07 29.95 29.88 30.05 30.06
 29.87 30.04 30.06 30.07 30.06 30.07 29.92 31.37 31.62 31.58 31.45 31.69
 31.52 31.68 31.38 31.6  31.45 31.46 31.46 31.43 31.41 31.47 31.47 31.47
 31.38 31.29 31.27 31.28 31.32 31.31 31.29 31.32 31.29 31.3  31.29 31.29
 31.27 31.26 31.29 31.29 31.26 31.25 31.34 31.36 31.36 31.34 31.34 31.28
 31.26 31.3  31.35 31.33 31.3  31.3  31.24 31.25 31.29 31.33 31.25 31.26
 31.28 31.29 31.29 31.31 31.29 31.29 31.29 31.29 31.28 31.25 31.28 31.27
 31.27 31.26 31.28 31.29 31.33 31.3  31.28 31.33 31.34 31.42 31.44 31.49
 31.49 31.54 31.55 31.52 31.49 31.49 31.6  31.56 31.59 31.49 31.48 31.48
 31.58 31.49 31.48 31.47 31.41 31.55 31.57 31.53 31.48 31.46 31.46 31.46
 31.48 31.49 31.55 31.48 31.47 31.47 31.49 31.47 31.48 31.47 31.55 31.49
 31.48 31.49 31.55 31.45 31.48 31.48 31.38 29.41 29.41 29.36 29.3  29.4
 29.43 29.38 30.97 30.98 30.98 30.97 30.98 30.95 30.97 30.97 30.97 31.
 30.98 30.97 30.96 30.97 31.   31.   30.99 30.99 30.98 30.99 30.99 31.
 30.98 31.   30.96 31.   30.99 30.98 30.95 30.97 30.95 30.97 30.97 30.96
 30.97 30.95 30.98 30.92 30.98 30.98 30.94]","[0.005 0.005 0.005 0.005 0.005 0.005 0.005 0.005 0.005 0.005 0.005 0.005
 0.005 0.005 0.005 0.005 0.005 0.005 0.005 0.005 0.005 0.005 0.005 0.005
 0.005 0.005 0.005 0.005 0.005 0.005 0.005 0.005 0.005 0.005 0.005 0.005
 0.005 0.005 0.005 0.005 0.005 0.005 0.005 0.005 0.005 0.005 0.005 0.005
 0.005 0.005 0.005 0.005 0.005 0.005 0.005 0.005 0.005 0.005 0.005 0.005
 0.005 0.005 0.005 0.005 0.005 0.005 0.005 0.005 0.005 0.005 0.005 0.005
 0.005 0.005 0.005 0.005 0.005 0.005 0.005 0.005 0.005 0.005 0.005 0.005
 0.005 0.005 0.005 0.005 0.005 0.005 0.005 0.005 0.005 0.005 0.005 0.005
 0.005 0.005 0.005 0.005 0.005 0.005 0.005 0.005 0.005 0.005 0.005 0.005
 0.005 0.005 0.005 0.005 0.005 0.005 0.005 0.005 0.005 0.005 0.005 0.005
 0.005 0.005 0.005 0.005 0.005 0.005 0.005 0.005 0.005 0.005 0.005 0.005
 0.005 0.005 0.005 0.005 0.005 0.005 0.005 0.005 0.005 0.005 0.005 0.005
 0.005 0.005 0.005 0.005 0.005 0.005 0.005 0.005 0.005 0.005 0.005 0.005
 0.005 0.005 0.005 0.005 0.005 0.005 0.005 0.005 0.005 0.005 0.005 0.005
 0.005 0.005 0.005 0.005 0.005 0.005 0.005 0.005 0.005 0.005 0.005 0.005
 0.005 0.005 0.005 0.005 0.005 0.005 0.005 0.005 0.005 0.005 0.005 0.005
 0.005 0.005 0.005 0.005 0.005 0.005 0.005 0.005 0.005 0.005 0.005 0.005
 0.005 0.005 0.005 0.005 0.005 0.005 0.005]","[1. 1. 1. 1. 1. 1. 1. 1. 1. 1. 1. 1. 1. 1. 1. 1. 1. 1. 1. 1. 1. 1. 1. 1.
 1. 1. 1. 1. 1. 1. 1. 1. 1. 1. 1. 1. 1. 1. 1. 1. 1. 1. 1. 1. 1. 1. 1. 1.
 1. 1. 1. 1. 1. 1. 1. 1. 1. 1. 1. 1. 1. 1. 1. 1. 1. 1. 1. 1. 1. 1. 1. 1.
 1. 1. 1. 1. 1. 1. 1. 1. 1. 1. 1. 1. 1. 1. 1. 1. 1. 1. 1. 1. 1. 1. 1. 1.
 1. 1. 1. 1. 1. 1. 1. 1. 1. 1. 1. 1. 1. 1. 1. 1. 1. 1. 1. 1. 1. 1. 1. 1.
 1. 1. 1. 1. 1. 1. 1. 1. 1. 1. 1. 1. 1. 1. 1. 1. 1. 1. 1. 1. 1. 1. 1. 1.
 1. 1. 1. 1. 1. 1. 1. 1. 1. 1. 1. 1. 1. 1. 1. 1. 1. 1. 1. 1. 1. 1. 1. 1.
 1. 1. 1. 1. 1. 1. 1. 1. 1. 1. 1. 1. 1. 1. 1. 1. 1. 1. 1. 1. 1. 1. 1. 1.
 1. 1. 1. 1. 1. 1. 1. 1. 1. 1. 1. 1. 1. 1. 1. 1. 1. 1. 1.]","[99.       99.       99.       99.       99.       99.       99.
 99.       99.       99.       25.694395 26.025475 27.433054 27.435696
 27.57051  27.573523 27.847498 28.61704  28.617498 28.636444 28.6369
 27.652294 28.26286  28.287277 28.287354 28.287594 28.69725  28.907854
 28.908407 28.933514 29.565413 29.565989 29.656734 29.65722  30.207973
 30.207981 30.273087 30.74983  34.260544 34.26087  35.73793  35.73831
 36.25619  99.       99.       99.       99.       99.       99.
 25.784353 25.224869 32.45901  45.56884  46.87735  46.87737  60.64851
 60.648552 64.98618  64.98609  62.109917 61.551586 99.       99.
 99.       99.       99.       99.       99.       99.       99.
 25.153452 25.153576 25.789114 25.789219 27.800356 27.800552 28.07071
 28.070847 28.358559 29.618223 29.61824  29.654457 29.65449  29.85763
 30.211355 30.360167 30.494553 30.692865 30.718475 30.831484 31.084631
 31.084698 31.147108 31.5749   31.673233 31.673252 31.824636 32.223923
 32.568405 32.60299  32.95594  33.081295 33.585556 33.71411  33.714127
 33.914387 34.00802  34.492474 35.029095 35.029125 35.316032 40.094288
 41.180786 41.592545 41.776653 42.379745 42.379757 99.       99.
 99.       99.       99.       99.       99.       99.       99.
 99.       99.       26.14989  24.332954 24.87898  24.880579 28.089973
 29.312162 29.432102 31.923027 33.733204 33.904125 34.338043 34.40602
 34.923256 35.58041  35.580433 35.771286 35.972576 36.28281  36.77167
 37.191372 38.13084  38.13086  38.41503  39.482018 39.482033 39.482765
 48.738308 99.       99.       99.       99.       52.66826  52.661144
 52.85272  52.721375 23.781181 25.366041 25.372753 25.68286  39.563225
 39.78488  74.83186  99.       99.       99.       99.       99.
 24.707819 25.648935 25.649021 25.708855 26.100359 26.7843   26.784414
 26.956396 27.090954 28.127842 28.127848 28.144793 28.144808 28.196999
 27.923126 27.923157 28.081902 28.10265  28.194752 28.39581  28.784323
 28.784542 28.81226  29.28032  29.549744 29.607388 29.996178 30.42134
 30.695599 30.77477  31.135128 31.724255 31.764082 37.039032 37.039043
 38.161877]",118.62812977795049,8.677551317564697,158,211,1,211,0.016874727,0.0008437363,1.0407099,1.03698,1.0407099,1.03698,0.0,300.0,1,1,8064663545,0,1.0407099,1.03698,-9.0,-9.0,118.62811570902977,8.677542905250723,0.058640268,0.106609,-99.0,10.8614,-9999.0,-9999.0,-9999.0,-9999.0,-9999.0,-9999.0,-9999.0,0.3237,-9,12.2427,78058495,0.84247243,0.98437506,1.0065684,1.0188847,1.0308194,1.0408872,1.0509449,1.0632612,1.0804056,1.1096454,1.2244161,23.542604,24.222689,23.367752,22.59683,21.810488,21.454287,0.22208,0.05182,0.02881,0.02286,0.02137,0.02757,0,0,-9.0,-9.0,-9.0,-9.0,-999.0,-999.0,-9.0,-9.0,-9999.0,-9999.0,-9999.0,-9999.0,-9999.0,-9999.0,-9999.0,-9999.0,-9999.0,0,-9999.0,0,999.0,999.0,999.0,999.0,999.0,999.0,999.0,999.0,999.0,999.0,999.0,999.0,-9.0,-9.0,-9.0,-9.0,-9.0,-9.0,-9.0,-9.0,-9.0,-9.0,-9.0,5.1123056,4.7863493,9.320116,20.411781,41.4973,59.774197,61075.332,61083.098,61083.098,61083.098,SIMSED.PISN-STELLA-HYDROGENIC,7,58,UNKNOWN,3,37157,1,0,1,0.9936298,0.99534833,0.9899,3,-28.944126,8064663545,44.066833,0.027960908,118.62812805175781,8.67755126953125,0.015486919,61074.668,61075.02,-0.7020485,0.045141198,3.1,99.0,99.0,99.0,99.0,99.0,99.0,1.0,1.0,1.0,1.0,1.0,1.0,-9.0,-9.0,-9.0,-9.0,-9.0,-9.0,-9,,,,,,,,,,,,,,,,,,,,,,,,,,,,,,,,,,
3486588,"[60801.1507 60804.0233 60804.047  61042.3488 61073.2389 61073.2624
 61077.3641 61077.3736 61098.0891 61098.1121 61102.1671 61102.1901
 61128.2322 61130.0936 61130.1164 61186.0693 61186.0919 61455.1794
 61455.2024 61483.1045 61483.1274 61485.1168 61485.1398 61515.14
 61515.1405 61517.2039 61782.243  61782.2661 61814.3476 61814.3576
 61836.1929 61839.229  61841.1693 61841.1923 61866.0993 61866.1002
 61866.1223 61866.1232 61074.268  61077.1395 61083.3231 61089.2697
 61109.0659 61109.0664 61145.1303 61416.0675 61432.3152 61436.0783
 61436.3354 61444.0733 61444.0742 61444.226  61444.227  61464.0893
 61470.2191 61476.1298 61476.1307 61550.0416 61778.2879 61788.1196
 61788.1205 61796.101  61796.1015 61798.3242 61806.3298 61820.0431
 61820.0435 60803.0414 61024.3221 61024.3225 61038.3137 61038.3168
 61042.2786 61048.3393 61063.3159 61068.0676 61072.091  61072.1852
 61100.0902 61100.2876 61101.2392 61101.2396 61116.0978 61120.1773
 61126.0814 61132.2109 61146.9789 61156.1041 61156.105  61158.0775
 61164.0784 61172.0816 61192.0243 61400.2808 61401.3282 61417.191
 61424.1369 61424.3343 61440.0747 61440.0769 61440.2229 61440.2252
 61447.2454 61448.0691 61452.1327 61474.1279 61481.1314 61481.1319
 61493.2481 61497.0689 61500.0501 61510.0371 61534.9644 61534.9653
 61755.2629 61762.3407 61771.3436 61775.3081 61784.281  61800.1259
 61800.1263 61800.2647 61800.2652 61803.2298 61808.0733 61808.1826
 61812.0743 61812.2217 61850.1253 61858.1091 61862.1265 61868.1822
 61884.0498 61888.2181 61891.0346 61891.2361 60850.0289 61024.2963
 61024.2967 61038.2863 61038.2894 61042.2542 61047.2993 61063.2915
 61066.318  61074.2927 61080.0676 61087.2758 61109.0868 61109.0873
 61116.074  61120.153  61126.0573 61127.1575 61143.1561 61152.0973
 61171.1325 61389.3392 61400.305  61401.3167 61413.2574 61416.0914
 61416.2798 61436.0544 61444.0494 61444.0503 61460.3267 61464.1114
 61474.1066 61476.1541 61476.155  61481.1068 61481.1072 61495.1611
 61497.0489 61510.0187 61740.3242 61746.349  61755.2387 61762.3543
 61764.2928 61771.3323 61775.2841 61778.3118 61788.137  61788.1379
 61788.3245 61788.3254 61796.125  61796.1254 61796.1431 61796.1435
 61803.2548 61820.0672 61820.0676 61820.3509 61820.3514 61854.2078
 61856.093  61858.1334 61861.2422 61862.1021 61868.2063 61876.2044
 61888.1941 61891.2116 60850.0522 61062.2492 61087.2528 61145.1066
 61150.0919 61152.0747 60801.1263 61016.3188 61042.3342 61068.0916
 61068.1088 61072.0672 61100.1146 61100.3118 61101.2633 61101.2637
 61128.2082 61132.235  61146.9898 61156.0792 61156.0801 61158.1018
 61164.1026 61172.1056 61192.0486 61417.2155 61424.1125 61440.0505
 61440.0528 61447.2211 61448.045  61452.157  61500.0668 61509.1007
 61509.1011 61517.18   61534.9753 61534.9763 61755.3515 61758.3567
 61780.1137 61784.3051 61800.1021 61800.1025 61808.0496 61812.0503
 61836.2172 61839.205  61891.059 ]","['Y' 'Y' 'Y' 'Y' 'Y' 'Y' 'Y' 'Y' 'Y' 'Y' 'Y' 'Y' 'Y' 'Y' 'Y' 'Y' 'Y' 'Y'
 'Y' 'Y' 'Y' 'Y' 'Y' 'Y' 'Y' 'Y' 'Y' 'Y' 'Y' 'Y' 'Y' 'Y' 'Y' 'Y' 'Y' 'Y'
 'Y' 'Y' 'g' 'g' 'g' 'g' 'g' 'g' 'g' 'g' 'g' 'g' 'g' 'g' 'g' 'g' 'g' 'g'
 'g' 'g' 'g' 'g' 'g' 'g' 'g' 'g' 'g' 'g' 'g' 'g' 'g' 'i' 'i' 'i' 'i' 'i'
 'i' 'i' 'i' 'i' 'i' 'i' 'i' 'i' 'i' 'i' 'i' 'i' 'i' 'i' 'i' 'i' 'i' 'i'
 'i' 'i' 'i' 'i' 'i' 'i' 'i' 'i' 'i' 'i' 'i' 'i' 'i' 'i' 'i' 'i' 'i' 'i'
 'i' 'i' 'i' 'i' 'i' 'i' 'i' 'i' 'i' 'i' 'i' 'i' 'i' 'i' 'i' 'i' 'i' 'i'
 'i' 'i' 'i' 'i' 'i' 'i' 'i' 'i' 'i' 'i' 'r' 'r' 'r' 'r' 'r' 'r' 'r' 'r'
 'r' 'r' 'r' 'r' 'r' 'r' 'r' 'r' 'r' 'r' 'r' 'r' 'r' 'r' 'r' 'r' 'r' 'r'
 'r' 'r' 'r' 'r' 'r' 'r' 'r' 'r' 'r' 'r' 'r' 'r' 'r' 'r' 'r' 'r' 'r' 'r'
 'r' 'r' 'r' 'r' 'r' 'r' 'r' 'r' 'r' 'r' 'r' 'r' 'r' 'r' 'r' 'r' 'r' 'r'
 'r' 'r' 'r' 'r' 'r' 'r' 'r' 'r' 'u' 'u' 'u' 'u' 'u' 'u' 'z' 'z' 'z' 'z'
 'z' 'z' 'z' 'z' 'z' 'z' 'z' 'z' 'z' 'z' 'z' 'z' 'z' 'z' 'z' 'z' 'z' 'z'
 'z' 'z' 'z' 'z' 'z' 'z' 'z' 'z' 'z' 'z' 'z' 'z' 'z' 'z' 'z' 'z' 'z' 'z'
 'z' 'z' 'z']","[4096 4096 4096 4096 4096 4096 4096 4096 4096 4096 4096 4096 4096 4096
 4096 4096 4096 4096 4096 4096 4096 4096    0 4096 4096 4096 4096    0
 4096 4096 4096 4096 4096 4096 4096 4096 4096 4096 4096 4096 4096 4096
 4096 4096 4096 4096 4096 4096 4096 4096 4096 4096 4096 4096 4096 4096
 4096 4096 4096 4096 4096 4096 4096 4096 4096 4096 4096 4096 4096 4096
 4096 4096 4096 4096 4096 4096 4096 4096 4096 4096 4096 4096 4096 4096
 4096 4096 4096 4096 4096 4096 4096 4096 4096 4096 4096 4096 4096 4096
 4096 4096 4096 4096    0 4096 4096 4096 4096 4096 4096 4096 4096 4096
 4096 4096 4096 4096 4096 4096 4096 4096 4096 4096 4096 4096 4096 4096
 4096 4096 4096 4096 4096 4096 4096 4096 4096 4096 4096 4096 4096 4096
 4096 4096 4096 4096 4096    0 4096 4096 4096 4096 4096 4096 4096 4096
 4096 4096 4096 4096 4096 4096 4096 4096 4096 4096 4096 4096 4096 4096
 4096 4096 4096 4096 4096 4096 4096 4096 4096 4096    0 4096 4096 4096
 4096 4096 4096 4096 4096 4096 4096 4096 4096 4096 4096 4096 4096 4096
 4096 4096    0 4096 4096 4096 4096 4096 4096 4096 4096    0 4096 4096
 4096 4096 6144 4096 4096 4096 4096 4096 4096 4096 4096 4096 4096 4096
 4096 4096 4096 4096    0 4096 4096 4096 4096    0 4096 4096 4096 4096
 4096 4096 4096 4096    0 4096 4096 4096 4096 4096 4096 4096 4096 4096
 4096 4096 4096]","[-9. -9. -9. -9. -9. -9. -9. -9. -9. -9. -9. -9. -9. -9. -9. -9. -9. -9.
 -9. -9. -9. -9. -9. -9. -9. -9. -9. -9. -9. -9. -9. -9. -9. -9. -9. -9.
 -9. -9. -9. -9. -9. -9. -9. -9. -9. -9. -9. -9. -9. -9. -9. -9. -9. -9.
 -9. -9. -9. -9. -9. -9. -9. -9. -9. -9. -9. -9. -9. -9. -9. -9. -9. -9.
 -9. -9. -9. -9. -9. -9. -9. -9. -9. -9. -9. -9. -9. -9. -9. -9. -9. -9.
 -9. -9. -9. -9. -9. -9. -9. -9. -9. -9. -9. -9. -9. -9. -9. -9. -9. -9.
 -9. -9. -9. -9. -9. -9. -9. -9. -9. -9. -9. -9. -9. -9. -9. -9. -9. -9.
 -9. -9. -9. -9. -9. -9. -9. -9. -9. -9. -9. -9. -9. -9. -9. -9. -9. -9.
 -9. -9. -9. -9. -9. -9. -9. -9. -9. -9. -9. -9. -9. -9. -9. -9. -9. -9.
 -9. -9. -9. -9. -9. -9. -9. -9. -9. -9. -9. -9. -9. -9. -9. -9. -9. -9.
 -9. -9. -9. -9. -9. -9. -9. -9. -9. -9. -9. -9. -9. -9. -9. -9. -9. -9.
 -9. -9. -9. -9. -9. -9. -9. -9. -9. -9. -9. -9. -9. -9. -9. -9. -9. -9.
 -9. -9. -9. -9. -9. -9. -9. -9. -9. -9. -9. -9. -9. -9. -9. -9. -9. -9.
 -9. -9. -9. -9. -9. -9. -9. -9. -9. -9. -9. -9. -9. -9. -9. -9. -9. -9.
 -9. -9. -9.]","[-2.0754224e+03 -4.2462295e+03 -1.5405879e+03 -4.0177317e+03
  1.4121296e+03 -6.1347607e+02 -1.7313971e+03 -2.8868303e+03
  1.8469963e+03 -4.3939624e+02  1.1482289e+03 -7.7636798e+02
  2.8205273e+03 -3.6249944e+03  3.3561841e+03  4.1677788e+03
  1.1908573e+03 -3.9372048e+03 -3.0460181e+03 -5.6731628e+02
 -1.1202863e+03  2.2761646e+03 -2.9129477e+02  6.9902258e+02
  6.6824628e+02 -9.1966803e+02  3.1647139e+03  8.9814194e+01
 -1.3628688e+03 -2.7751924e+03 -7.6531445e+02 -4.1313379e+03
  4.2331113e+03  1.0069697e+03 -2.9828203e+03 -2.9394521e+03
 -4.1556523e+03 -4.1848584e+03 -7.2293599e+03 -3.6593274e+03
 -4.6372368e+03  1.8079102e+03  9.7414258e+03  1.0196936e+04
 -6.4962529e+03 -7.4625674e+03 -2.3356506e+03  1.2494942e+04
  2.6988760e+02 -2.1595337e+03 -1.3854138e+03  1.2473535e+04
  1.2474670e+04 -1.6966450e+03 -4.8632261e+03  6.0999292e+03
  7.1110625e+03  9.4879730e+02  9.3838086e+03 -3.7505330e+03
 -3.8966516e+03  4.4749580e+03  4.3704609e+03 -6.2195825e+03
 -5.6297183e+03 -5.3864487e+03 -5.3882461e+03 -4.9438677e+03
  4.2756987e+03  4.6505283e+03  8.8907129e+03  1.1319971e+04
  3.7367966e+03 -9.1096064e+03  9.7504023e+03  1.0454055e+04
 -9.9209307e+03 -3.6124961e+03 -4.2243955e+03 -2.5239214e+03
 -2.6911118e+03 -2.7966404e+03 -9.7549590e+03 -9.2149160e+03
 -5.9642926e+02 -3.9725659e+03  4.1837974e+03 -3.0258962e+03
 -3.0746328e+03 -3.6953103e+03  1.0366918e+04  1.2145184e+04
 -6.1669150e+03 -3.9115056e+03  6.0512388e+03  3.6683157e+03
  9.4824541e+03 -6.2209961e+03 -4.5073779e+03 -4.6614302e+03
 -6.2310918e+03 -6.8183013e+03  3.7141904e+02 -2.0276659e+03
  6.6868848e+02  1.9302073e+03 -9.3925713e+03 -9.4447471e+03
  1.2039983e+04  5.3313452e+03  8.8630820e+03 -8.9277207e+03
  2.5384062e+03  2.2205457e+03 -4.0843613e+03 -6.3563457e+03
 -7.6747861e+03  1.2434506e+04  7.9422764e+03 -9.3452959e+03
 -9.3651143e+03 -9.0287578e+03 -8.7840596e+03 -8.9753389e+03
 -1.7671497e+03  7.3763433e+03 -9.5350088e+03 -6.7016074e+03
  8.1666553e+03 -9.7386045e+03 -2.7061277e+03  3.1055664e+03
 -9.3683379e+03 -4.7523223e+03  1.6370555e+03 -9.7031670e+03
 -6.2373096e+03 -9.2000107e+03 -9.1086514e+03 -9.0259023e+03
 -8.7251973e+03  1.2285332e+04  5.5132173e+03 -1.2761102e+03
  2.7755142e+03  2.0785109e+02 -5.2903535e+03 -6.7914775e+03
  6.2302603e+03  6.0293228e+03 -7.8871797e+03 -8.6733369e+03
  8.8427344e+03  2.3719153e+03  1.3585300e+04 -6.9280181e+03
  1.3939619e+04 -7.0982183e+03 -8.2112744e+03  1.3428873e+04
  1.0068517e+04 -7.2103022e+03  1.0687852e+03 -7.0935620e+03
 -9.4917627e+03 -9.4366709e+03 -7.8041382e+03 -5.5817065e+03
  1.2809277e+04  6.2846870e+03  5.9950137e+03 -8.4374668e+03
 -8.3540195e+03  9.5068643e+03  1.2681717e+04 -6.3365386e+03
 -4.9182134e+03 -8.8391777e+03  2.2484296e+02 -9.0956299e+03
  5.6669049e+02 -9.1671377e+03 -6.6369580e+03  5.0860796e+03
 -6.2737109e+03 -6.4315718e+03 -4.3223711e+03 -3.5253647e+03
 -2.5254836e+03 -2.7911213e+03 -5.5507988e+03 -5.7076987e+03
 -8.0007622e+03 -8.8508291e+03 -8.8473457e+03 -9.4860703e+03
 -9.5778408e+03  1.3645234e+04 -3.4466084e+01  4.1226650e+03
 -7.7462183e+03  4.3630718e+03  7.7411265e+03  1.3521208e+04
 -1.8970332e+03 -6.7552192e+03 -4.9675864e+03  1.9481941e+02
 -2.6212349e+03 -2.9143328e+03  6.4139131e+03 -5.0380137e+03
 -1.6214451e+03  6.4938662e+03 -4.0062646e+03  2.4895493e+02
 -1.6508926e+03 -2.9133232e+03  6.4461304e+03 -2.6289297e+03
 -2.8051228e+03 -2.8622981e+03  1.6035256e+03 -4.2401201e+03
  5.3601349e+02  1.9738021e+03  1.7504622e+03  6.2149814e+03
  2.3635689e+02  1.6591300e+03  6.7031147e+03  3.8917891e+03
 -8.8732904e+02  1.2928222e+00 -5.1882300e+02  5.9428486e+03
  3.0628235e+03 -1.8336930e+03  8.8781287e+02 -6.0348081e+03
 -6.0042148e+03  6.0279596e+02 -1.7177745e+02 -2.7830621e+02
  5.9616982e+03  1.1464950e+03 -1.8572866e+03 -3.4059082e+02
 -4.6330479e+03 -4.6914604e+03  3.3300334e+03 -4.3022134e+03
 -3.4167815e+03 -3.4374138e+03 -1.7037268e+03]","[ 71.331924  75.15214   65.99967   64.458435  67.79922   62.955334
  73.22223   74.00635   75.92001   69.86682   67.07183   69.24419
  79.26407   63.884846  68.94507   80.88672   81.26183   65.151764
  64.14966   66.32202   68.355354  69.21866   68.154945  66.78179
  65.88649   78.643036  73.2783    66.00156   67.30128   69.51627
  64.38833   63.733234  71.64308   66.31445   65.3816    66.07306
  67.66652   65.92106   47.740944  37.25015   39.936234  37.083027
  65.42013   67.55767   47.246323  53.524776  33.779778  79.38536
  33.201538  36.822556  36.14181   77.69067   77.43193   35.00571
  41.462208  49.48554   53.37962   37.00802   62.928173  39.928524
  40.003002  45.212227  44.930374  45.593037  43.80876   43.63041
  43.760166  52.208992  53.87786   55.157246  67.163414  75.958626
  52.507862  62.858227  70.1361    74.813255  66.54541   50.86452
  51.01316   50.015526  48.876915  49.186146  65.18532   63.632965
  47.804672  52.132324  54.42336   49.661907  49.85943   50.79729
  72.20498   79.50807   56.897606  50.37943   57.547935  53.438793
  69.48145   55.51623   53.32644   54.07331   56.378685  57.099224
  49.207214  49.631767  49.06564   50.10693   64.04423   63.86275
  79.79146   56.562305  67.18236   62.032143  50.628754  50.156166
  50.582764  55.416733  59.18702   80.63168   63.06582   64.8898
  64.566574  62.58381   62.36303   62.939964  49.549435  61.977146
  65.41171   55.950485  64.606255  65.177086  49.42085   51.746017
  64.48663   55.917664  49.960926  68.953636  51.31972   59.379192
  59.43724   58.627758  57.529224  74.87507   49.186943  40.890068
  45.221935  39.18085   48.10286   51.52376   53.68612   52.922997
  54.957275  57.73337   61.699116  41.870003  81.95062   52.062336
  83.910446  52.165485  54.27209   79.25898   66.97309   54.77888
  42.089508  53.896854  62.268696  62.42793   54.62065   47.681675
  78.18835   53.658848  52.310776  55.09048   55.351562  64.87004
  77.34935   49.310513  46.29354   57.590714  39.87776   57.9317
  41.196686  59.21899   50.61351   49.592175  50.86181   50.982407
  43.91324   42.250122  42.827667  43.039967  48.266285  48.539673
  55.066154  58.276867  58.453953  60.911522  60.802467  82.93246
  41.138893  47.488766  55.6687    47.85064   58.042274  81.65695
  44.065445  53.595875  99.05171   78.140396  77.6266    78.02683
 103.28635   77.16      46.600147  59.019295  47.586727  49.32429
  48.98616   51.01374   56.514137  48.272835  49.7438    50.292896
  48.438763  51.316135  46.039856  47.098965  46.87631   58.420918
  45.942913  49.464695  60.612026  51.839897  46.489433  48.689453
  50.59933   55.223484  49.746094  46.164825  45.848236  51.354954
  51.354507  49.088085  46.162987  46.05967   55.52432   46.56228
  47.60127   44.704662  49.4338    48.938572  50.970295  49.746445
  46.934868  46.56594   45.718445]","[1.96 3.02 1.83 1.6  1.87 1.33 2.36 2.25 2.89 2.44 1.77 2.28 2.66 1.57
 1.56 2.52 2.75 1.77 1.65 2.02 2.37 1.93 2.16 1.42 1.39 2.35 2.26 1.81
 1.55 1.79 1.65 1.25 1.69 1.57 1.95 1.97 2.13 1.77 1.66 3.48 1.65 1.78
 3.19 3.41 3.29 3.41 3.17 3.87 2.01 2.13 2.12 1.77 1.75 1.6  1.78 1.97
 1.95 3.27 1.49 2.01 1.99 1.55 1.67 1.67 1.64 1.88 1.88 1.8  1.62 1.57
 2.07 1.87 1.99 1.79 1.55 2.95 2.29 2.37 1.76 2.28 1.76 1.78 1.61 2.14
 1.43 1.96 2.33 1.9  1.93 2.19 1.86 1.63 2.88 1.62 1.53 1.8  1.91 1.68
 2.67 2.77 3.08 2.61 2.28 1.63 2.38 1.69 1.63 1.64 2.57 1.68 1.6  1.28
 1.8  1.79 1.57 1.68 1.47 1.65 1.5  1.92 1.96 1.39 1.42 1.64 1.99 1.51
 1.85 1.69 1.66 1.62 1.67 1.77 1.67 2.62 1.92 2.77 2.8  2.11 2.37 1.68
 1.7  2.08 1.4  1.42 2.95 1.62 1.87 2.3  2.02 1.99 1.74 2.45 1.64 1.65
 2.03 3.13 2.37 1.89 1.48 1.98 1.79 2.96 2.35 2.71 4.53 5.17 1.91 1.45
 1.3  1.82 1.79 1.71 1.72 1.89 1.59 2.47 1.48 2.14 1.66 1.53 1.53 1.47
 1.74 1.51 2.03 1.95 2.23 1.95 1.56 1.58 1.57 1.6  1.71 1.79 1.78 2.01
 1.99 1.58 2.   1.95 2.56 1.87 1.87 2.09 2.56 2.85 3.71 1.93 3.36 3.18
 2.38 3.35 1.85 2.83 1.81 2.82 2.93 2.65 1.65 2.31 2.86 2.9  2.28 2.13
 1.85 1.55 1.57 2.59 1.65 2.6  2.45 2.44 1.82 2.47 3.1  1.68 1.65 2.15
 1.66 1.83 1.82 2.26 2.16 2.14 1.61 1.41 1.84 1.4  1.83 1.59 1.73 1.8
 1.76 1.5  1.83]","[45.22 43.37 43.95 43.8  45.69 45.99 45.74 48.68 42.45 42.08 46.86 47.01
 44.83 44.05 44.34 45.16 46.07 42.95 43.07 42.28 42.3  44.45 44.66 48.03
 48.03 49.03 45.86 45.58 46.37 46.69 41.53 44.96 47.97 48.24 41.94 42.22
 42.16 42.62 65.17 41.77 18.14 13.65 13.47 13.46 13.51 13.65 40.77 13.58
 20.54 13.71 13.7  13.54 13.5  13.68 13.65 13.49 13.6  13.53 13.67 13.74
 13.81 13.85 13.77 13.63 13.72 13.84 13.82 43.76 31.52 31.62 30.4  30.44
 46.59 40.49 30.75 40.72 56.42 53.39 46.32 48.44 53.05 53.33 30.32 30.89
 35.73 73.11 32.69 39.96 40.33 46.73 47.95 32.21 57.38 45.78 42.77 31.38
 42.24 30.78 33.12 33.18 30.34 30.12 30.17 33.17 36.72 30.3  35.88 35.94
 38.6  30.28 30.32 36.17 34.29 33.11 45.6  32.43 31.56 30.51 47.75 32.08
 31.73 30.36 30.57 30.24 43.04 39.54 64.08 59.31 30.34 30.51 30.65 51.92
 30.54 36.11 31.53 37.09 23.4  23.2  23.12 21.86 21.73 53.04 43.68 21.67
 21.56 60.22 22.65 21.69 21.68 21.58 21.58 21.57 32.94 37.96 22.32 21.72
 22.95 22.59 49.42 44.84 21.62 23.52 21.46 23.38 23.01 22.96 53.19 21.82
 21.68 21.56 21.57 33.   33.04 21.92 21.55 33.32 22.49 27.93 49.94 31.23
 21.87 21.86 21.73 21.59 22.66 22.57 34.06 33.93 22.51 22.56 22.22 22.3
 21.46 22.42 22.33 26.8  26.73 22.31 21.52 21.67 23.13 21.53 58.75 35.59
 23.58 24.02  3.59  4.52  4.35  4.35  4.43  4.53 48.52 47.62 46.19 48.
 47.01 58.4  48.63 51.78 53.5  54.08 49.3  67.73 41.54 45.72 46.27 50.77
 51.89 45.15 57.87 41.84 50.06 47.4  47.6  40.87 46.5  43.74 41.08 43.31
 43.33 58.48 41.75 41.27 63.99 75.39 54.93 49.25 45.25 44.58 51.85 62.39
 43.54 51.01 42.28]","[0.25 0.25 0.25 0.25 0.25 0.25 0.25 0.25 0.25 0.25 0.25 0.25 0.25 0.25
 0.25 0.25 0.25 0.25 0.25 0.25 0.25 0.25 0.25 0.25 0.25 0.25 0.25 0.25
 0.25 0.25 0.25 0.25 0.25 0.25 0.25 0.25 0.25 0.25 0.25 0.25 0.25 0.25
 0.25 0.25 0.25 0.25 0.25 0.25 0.25 0.25 0.25 0.25 0.25 0.25 0.25 0.25
 0.25 0.25 0.25 0.25 0.25 0.25 0.25 0.25 0.25 0.25 0.25 0.25 0.25 0.25
 0.25 0.25 0.25 0.25 0.25 0.25 0.25 0.25 0.25 0.25 0.25 0.25 0.25 0.25
 0.25 0.25 0.25 0.25 0.25 0.25 0.25 0.25 0.25 0.25 0.25 0.25 0.25 0.25
 0.25 0.25 0.25 0.25 0.25 0.25 0.25 0.25 0.25 0.25 0.25 0.25 0.25 0.25
 0.25 0.25 0.25 0.25 0.25 0.25 0.25 0.25 0.25 0.25 0.25 0.25 0.25 0.25
 0.25 0.25 0.25 0.25 0.25 0.25 0.25 0.25 0.25 0.25 0.25 0.25 0.25 0.25
 0.25 0.25 0.25 0.25 0.25 0.25 0.25 0.25 0.25 0.25 0.25 0.25 0.25 0.25
 0.25 0.25 0.25 0.25 0.25 0.25 0.25 0.25 0.25 0.25 0.25 0.25 0.25 0.25
 0.25 0.25 0.25 0.25 0.25 0.25 0.25 0.25 0.25 0.25 0.25 0.25 0.25 0.25
 0.25 0.25 0.25 0.25 0.25 0.25 0.25 0.25 0.25 0.25 0.25 0.25 0.25 0.25
 0.25 0.25 0.25 0.25 0.25 0.25 0.25 0.25 0.25 0.25 0.25 0.25 0.25 0.25
 0.25 0.25 0.25 0.25 0.25 0.25 0.25 0.25 0.25 0.25 0.25 0.25 0.25 0.25
 0.25 0.25 0.25 0.25 0.25 0.25 0.25 0.25 0.25 0.25 0.25 0.25 0.25 0.25
 0.25 0.25 0.25 0.25 0.25 0.25 0.25 0.25 0.25 0.25 0.25 0.25 0.25 0.25
 0.25 0.25 0.25]","[29.98 30.09 30.09 30.11 30.12 30.12 30.02 30.01 30.08 30.09 30.12 30.12
 30.02 30.12 30.11 30.01 29.97 30.11 30.11 30.11 30.11 30.11 30.11 30.06
 30.08 29.94 30.11 30.12 30.02 30.   30.1  30.09 30.12 30.11 30.11 30.1
 30.1  30.09 31.76 31.7  31.52 31.44 31.42 31.42 31.4  31.15 31.72 31.32
 31.57 31.37 31.37 31.46 31.47 31.45 31.45 31.46 31.47 31.38 31.48 31.34
 31.36 31.37 31.35 31.45 31.43 31.37 31.37 31.35 31.32 31.31 31.31 31.31
 31.36 31.35 31.31 31.26 31.33 31.37 31.36 31.33 31.37 31.36 31.31 31.3
 31.34 31.35 31.31 31.33 31.33 31.35 31.35 31.29 31.35 31.36 31.37 31.29
 31.32 31.31 31.26 31.25 31.3  31.3  31.3  31.28 31.33 31.31 31.34 31.34
 31.27 31.31 31.31 31.35 31.33 31.33 31.35 31.32 31.32 31.31 31.38 31.28
 31.29 31.32 31.32 31.31 31.3  31.35 31.35 31.39 31.31 31.31 31.31 31.34
 31.31 31.18 31.31 31.15 31.39 31.5  31.49 31.49 31.49 31.63 31.63 31.5
 31.46 31.64 31.44 31.47 31.48 31.48 31.49 31.48 31.59 31.6  31.46 31.46
 31.41 31.5  31.64 31.63 31.49 31.37 31.48 31.39 31.4  31.4  31.56 31.49
 31.51 31.49 31.49 31.59 31.59 31.48 31.49 31.58 31.49 31.55 31.59 31.58
 31.5  31.5  31.49 31.5  31.44 31.45 31.58 31.59 31.46 31.45 31.47 31.46
 31.49 31.46 31.46 31.46 31.46 31.47 31.49 31.48 31.41 31.49 31.57 31.49
 31.37 31.34 28.85 29.55 29.46 29.44 29.48 29.48 30.97 31.   31.01 30.96
 30.97 30.96 31.01 30.98 31.   30.99 30.99 30.98 30.99 31.   31.   30.99
 31.   30.96 30.98 30.98 30.97 30.94 30.93 31.   30.96 31.   31.   30.99
 30.99 30.97 30.99 30.99 31.03 31.04 30.95 31.02 30.96 30.97 30.95 30.98
 30.99 31.01 30.99]","[0.005 0.005 0.005 0.005 0.005 0.005 0.005 0.005 0.005 0.005 0.005 0.005
 0.005 0.005 0.005 0.005 0.005 0.005 0.005 0.005 0.005 0.005 0.005 0.005
 0.005 0.005 0.005 0.005 0.005 0.005 0.005 0.005 0.005 0.005 0.005 0.005
 0.005 0.005 0.005 0.005 0.005 0.005 0.005 0.005 0.005 0.005 0.005 0.005
 0.005 0.005 0.005 0.005 0.005 0.005 0.005 0.005 0.005 0.005 0.005 0.005
 0.005 0.005 0.005 0.005 0.005 0.005 0.005 0.005 0.005 0.005 0.005 0.005
 0.005 0.005 0.005 0.005 0.005 0.005 0.005 0.005 0.005 0.005 0.005 0.005
 0.005 0.005 0.005 0.005 0.005 0.005 0.005 0.005 0.005 0.005 0.005 0.005
 0.005 0.005 0.005 0.005 0.005 0.005 0.005 0.005 0.005 0.005 0.005 0.005
 0.005 0.005 0.005 0.005 0.005 0.005 0.005 0.005 0.005 0.005 0.005 0.005
 0.005 0.005 0.005 0.005 0.005 0.005 0.005 0.005 0.005 0.005 0.005 0.005
 0.005 0.005 0.005 0.005 0.005 0.005 0.005 0.005 0.005 0.005 0.005 0.005
 0.005 0.005 0.005 0.005 0.005 0.005 0.005 0.005 0.005 0.005 0.005 0.005
 0.005 0.005 0.005 0.005 0.005 0.005 0.005 0.005 0.005 0.005 0.005 0.005
 0.005 0.005 0.005 0.005 0.005 0.005 0.005 0.005 0.005 0.005 0.005 0.005
 0.005 0.005 0.005 0.005 0.005 0.005 0.005 0.005 0.005 0.005 0.005 0.005
 0.005 0.005 0.005 0.005 0.005 0.005 0.005 0.005 0.005 0.005 0.005 0.005
 0.005 0.005 0.005 0.005 0.005 0.005 0.005 0.005 0.005 0.005 0.005 0.005
 0.005 0.005 0.005 0.005 0.005 0.005 0.005 0.005 0.005 0.005 0.005 0.005
 0.005 0.005 0.005 0.005 0.005 0.005 0.005 0.005 0.005 0.005 0.005 0.005
 0.005 0.005 0.005 0.005 0.005 0.005 0.005 0.005 0.005 0.005 0.005 0.005
 0.005 0.005 0.005]","[1. 1. 1. 1. 1. 1. 1. 1. 1. 1. 1. 1. 1. 1. 1. 1. 1. 1. 1. 1. 1. 1. 1. 1.
 1. 1. 1. 1. 1. 1. 1. 1. 1. 1. 1. 1. 1. 1. 1. 1. 1. 1. 1. 1. 1. 1. 1. 1.
 1. 1. 1. 1. 1. 1. 1. 1. 1. 1. 1. 1. 1. 1. 1. 1. 1. 1. 1. 1. 1. 1. 1. 1.
 1. 1. 1. 1. 1. 1. 1. 1. 1. 1. 1. 1. 1. 1. 1. 1. 1. 1. 1. 1. 1. 1. 1. 1.
 1. 1. 1. 1. 1. 1. 1. 1. 1. 1. 1. 1. 1. 1. 1. 1. 1. 1. 1. 1. 1. 1. 1. 1.
 1. 1. 1. 1. 1. 1. 1. 1. 1. 1. 1. 1. 1. 1. 1. 1. 1. 1. 1. 1. 1. 1. 1. 1.
 1. 1. 1. 1. 1. 1. 1. 1. 1. 1. 1. 1. 1. 1. 1. 1. 1. 1. 1. 1. 1. 1. 1. 1.
 1. 1. 1. 1. 1. 1. 1. 1. 1. 1. 1. 1. 1. 1. 1. 1. 1. 1. 1. 1. 1. 1. 1. 1.
 1. 1. 1. 1. 1. 1. 1. 1. 1. 1. 1. 1. 1. 1. 1. 1. 1. 1. 1. 1. 1. 1. 1. 1.
 1. 1. 1. 1. 1. 1. 1. 1. 1. 1. 1. 1. 1. 1. 1. 1. 1. 1. 1. 1. 1. 1. 1. 1.
 1. 1. 1. 1. 1. 1. 1. 1. 1. 1. 1. 1. 1. 1. 1.]","[16.134958  16.19681   16.117085  16.192076  16.024961  16.087803
 16.120432  16.158598  16.019053  16.084068  16.036366  16.092083
 15.993772  16.181435  15.977243  15.957758  16.037977  16.18953
 16.16225   16.08262   16.102383  16.007317  16.078575  16.050068
 16.051432  16.098     15.981749  16.068068  16.110704  16.148167
 16.096     16.198992  15.954849  16.04125   16.155416  16.159506
 16.199408  16.198553  16.415932  16.28117   16.316317  16.102915
 15.888296  15.876796  16.385159  16.424784  16.234037  15.822099
 16.1489    16.229307  16.203255  15.8223715 15.823183  16.212294
 16.325779  15.982256  15.9552555 16.127914  15.897664  16.284225
 16.28974   16.024633  16.030106  16.374565  16.351877  16.341423
 16.342878  15.457183  15.315153  15.307953  15.250381  15.216706
 15.323408  15.528325  15.237932  15.2277565 15.541447  15.437076
 15.44729   15.418674  15.421432  15.422523  15.539462  15.528926
 15.388766  15.441075  15.315227  15.425783  15.427795  15.438381
 15.229211  15.205312  15.476987  15.442174  15.288756  15.323321
 15.241203  15.479977  15.448711  15.452893  15.479977  15.487366
 15.3759575 15.411159  15.368961  15.349506  15.5349245 15.534023
 15.207584  15.299855  15.249623  15.525274  15.340457  15.344961
 15.442985  15.480522  15.5056    15.200265  15.262476  15.534379
 15.533478  15.526114  15.524584  15.526774  15.40606   15.269021
 15.538015  15.487706  15.260563  15.5393715 15.421159  15.333139
 15.535288  15.455075  15.352689  15.540992  15.741795  15.809197
 15.80847   15.804288  15.797235  15.404085  15.514385  15.640996
 15.563764  15.611277  15.723522  15.753795  15.502013  15.506203
 15.780166  15.796977  15.456298  15.57114   15.383766  15.75535
 15.379197  15.761677  15.785431  15.387408  15.439602  15.765277
 15.59774   15.761677  15.815509  15.814644  15.778966  15.727341
 15.39493   15.501104  15.508657  15.788151  15.789605  15.449098
 15.399085  15.745803  15.715068  15.800841  15.611491  15.805675
 15.604732  15.808834  15.749896  15.523332  15.745621  15.747886
 15.701867  15.687155  15.668696  15.670151  15.729275  15.730474
 15.781047  15.799704  15.800795  15.815808  15.815309  15.379522
 15.617823  15.540103  15.776683  15.536211  15.476914  15.38422
 15.653458  15.753249  17.239992  16.861263  17.043196  17.069378
 16.543203  17.239918  15.812592  15.63922   15.868606  15.768575
 15.812291  15.841522  15.641416  15.835474  15.838424  15.839878
 15.740563  15.873333  15.763159  15.731458  15.735969  15.644143
 15.769774  15.739969  15.633257  15.691932  15.79301   15.777159
 15.784605  15.649772  15.710045  15.817     15.753704  15.918
 15.918     15.761522  15.778874  15.78206   15.650863  15.748424
 15.817     15.78206   15.883151  15.884605  15.703499  15.875151
 15.853423  15.854151  15.814356 ]",145.9146599289273,-55.0738004179251,191,255,5882,6136,2.0358343,0.10179172,-9.0,-9.0,-9.0,-9.0,0.0,0.0,0,0,0,0,-9.0,-9.0,-9.0,-9.0,-999.0,-999.0,-9.0,-9.0,-99.0,-9999.0,-9999.0,-9999.0,-9999.0,-9999.0,-9999.0,-9999.0,-9999.0,-9999.0,0,-9999.0,0,,,,,,,,,,,,999.0,999.0,999.0,999.0,999.0,999.0,999.0,999.0,999.0,999.0,999.0,999.0,0,0,-9.0,-9.0,-9.0,-9.0,-999.0,-999.0,-9.0,-9.0,-9999.0,-9999.0,-9999.0,-9999.0,-9999.0,-9999.0,-9999.0,-9999.0,-9999.0,0,-9999.0,0,999.0,999.0,999.0,999.0,999.0,999.0,999.0,999.0,999.0,999.0,999.0,999.0,,,,,,,,,,,,-999.0,-999.0,-999.0,-999.0,-999.0,-999.0,60794.707,60801.125,60801.125,61891.234,LCLIB,12,91,ZTFDR3VS,85481,24653,1,0,5,0.0,0.0,0.0,2,-0.0,-9,0.0,0.0,145.91465759277344,-55.07379913330078,0.0,60796.0,-9.0,0.0,-9.0,-9.0,17.233894,16.41534,15.80134,15.522787,15.8943405,16.172787,1.0,1.0,1.0,1.0,1.0,1.0,,,,,,,-9,16.875126,16.158575,15.616431,15.378733,15.774932,16.07011,,,,,,,,,,,,,,,,,,,,,,,,,,,,
22568201,"[60804.4044 60808.3383 60808.3602 60808.3612 60861.1237 60861.1462
 60863.1066 60863.1291 60889.0289 60889.0513 60898.0866 60898.1098
 60918.0581 60925.0921 60925.1149 60927.1727 60927.1956 60951.037
 60951.0379 60955.0699 60955.0927 61187.1903 61198.3904 61212.1571
 61214.2651 61241.1702 61241.1932 61272.1026 61273.0467 61273.0695
 61287.0135 61287.0368 61288.0999 61288.1231 61307.0497 61307.073
 61314.0282 61553.3501 61554.401  61634.229  61636.1597 61656.1169
 61667.0951 60849.3748 60853.392  60854.2801 61210.2559 61211.3756
 61231.2414 61232.0981 61236.2185 61497.3615 61497.3628 61525.3323
 61542.3544 61885.3217 61885.3226 60807.3246 60815.4021 60833.3441
 60843.3401 60845.3281 60856.1341 60873.2401 60875.1108 60881.2495
 60884.0175 60884.0787 60887.1402 60900.2308 60908.1593 60912.1358
 60917.0396 60924.1066 60936.1255 60952.0774 60953.0917 60965.0005
 61162.3582 61163.3399 61164.3415 61183.2929 61210.191  61215.2161
 61226.1328 61237.1469 61244.0956 61268.0488 61281.1224 61282.0682
 61293.104  61300.1118 61325.9991 61327.0438 61645.0944 61654.1691
 61886.3541 61886.3546 60817.3924 60833.3199 60842.345  60842.3454
 60854.3047 60856.1102 60873.215  60876.1434 60876.2844 60877.2789
 60878.1396 60878.1401 60887.1153 60910.1447 60936.1004 60953.0675
 61158.4259 61162.3335 61164.3161 61183.2684 61211.4018 61215.1921
 61226.1081 61226.1296 61231.2659 61236.2429 61237.1226 61268.0733
 61281.1467 61282.0437 61300.0868 61525.3576 61542.3286 61620.2475
 61620.2479 61654.1448 61885.346  61885.3469 61886.3297 61886.3301
 60876.1199 60876.3076 60877.2554 60878.1166 60878.117  61620.2249
 61620.2253 60797.4153 60807.3495 60815.4136 60843.3658 60844.1833
 60844.1837 60845.3528 60875.1349 60881.2738 60883.9936 60900.2548
 60912.1603 60917.064  60924.1313 60951.0127 60951.0136 60952.0532
 60965.0121 61163.3649 61198.3662 61198.3676 61210.2149 61212.1333
 61214.2408 61244.1206 61272.0782 61272.1008 61326.0105 61327.0197
 61376.0309 61376.034  61376.0371 61376.0402 61452.3819 61452.385
 61452.3881 61452.3911 61526.426  61553.3256 61554.3761 61554.3905
 61634.2052 61645.119  61656.0925 61667.1192 61744.0251 61744.0282
 61744.0313 61744.0344]","['Y' 'Y' 'Y' 'Y' 'Y' 'Y' 'Y' 'Y' 'Y' 'Y' 'Y' 'Y' 'Y' 'Y' 'Y' 'Y' 'Y' 'Y'
 'Y' 'Y' 'Y' 'Y' 'Y' 'Y' 'Y' 'Y' 'Y' 'Y' 'Y' 'Y' 'Y' 'Y' 'Y' 'Y' 'Y' 'Y'
 'Y' 'Y' 'Y' 'Y' 'Y' 'Y' 'Y' 'g' 'g' 'g' 'g' 'g' 'g' 'g' 'g' 'g' 'g' 'g'
 'g' 'g' 'g' 'i' 'i' 'i' 'i' 'i' 'i' 'i' 'i' 'i' 'i' 'i' 'i' 'i' 'i' 'i'
 'i' 'i' 'i' 'i' 'i' 'i' 'i' 'i' 'i' 'i' 'i' 'i' 'i' 'i' 'i' 'i' 'i' 'i'
 'i' 'i' 'i' 'i' 'i' 'i' 'i' 'i' 'r' 'r' 'r' 'r' 'r' 'r' 'r' 'r' 'r' 'r'
 'r' 'r' 'r' 'r' 'r' 'r' 'r' 'r' 'r' 'r' 'r' 'r' 'r' 'r' 'r' 'r' 'r' 'r'
 'r' 'r' 'r' 'r' 'r' 'r' 'r' 'r' 'r' 'r' 'r' 'r' 'u' 'u' 'u' 'u' 'u' 'u'
 'u' 'z' 'z' 'z' 'z' 'z' 'z' 'z' 'z' 'z' 'z' 'z' 'z' 'z' 'z' 'z' 'z' 'z'
 'z' 'z' 'z' 'z' 'z' 'z' 'z' 'z' 'z' 'z' 'z' 'z' 'z' 'z' 'z' 'z' 'z' 'z'
 'z' 'z' 'z' 'z' 'z' 'z' 'z' 'z' 'z' 'z' 'z' 'z' 'z' 'z']","[   0 4096    0    0    0    0 4096    0    0    0    0    0 4096    0
 4096 4096    0 4096 4096    0    0 4096    0    0 4096 4096    0    0
    0 4096 4096    0    0    0    0    0    0    0    0    0    0 4096
    0 4096 4096 4096 4096 4096 4096    0    0 4096 4096 4096 4096 4096
 4096    0 4096 4096    0    0 4096    0 4096 4096 4096    0 4096    0
 4096 4096    0 4096    0 4096 4096 4096 4096 4096 4096 4096 4096    0
 4096    0 4096    0 4096    0    0 4096    0 4096 4096    0    0    0
 4096 4096    0 4096 4096 4096 4096 4096 4096 4096 4096 4096    0 4096
 4096    0 4096 4096    0 4096 4096 4096 4096 4096 4096 4096 4096 4096
 4096 4096 4096    0 4096 4096 4096 4096 4096    0 4096 4096 4096    0
 4096 4096 4096 4096 4096    0 6144 4096 4096    0    0 4096 4096    0
    0 4096 4096 4096 4096 4096 4096    0    0 4096 4096 4096 4096 4096
 4096    0 4096    0    0 4096 4096 4096 4096    0    0    0    0    0
    0 4096 4096 4096 4096    0    0    0    0    0    0    0]","[-9. -9. -9. -9. -9. -9. -9. -9. -9. -9. -9. -9. -9. -9. -9. -9. -9. -9.
 -9. -9. -9. -9. -9. -9. -9. -9. -9. -9. -9. -9. -9. -9. -9. -9. -9. -9.
 -9. -9. -9. -9. -9. -9. -9. -9. -9. -9. -9. -9. -9. -9. -9. -9. -9. -9.
 -9. -9. -9. -9. -9. -9. -9. -9. -9. -9. -9. -9. -9. -9. -9. -9. -9. -9.
 -9. -9. -9. -9. -9. -9. -9. -9. -9. -9. -9. -9. -9. -9. -9. -9. -9. -9.
 -9. -9. -9. -9. -9. -9. -9. -9. -9. -9. -9. -9. -9. -9. -9. -9. -9. -9.
 -9. -9. -9. -9. -9. -9. -9. -9. -9. -9. -9. -9. -9. -9. -9. -9. -9. -9.
 -9. -9. -9. -9. -9. -9. -9. -9. -9. -9. -9. -9. -9. -9. -9. -9. -9. -9.
 -9. -9. -9. -9. -9. -9. -9. -9. -9. -9. -9. -9. -9. -9. -9. -9. -9. -9.
 -9. -9. -9. -9. -9. -9. -9. -9. -9. -9. -9. -9. -9. -9. -9. -9. -9. -9.
 -9. -9. -9. -9. -9. -9. -9. -9. -9. -9. -9. -9. -9. -9.]","[ -15.353017   439.53177    154.01256    117.092476   135.15901
  -13.381912   275.67203    -61.638416   274.71677    -48.268703
  -13.900351   152.46489    519.8993     165.45493    415.27628
  477.368       87.227715   241.94685    271.26584    148.39613
  230.33142    402.69806    241.33102      4.169824   370.93756
  358.01315     14.538432   -45.892075   107.586586   251.3277
  450.62778    164.92647    315.82312     18.393839   143.12282
   16.413376    67.9457       4.6970377   30.50936     33.752575
  -89.5347     439.26596    193.45099    175.70813    149.36588
  397.83       531.16077    -87.90093    -73.21059    -50.168835
  -80.1752     334.72568    282.70917    648.93604    469.8728
  555.13696    523.94824    117.60812    384.54852    430.0736
  -57.12067    -45.078926   269.54263    -23.116156   232.4388
  661.62714    444.8345     121.91056    119.677574   -60.610973
  606.83844    227.92393     -9.242811   549.7635      89.463326
  164.64433    626.39453    282.26483    457.64383    580.4946
  663.10046    403.26758    613.467      -95.8285     402.6565
  -77.52307    441.15698    -62.433598   383.8403     -13.661521
  -36.836185   444.59756    -10.169471   453.94867    405.11456
  -36.255814    -3.1180336  -40.49641    864.91907    593.5264
 -142.52441   -152.67955   -142.74474    991.50006    857.31665
  404.90082    535.94684    644.4043     270.33447    240.8266
   87.84291    634.8966      92.40118     43.310356  1048.7563
  486.63174    -79.24205    653.6418    1190.8461     722.09216
 -129.9777     559.2508    1158.9229     718.1112     711.6425
 1059.2982    -157.37848    891.121     -126.32292   -110.76613
  546.93274    848.7085     760.5736     462.82535    -85.15403
 -109.94791    345.63104    348.04877   1202.2454    -273.84396
 1143.3687    1302.3903    1285.3397     905.6285     992.51025
  -20.945513   658.2783     153.49765    662.8643      55.901695
    7.9624434  402.81808    536.83295    123.95789    -96.06046
  671.4206     519.01917    788.83356    315.98007    360.1815
  305.19574     16.881794     7.4927263  215.22034    548.25476
  599.85425    256.5556     394.57986    398.9212     -21.514418
  499.0254     -31.328852   -21.01342    264.0891     483.96136
  537.9936     430.34537    219.26178   -129.14781    -94.34192
  -89.752556  -104.34184    -51.341846   353.9178     782.8429
  445.99033    435.4183     -24.46993    -50.61068    -27.94846
 -100.43165    -77.93459     77.453125   146.09485  ]","[42.133213  44.127136  38.58797   39.8358    44.73218   41.506817
 49.026424  40.471214  55.445362  48.0545    46.7311    46.153656
 49.560352  40.927303  40.1435    52.79812   57.02781   39.920788
 38.568024  45.801056  43.318317  50.267952  40.997402  45.14737
 42.261925  49.60876   56.529972  37.89703   41.737167  43.91733
 38.532566  39.649105  38.278847  41.096745  39.46113   46.357014
 39.588615  42.087433  44.309612  51.776115  49.193367  41.831673
 40.88891   16.517319  16.78683   15.8014765 16.561138  15.973461
 15.947642  15.867785  15.4695635 15.705708  15.525601  16.528265
 15.316166  16.393545  16.486477  20.402283  20.029882  20.375076
 19.946829  20.166302  20.037527  19.472523  20.118309  21.116318
 22.616543  20.409029  20.076122  22.509655  21.1647    20.225676
 20.60693   21.539421  22.949871  21.360653  21.856926  19.815268
 21.084602  21.543396  21.593348  20.441746  21.072319  19.775398
 20.38735   22.91365   24.398222  19.65345   20.105515  20.24332
 19.515709  21.117065  20.075792  21.077187  19.744795  19.855291
 19.903015  19.894775  22.546736  22.07294   21.194822  21.395254
 21.78922   23.329208  22.338823  22.689528  23.23793   23.688057
 22.45007   22.435205  21.749147  22.840822  23.357784  24.284496
 23.15334   22.672283  23.59073   22.869696  24.598387  22.217728
 22.321985  22.540041  24.501177  23.342175  24.456255  23.238083
 21.618126  22.422764  21.654964  22.6381    21.967062  26.524817
 27.243855  22.3355    21.764208  21.849155  22.487474  22.599373
 61.463955  60.791542  60.083668  61.71604   62.0302    61.194115
 62.26932   26.606987  27.192614  26.986729  28.276583  27.57986
 27.532822  28.59226   27.536043  29.585323  29.83277   33.277035
 28.235725  27.955597  28.495747  27.463154  27.541143  27.034843
 33.246548  29.036665  28.434324  28.8186    27.164537  28.822231
 27.060507  34.33467   27.574066  27.75736   30.60229   32.14083
 52.29994   50.17666   50.835083  50.599297  58.434612  59.604145
 65.05512   71.631615  27.677237  32.5088    28.635748  28.820059
 32.0339    26.584976  26.883368  28.921072  80.31857   64.83366
 55.243282  54.931133 ]","[2.13 1.99 1.51 1.64 2.16 1.93 2.37 1.71 3.04 2.53 2.44 2.37 2.8  1.72
 1.56 2.57 2.74 1.64 1.51 2.05 1.72 2.35 1.78 2.23 2.1  2.88 3.57 1.62
 1.98 2.24 1.6  1.84 1.63 1.95 1.63 2.26 1.8  2.11 2.23 2.12 2.59 1.88
 1.84 2.59 2.49 1.57 2.72 2.37 3.18 2.16 2.21 1.68 1.62 2.8  1.83 1.66
 1.67 1.42 1.57 1.85 1.71 1.98 1.52 1.5  1.79 2.06 2.76 2.03 1.92 2.73
 2.21 1.93 2.28 1.6  3.41 1.84 1.78 1.49 1.55 1.68 1.66 1.94 2.08 1.75
 1.65 3.74 3.49 1.61 1.29 1.75 1.44 2.17 1.91 2.18 1.28 1.59 1.81 1.82
 1.37 1.83 1.38 1.48 1.59 1.37 1.56 2.45 2.55 3.02 2.25 2.27 1.72 2.03
 3.41 2.55 2.29 1.5  2.02 2.   2.51 1.65 2.22 2.07 3.27 2.69 4.16 1.74
 1.33 1.72 1.84 2.99 1.82 5.79 6.31 1.54 1.42 1.43 1.88 1.9  3.41 2.84
 2.37 3.32 3.35 3.36 3.42 1.54 1.24 1.54 1.72 1.81 1.81 2.03 1.69 2.41
 2.15 2.94 1.93 1.77 1.64 1.54 1.59 1.42 3.56 1.93 1.94 2.   1.65 1.99
 1.57 3.69 1.72 1.99 2.89 3.23 2.3  2.2  2.37 2.46 3.23 3.18 3.19 2.91
 1.52 3.31 1.98 2.18 1.94 1.48 1.59 2.13 2.78 2.55 2.4  2.51]","[40.1  47.48 46.97 47.29 42.69 42.12 45.39 44.85 42.78 42.09 43.65 43.62
 40.79 47.33 47.9  45.41 46.42 44.75 44.69 46.47 47.54 44.66 42.79 41.82
 39.98 39.96 39.94 40.8  41.9  41.62 40.44 40.1  40.27 40.63 44.82 45.19
 40.49 40.95 41.34 55.46 43.96 42.59 41.92 15.31 15.31 15.52 15.13 15.19
 15.3  15.35 15.28 20.95 20.78 25.31 23.54 15.54 15.14 63.46 38.27 30.93
 40.9  34.   32.36 35.4  31.64 31.77 34.08 31.83 31.97 41.66 31.18 30.85
 33.8  63.43 32.31 53.89 53.79 37.01 61.23 59.83 59.95 30.84 31.62 37.85
 40.61 31.02 39.77 31.35 57.08 46.52 31.37 34.63 35.1  33.1  30.8  33.37
 31.31 31.44 26.35 33.98 51.23 50.55 23.51 24.29 29.93 23.13 23.73 23.67
 23.12 23.15 26.37 22.75 23.21 58.78 33.03 75.04 70.19 22.93 24.04 37.03
 32.49 36.29 23.22 23.1  23.24 22.69 68.55 45.42 28.73 30.14 35.99 23.37
 23.36 25.79 23.62 23.24 23.33 23.49  4.65  4.51  4.72  4.66  4.64  4.62
  4.57 41.67 57.61 44.92 46.85 43.65 43.53 43.54 41.26 43.18 47.71 48.7
 41.63 41.98 59.71 52.06 51.64 52.76 42.5  55.54 45.5  45.48 41.31 44.97
 41.98 44.82 43.08 43.03 41.87 42.36 50.03 46.86 44.4  42.06 44.13 46.87
 54.18 69.62 60.56 43.13 42.55 42.96 73.94 41.11 45.89 47.43 84.65 68.2
 54.9  51.16]","[0.25 0.25 0.25 0.25 0.25 0.25 0.25 0.25 0.25 0.25 0.25 0.25 0.25 0.25
 0.25 0.25 0.25 0.25 0.25 0.25 0.25 0.25 0.25 0.25 0.25 0.25 0.25 0.25
 0.25 0.25 0.25 0.25 0.25 0.25 0.25 0.25 0.25 0.25 0.25 0.25 0.25 0.25
 0.25 0.25 0.25 0.25 0.25 0.25 0.25 0.25 0.25 0.25 0.25 0.25 0.25 0.25
 0.25 0.25 0.25 0.25 0.25 0.25 0.25 0.25 0.25 0.25 0.25 0.25 0.25 0.25
 0.25 0.25 0.25 0.25 0.25 0.25 0.25 0.25 0.25 0.25 0.25 0.25 0.25 0.25
 0.25 0.25 0.25 0.25 0.25 0.25 0.25 0.25 0.25 0.25 0.25 0.25 0.25 0.25
 0.25 0.25 0.25 0.25 0.25 0.25 0.25 0.25 0.25 0.25 0.25 0.25 0.25 0.25
 0.25 0.25 0.25 0.25 0.25 0.25 0.25 0.25 0.25 0.25 0.25 0.25 0.25 0.25
 0.25 0.25 0.25 0.25 0.25 0.25 0.25 0.25 0.25 0.25 0.25 0.25 0.25 0.25
 0.25 0.25 0.25 0.25 0.25 0.25 0.25 0.25 0.25 0.25 0.25 0.25 0.25 0.25
 0.25 0.25 0.25 0.25 0.25 0.25 0.25 0.25 0.25 0.25 0.25 0.25 0.25 0.25
 0.25 0.25 0.25 0.25 0.25 0.25 0.25 0.25 0.25 0.25 0.25 0.25 0.25 0.25
 0.25 0.25 0.25 0.25 0.25 0.25 0.25 0.25 0.25 0.25 0.25 0.25]","[30.12 30.14 30.15 30.15 30.09 30.11 30.08 30.11 30.07 30.09 30.13 30.13
 30.12 30.14 30.13 30.05 30.01 30.12 30.13 30.08 30.06 30.03 30.1  30.08
 30.12 30.12 30.12 30.13 30.12 30.13 30.12 30.13 30.13 30.11 30.13 30.11
 30.12 30.13 30.1  30.07 30.11 30.11 30.11 31.45 31.41 31.55 31.52 31.47
 31.52 31.48 31.53 31.57 31.58 31.66 31.68 31.51 31.49 31.41 31.36 31.32
 31.36 31.33 31.31 31.35 31.32 31.31 31.27 31.31 31.33 31.33 31.31 31.32
 31.33 31.4  31.29 31.37 31.36 31.35 31.4  31.4  31.4  31.32 31.31 31.36
 31.35 31.31 31.34 31.32 31.4  31.38 31.32 31.32 31.34 31.31 31.33 31.31
 31.32 31.32 31.56 31.61 31.65 31.64 31.53 31.5  31.59 31.52 31.49 31.49
 31.52 31.52 31.56 31.51 31.49 31.63 31.6  31.67 31.65 31.51 31.46 31.61
 31.55 31.59 31.5  31.51 31.5  31.52 31.66 31.65 31.57 31.57 31.62 31.48
 31.47 31.53 31.53 31.52 31.51 31.5  29.54 29.38 29.55 29.54 29.53 29.51
 29.48 31.01 31.04 31.01 31.   31.   31.   30.99 31.   30.98 30.95 30.98
 30.99 31.01 31.03 31.03 31.03 31.02 30.99 31.03 31.01 31.   31.   30.98
 31.01 31.   31.01 31.01 30.99 30.99 30.14 30.13 30.12 30.11 30.13 30.14
 30.15 30.17 31.04 31.   31.   31.   31.03 31.   31.02 31.   30.17 30.16
 30.15 30.14]","[0.005 0.005 0.005 0.005 0.005 0.005 0.005 0.005 0.005 0.005 0.005 0.005
 0.005 0.005 0.005 0.005 0.005 0.005 0.005 0.005 0.005 0.005 0.005 0.005
 0.005 0.005 0.005 0.005 0.005 0.005 0.005 0.005 0.005 0.005 0.005 0.005
 0.005 0.005 0.005 0.005 0.005 0.005 0.005 0.005 0.005 0.005 0.005 0.005
 0.005 0.005 0.005 0.005 0.005 0.005 0.005 0.005 0.005 0.005 0.005 0.005
 0.005 0.005 0.005 0.005 0.005 0.005 0.005 0.005 0.005 0.005 0.005 0.005
 0.005 0.005 0.005 0.005 0.005 0.005 0.005 0.005 0.005 0.005 0.005 0.005
 0.005 0.005 0.005 0.005 0.005 0.005 0.005 0.005 0.005 0.005 0.005 0.005
 0.005 0.005 0.005 0.005 0.005 0.005 0.005 0.005 0.005 0.005 0.005 0.005
 0.005 0.005 0.005 0.005 0.005 0.005 0.005 0.005 0.005 0.005 0.005 0.005
 0.005 0.005 0.005 0.005 0.005 0.005 0.005 0.005 0.005 0.005 0.005 0.005
 0.005 0.005 0.005 0.005 0.005 0.005 0.005 0.005 0.005 0.005 0.005 0.005
 0.005 0.005 0.005 0.005 0.005 0.005 0.005 0.005 0.005 0.005 0.005 0.005
 0.005 0.005 0.005 0.005 0.005 0.005 0.005 0.005 0.005 0.005 0.005 0.005
 0.005 0.005 0.005 0.005 0.005 0.005 0.005 0.005 0.005 0.005 0.005 0.005
 0.005 0.005 0.005 0.005 0.005 0.005 0.005 0.005 0.005 0.005 0.005 0.005
 0.005 0.005]","[1. 1. 1. 1. 1. 1. 1. 1. 1. 1. 1. 1. 1. 1. 1. 1. 1. 1. 1. 1. 1. 1. 1. 1.
 1. 1. 1. 1. 1. 1. 1. 1. 1. 1. 1. 1. 1. 1. 1. 1. 1. 1. 1. 1. 1. 1. 1. 1.
 1. 1. 1. 1. 1. 1. 1. 1. 1. 1. 1. 1. 1. 1. 1. 1. 1. 1. 1. 1. 1. 1. 1. 1.
 1. 1. 1. 1. 1. 1. 1. 1. 1. 1. 1. 1. 1. 1. 1. 1. 1. 1. 1. 1. 1. 1. 1. 1.
 1. 1. 1. 1. 1. 1. 1. 1. 1. 1. 1. 1. 1. 1. 1. 1. 1. 1. 1. 1. 1. 1. 1. 1.
 1. 1. 1. 1. 1. 1. 1. 1. 1. 1. 1. 1. 1. 1. 1. 1. 1. 1. 1. 1. 1. 1. 1. 1.
 1. 1. 1. 1. 1. 1. 1. 1. 1. 1. 1. 1. 1. 1. 1. 1. 1. 1. 1. 1. 1. 1. 1. 1.
 1. 1. 1. 1. 1. 1. 1. 1. 1. 1. 1. 1. 1. 1. 1. 1. 1. 1. 1. 1. 1. 1. 1. 1.
 1. 1.]","[17.47887  17.434893 17.46413  17.46594  17.472929 17.483    17.455
 17.484    17.461609 17.484    17.483    17.465725 17.434    17.472225
 17.44844  17.433058 17.469774 17.455    17.455    17.465559 17.453108
 17.44356  17.457108 17.484    17.455    17.443775 17.478    17.484
 17.471785 17.448774 17.44145  17.461441 17.455    17.484    17.473608
 17.482    17.47513  17.484    17.477108 17.484    17.482    17.434559
 17.455    17.84755  17.845451 17.808859 17.79581  17.884071 17.88227
 17.87545  17.886442 17.823824 17.83059  17.779882 17.799883 17.788858
 17.791883 17.394117 17.36393  17.363129 17.409    17.408    17.374859
 17.408941 17.383541 17.339441 17.362541 17.39307  17.39327  17.409
 17.345392 17.380941 17.403559 17.350117 17.393871 17.385784 17.340929
 17.380459 17.36213  17.345726 17.34     17.364    17.342058 17.409275
 17.365118 17.40956  17.361774 17.409    17.364775 17.407    17.407
 17.357342 17.407774 17.36213  17.36253  17.408    17.40667  17.405725
 16.907883 16.926176 16.975    16.975    16.976    16.900452 16.911129
 16.939217 16.933216 16.92394  16.94855  16.950258 16.960274 16.926176
 16.959442 16.963541 16.898785 16.932785 16.967941 16.92414  16.889393
 16.918442 16.975441 16.92954  16.891117 16.917141 16.921215 16.900784
 16.976    16.908129 16.976    16.971107 16.930342 16.915882 16.916609
 16.93455  16.972275 16.973774 16.941858 16.943216 17.45354  17.60756
 17.468784 17.445452 17.444117 17.485569 17.482681 17.001    16.954659
 16.987442 16.952118 16.995    16.995    16.97274  16.96173  16.987774
 17.001    16.95145  16.963274 16.943    16.97594  16.974941 16.97274
 16.996529 16.99744  16.98086  16.961117 16.957117 16.981607 16.970882
 16.970392 17.       16.964607 16.99994  16.998892 16.97574  16.965
 16.967442 16.974882 16.982883 17.001    17.001    17.       16.998
 16.999    16.975775 16.944609 16.968275 16.967442 17.       17.
 17.       16.99906  16.996471 16.991892 16.984783]",292.6180219286367,-43.64905643646281,191,194,44733,44926,0.07307684,0.0036538418,-9.0,-9.0,-9.0,-9.0,0.0,0.0,0,0,0,0,-9.0,-9.0,-9.0,-9.0,-999.0,-999.0,-9.0,-9.0,-99.0,-9999.0,-9999.0,-9999.0,-9999.0,-9999.0,-9999.0,-9999.0,-9999.0,-9999.0,0,-9999.0,0,,,,,,,,,,,,999.0,999.0,999.0,999.0,999.0,999.0,999.0,999.0,999.0,999.0,999.0,999.0,0,0,-9.0,-9.0,-9.0,-9.0,-999.0,-999.0,-9.0,-9.0,-9999.0,-9999.0,-9999.0,-9999.0,-9999.0,-9999.0,-9999.0,-9999.0,-9999.0,0,-9999.0,0,999.0,999.0,999.0,999.0,999.0,999.0,999.0,999.0,999.0,999.0,999.0,999.0,,,,,,,,,,,,-999.0,-999.0,-999.0,-999.0,-999.0,-999.0,60793.758,60807.348,60807.348,61886.332,LCLIB,12,91,ZTFDR3VS,64605,46699,1,0,5,0.0,0.0,0.0,2,-0.0,-9,0.0,0.0,292.6180114746094,-43.64905548095703,0.0,60796.0,-9.0,0.0,-9.0,-9.0,17.579481,17.86761,16.96474,17.40287,16.99687,17.482,1.0,1.0,1.0,1.0,1.0,1.0,,,,,,,-9,17.58457,17.870924,16.965971,17.403738,16.997246,17.481747,,,,,,,,,,,,,,,,,,,,,,,,,,,,
36049081,"[60801.2019 60801.225  60808.3146 60864.0972 60864.1197 61075.3718
 61075.3752 61100.2242 61100.2408 61100.2481 61102.1616 61102.1763
 61102.1846 61102.1994 61104.3566 61128.2399 61130.1109 61157.1092
 61157.1124 61157.132  61157.1352 61161.2227 61186.0656 61186.0883
 61452.2101 61455.1876 61455.2106 61457.3178 61457.3408 61483.1136
 61483.1365 61509.1194 61509.1199 61515.1225 61515.1454 61517.1957
 61782.2503 61782.2729 61839.2336 61841.2393 61841.2623 60796.0442
 60796.2613 60797.0336 60800.0476 61089.2634 61096.3087 61109.0714
 61109.0718 61112.0446 61112.1251 61116.017  61417.2351 61432.2996
 61436.0904 61436.3478 61444.0827 61444.2358 61464.0794 61470.2027
 61476.1194 61508.1875 61524.1495 61550.0239 61550.0366 61778.2942
 61778.3037 61788.1142 61796.1108 61798.3059 61820.0525 61828.0411
 61857.2308 60802.9608 60803.1326 60804.1864 60857.9878 61047.3119
 61063.3109 61063.3118 61066.329  61066.3353 61083.3664 61088.1161
 61088.3471 61100.0771 61100.0825 61100.2744 61100.2799 61101.2258
 61107.3553 61120.0424 61120.2378 61126.0909 61127.1758 61128.0275
 61132.2172 61132.2177 61143.1757 61146.9744 61158.0725 61158.0835
 61164.0834 61171.1509 61172.0879 61192.2167 61212.0266 61215.0372
 61413.2725 61413.2766 61442.3549 61448.074  61456.1838 61460.3339
 61460.3458 61474.1342 61474.1415 61481.1433 61481.1465 61484.0218
 61485.1887 61493.2413 61500.0438 61511.1884 61540.0396 61540.04
 61556.0902 61556.0984 61560.0926 61560.094  61762.3466 61775.3253
 61784.2956 61785.3238 61799.3462 61800.1339 61800.2729 61808.0885
 61808.194  61812.0801 61812.2276 61824.1025 61824.2901 61840.0466
 61840.0661 61854.2141 61868.1904 61876.2166 61888.2136 60800.0233
 60842.9913 60850.0334 60850.0339 60852.0491 61047.2877 61063.2865
 61063.2874 61066.3048 61066.3112 61083.355  61089.2881 61101.2017
 61109.0923 61109.0927 61112.0205 61114.1121 61116.0411 61116.2472
 61121.3735 61126.0668 61127.1516 61143.1515 61150.1082 61152.1023
 61171.1266 61210.9917 61413.2484 61413.2524 61416.3406 61417.259
 61432.3239 61436.0665 61444.0588 61460.3097 61460.3217 61464.1015
 61470.2268 61474.1129 61474.1202 61476.1436 61481.1192 61481.1223
 61484.0461 61484.2425 61524.1736 61550.048  61550.0607 61556.0662
 61556.0743 61557.2086 61560.0686 61560.07   61755.2517 61775.3013
 61778.3181 61788.1316 61788.319  61796.1348 61796.1529 61798.3302
 61820.0765 61820.3603 61828.0649 61828.1724 61854.19   61857.255
 61868.2145 61876.1926 61888.1896 61891.2161 60796.0686 60797.0573
 60850.0564 60850.0568 60852.0258 61121.3495 61150.0846 61152.0794
 60802.9716 60858.0121 61067.3721 61068.3559 61076.3514 61076.3547
 61088.0921 61100.0533 61100.0587 61103.311  61120.0183 61128.2159
 61146.9852 61158.0968 61158.1077 61164.1076 61191.9637 61192.2407
 61212.0506 61418.3678 61425.3725 61429.3658 61442.3663 61448.05
 61452.186  61456.208  61485.2135 61493.2654 61500.0605 61509.0951
 61509.0956 61517.1718 61756.323  61785.3352 61799.3576 61800.1101
 61808.0648 61812.0561 61824.078  61824.098  61839.2096 61840.0228]","['Y' 'Y' 'Y' 'Y' 'Y' 'Y' 'Y' 'Y' 'Y' 'Y' 'Y' 'Y' 'Y' 'Y' 'Y' 'Y' 'Y' 'Y'
 'Y' 'Y' 'Y' 'Y' 'Y' 'Y' 'Y' 'Y' 'Y' 'Y' 'Y' 'Y' 'Y' 'Y' 'Y' 'Y' 'Y' 'Y'
 'Y' 'Y' 'Y' 'Y' 'Y' 'g' 'g' 'g' 'g' 'g' 'g' 'g' 'g' 'g' 'g' 'g' 'g' 'g'
 'g' 'g' 'g' 'g' 'g' 'g' 'g' 'g' 'g' 'g' 'g' 'g' 'g' 'g' 'g' 'g' 'g' 'g'
 'g' 'i' 'i' 'i' 'i' 'i' 'i' 'i' 'i' 'i' 'i' 'i' 'i' 'i' 'i' 'i' 'i' 'i'
 'i' 'i' 'i' 'i' 'i' 'i' 'i' 'i' 'i' 'i' 'i' 'i' 'i' 'i' 'i' 'i' 'i' 'i'
 'i' 'i' 'i' 'i' 'i' 'i' 'i' 'i' 'i' 'i' 'i' 'i' 'i' 'i' 'i' 'i' 'i' 'i'
 'i' 'i' 'i' 'i' 'i' 'i' 'i' 'i' 'i' 'i' 'i' 'i' 'i' 'i' 'i' 'i' 'i' 'i'
 'i' 'i' 'i' 'i' 'i' 'r' 'r' 'r' 'r' 'r' 'r' 'r' 'r' 'r' 'r' 'r' 'r' 'r'
 'r' 'r' 'r' 'r' 'r' 'r' 'r' 'r' 'r' 'r' 'r' 'r' 'r' 'r' 'r' 'r' 'r' 'r'
 'r' 'r' 'r' 'r' 'r' 'r' 'r' 'r' 'r' 'r' 'r' 'r' 'r' 'r' 'r' 'r' 'r' 'r'
 'r' 'r' 'r' 'r' 'r' 'r' 'r' 'r' 'r' 'r' 'r' 'r' 'r' 'r' 'r' 'r' 'r' 'r'
 'r' 'r' 'r' 'r' 'u' 'u' 'u' 'u' 'u' 'u' 'u' 'u' 'z' 'z' 'z' 'z' 'z' 'z'
 'z' 'z' 'z' 'z' 'z' 'z' 'z' 'z' 'z' 'z' 'z' 'z' 'z' 'z' 'z' 'z' 'z' 'z'
 'z' 'z' 'z' 'z' 'z' 'z' 'z' 'z' 'z' 'z' 'z' 'z' 'z' 'z' 'z' 'z' 'z' 'z']","[4096 4096 4096 4096    0 4096 4096    0 4096 4096    0 4096 4096 4096
 4096 4096 4096 4096 4096    0    0    0 4096 4096 4096 4096 4096 4096
 4096 4096    0 4096 4096 4096 4096 4096 4096 4096    0 4096 4096 6144
 4096 4096    0    0 4096 4096 4096 4096 4096 4096 4096    0 4096 4096
    0 4096 4096 4096 4096 4096 4096 4096 4096 4096 4096 4096 4096    0
 4096    0 4096 4096    0 4096 4096 4096 4096 4096 4096 4096 4096 4096
 4096 4096 4096 4096 4096 4096 4096    0 4096 4096 4096 4096 4096 4096
 4096 4096 4096 4096 4096 4096 4096    0 4096 4096 4096 4096 4096 4096
 4096 4096 4096 4096 4096 4096 4096 4096 4096 4096    0 4096    0    0
 4096 4096    0    0 4096 4096 4096 4096 4096 4096 4096 4096 4096    0
 4096 4096 4096 4096 4096 4096 4096 4096 4096 4096 4096 4096 4096 4096
    0 4096 4096 4096 4096 4096 4096 4096 4096 4096 4096 4096 4096 4096
 4096 4096 4096 4096 4096 4096 4096    0 4096 4096 4096    0 4096 4096
 4096 4096 4096 4096 4096 4096 4096    0 4096 4096 4096 4096 4096 4096
 4096 4096 4096 4096 4096 4096 4096 4096 4096 4096 4096 4096 4096 4096
 4096 4096 4096 4096 4096 4096 4096 4096 4096 4096    0    0    0    0
    0    0    0    0 4096 4096 4096 4096 4096 4096 4096 4096 4096 4096
 4096 4096 4096 4096 4096 4096 4096 4096 4096 4096 4096 4096 4096 4096
 4096 4096 4096 4096 4096    0    0 4096 4096 4096    0 4096 4096 4096
    0 4096 4096 4096]","[-9. -9. -9. -9. -9. -9. -9. -9. -9. -9. -9. -9. -9. -9. -9. -9. -9. -9.
 -9. -9. -9. -9. -9. -9. -9. -9. -9. -9. -9. -9. -9. -9. -9. -9. -9. -9.
 -9. -9. -9. -9. -9. -9. -9. -9. -9. -9. -9. -9. -9. -9. -9. -9. -9. -9.
 -9. -9. -9. -9. -9. -9. -9. -9. -9. -9. -9. -9. -9. -9. -9. -9. -9. -9.
 -9. -9. -9. -9. -9. -9. -9. -9. -9. -9. -9. -9. -9. -9. -9. -9. -9. -9.
 -9. -9. -9. -9. -9. -9. -9. -9. -9. -9. -9. -9. -9. -9. -9. -9. -9. -9.
 -9. -9. -9. -9. -9. -9. -9. -9. -9. -9. -9. -9. -9. -9. -9. -9. -9. -9.
 -9. -9. -9. -9. -9. -9. -9. -9. -9. -9. -9. -9. -9. -9. -9. -9. -9. -9.
 -9. -9. -9. -9. -9. -9. -9. -9. -9. -9. -9. -9. -9. -9. -9. -9. -9. -9.
 -9. -9. -9. -9. -9. -9. -9. -9. -9. -9. -9. -9. -9. -9. -9. -9. -9. -9.
 -9. -9. -9. -9. -9. -9. -9. -9. -9. -9. -9. -9. -9. -9. -9. -9. -9. -9.
 -9. -9. -9. -9. -9. -9. -9. -9. -9. -9. -9. -9. -9. -9. -9. -9. -9. -9.
 -9. -9. -9. -9. -9. -9. -9. -9. -9. -9. -9. -9. -9. -9. -9. -9. -9. -9.
 -9. -9. -9. -9. -9. -9. -9. -9. -9. -9. -9. -9. -9. -9. -9. -9. -9. -9.
 -9. -9. -9. -9. -9. -9. -9. -9. -9. -9. -9. -9. -9. -9. -9. -9. -9. -9.]","[-1224.4856     1216.314     -1337.003       853.3466     -314.74997
  1268.3074     1091.8468       -3.3976517  -494.98947    -836.71967
  -108.866104   1924.182      1732.3513      615.79266   -1345.5306
 -1220.6531    -1447.6705     1343.1143      898.60803    -317.30542
  -350.72064    -366.7239     -796.40356   -1496.28       2031.0017
 -1371.0052    -1099.4268     -889.55194    2077.549      1846.411
   186.75366    1770.3995     1641.339     -1428.2244    -1175.1565
  -343.0207    -1241.1001    -1284.8057      107.25051    -759.85486
 -1484.0533     -147.66068     -85.67563     222.72063     -36.71621
     3.8985844  -180.41158     143.07115     156.0185     -184.4436
   -66.60302    -172.4071      232.923       -12.368442   -143.07404
   188.9151      -38.20739    -172.45813     -96.22956     -53.713615
   238.20543     199.38582     205.97806      32.08896     233.77925
  -187.60379    -180.78084     -68.95457    -114.793106     14.837084
  -146.30876       3.365321   -192.67496    -205.25333    -110.1071
  -158.44757    -399.8035     -301.39633    -471.42902    -477.91528
  -493.97974    -539.1418     -476.72272    -239.8345     -212.37955
   681.3232      628.3977     -457.59808    -403.28223    -120.34522
  -250.0424      104.423744    179.79706     487.7313     -223.24373
  -434.7164     -512.0914     -518.3821     -531.2809      175.80977
  -184.11156    -335.74393     400.2983     -476.89328    -507.64905
    99.593895    498.40305     365.0254      608.4575      496.27744
  -348.9564     -438.55862     549.08057    -471.9663     -323.10864
   668.6929      535.3244      357.1345      279.55615    -153.94307
  -143.74646     163.24931      51.41567    -210.06288     -20.406906
    10.165978    237.1791      603.18536      28.324953    -13.697896
  -148.87761     361.99573     574.40247     127.06954     307.80734
   252.14058     493.25073     408.3902      662.766      -183.36067
  -515.70447    -316.68643     528.17615     119.932434   -205.5153
  -440.6579     -517.07275    -241.49796     -99.96175    -532.1267
   366.6612     -497.1814     -470.15836    -201.06691     -13.27122
  -376.79782    -363.97775    -193.47473    -266.01288    -511.01602
  -356.3912     -519.40576    -133.33105    -129.7948     -301.07007
  -220.32265     227.445      -495.39166    -530.8161      127.19083
   179.63382    -278.42322     599.348       239.7884     -177.80011
    72.51005     -66.37425     133.09767    -226.72118      -6.819099
  -342.47665    -502.87646     546.20056    -359.22995    -515.632
   636.25305    -477.5995      -93.0919      243.65845     -22.380255
   409.8067      554.8083      700.9543     -416.0956      227.74239
   539.4997      205.43906    -474.08704    -339.7636     -439.25473
   682.022       665.71594     624.6137      433.47406    -257.87933
   631.4262     -515.7897     -537.6944     -355.71182    -348.31805
   473.8221     -220.50648    -365.76624    -240.77542    -435.9944
  -289.47833    -272.10388     117.09083     502.21002     631.059
   -39.063583     23.588179    -34.586044    -29.843946    -33.61316
    12.34008      11.588331     54.836525   1000.6825     1987.91
 -1363.5137     1534.5186    -1397.7107    -1608.7552      479.7469
 -1101.5918     -669.13727   -1455.8403     2431.6086     -434.71573
  -245.94801   -1776.3234    -1549.3657     1312.5134     2298.913
  -669.8612     -353.66522   -1293.2926     -650.33923    1865.4493
 -1733.1454     -390.5657    -1092.923      -197.63095    2268.3076
  1670.1464     -543.2834     -117.950935     -3.1234298  1408.5841
   846.6008     2340.755        10.404357  -1552.7363     1224.9515
  1017.6272      -66.52079    -865.9017     2375.03       2443.006    ]","[53.205753  57.205555  98.972916  91.1146    89.05109   57.647495
 56.9823    51.488445  50.140427  48.955116  55.067116  57.99441
 54.85923   54.998665  54.09811   57.686993  51.659103  66.43971
 88.8973    62.5989    70.50434   69.94447   61.825634  64.4546
 54.33377   51.355167  53.680912  52.41796   57.037434  68.15597
 57.247772  53.95356   53.19418   51.60808   49.856644  55.50114
 63.539936  57.441288  48.646015  49.23011   53.34163    6.496026
  7.8265147  7.02527    7.95728    6.4235306  6.5957246  8.452481
  8.0190935  8.235602   6.6455245  7.1372776  7.935832  10.616874
 10.303434   7.8383017  9.264928   6.3430166  6.625538   6.2987013
  7.4282694  7.1931643 11.835086   7.758186   9.421627   6.0367556
  6.2275186  8.522088   8.019815   6.625875   7.6134152  7.9535317
  6.1633854 15.110229  15.8219    16.458666  14.867502  14.032783
 13.426511  13.288348  15.370996  14.215197  13.911765  14.585131
 14.977392  18.562517  17.989721  17.164862  17.821259  14.995491
 15.746262  15.443394  14.356979  14.993774  13.784081  14.911803
 18.611485  18.748272  13.812767  16.276365  16.5337    15.208527
 16.403612  14.216732  13.59106   26.654135  17.711132  16.628864
 15.930348  16.28612   13.540246  15.582956  17.49324   15.178756
 15.156534  15.362187  14.865503  14.830328  14.763863  19.577425
 16.031685  16.372028  14.349811  14.708874  14.463745  14.516453
 15.859627  17.06952   16.338148  16.320005  14.379436  14.873379
 16.027573  14.492516  14.570768  16.58523   15.257922  17.737597
 17.101767  19.87123   15.154421  14.746026  14.60723   18.04942
 16.044573  13.611059  15.599176  14.359736  15.537239  11.962448
 12.186566  12.63971   12.731985  12.091426  11.846878  11.120335
 11.247593  12.277684  12.257836  11.596244  11.217495  13.616706
 12.198148  12.036607  13.769262  11.224714  12.915013  11.704351
 13.500857  12.358304  13.083676  11.446328  12.889246  12.981202
 11.443477  11.925839  12.511982  12.434287  11.437849  12.346634
 12.697266  14.545021  16.902807  14.496012  13.091611  12.963901
 11.343671  11.444336  11.939319  11.719317  12.563993  13.015943
 15.305237  13.922835  12.971148  13.699306  18.273144  12.445762
 11.617689  14.44225   14.857184  14.516128  15.311719  12.461813
 11.15061   14.322327  13.250252  12.211421  14.779376  11.611
 13.6824665 11.542652  11.944921  11.155719  11.031063  12.544419
 13.664406  11.9191265 13.105414  13.552305  10.602194  10.079151
 15.074425  15.148372  11.496963  27.189278  10.446685  15.222217
 31.82906   35.51246   30.739136  34.227737  31.892498  33.14559
 34.75757   33.809753  32.021492  33.95106   37.239468  32.07775
 32.251133  33.212463  33.74468   32.97795   35.612015  49.739876
 31.838316  32.24851   31.586842  33.425503  29.825888  33.95001
 30.914793  32.482944  33.508125  36.971985  29.932194  30.97219
 30.891594  34.37627   32.23804   33.510303  30.006824  33.600998
 35.42293   37.08902   33.73816   31.340595  33.45322   35.791973 ]","[1.77 1.82 3.06 3.81 3.42 2.1  2.06 1.77 1.64 1.55 1.99 2.03 1.75 1.96
 1.81 2.46 1.82 3.28 5.12 3.   3.67 2.77 2.85 3.05 1.78 1.77 2.08 1.82
 1.87 3.22 2.43 1.81 1.78 1.77 1.54 1.98 2.62 2.2  1.36 1.46 1.9  2.06
 2.63 1.48 2.3  1.46 2.22 2.98 2.59 3.4  1.93 2.17 2.26 2.59 4.18 2.29
 3.39 1.88 1.61 1.53 1.79 1.66 6.21 3.12 4.16 1.48 1.7  2.45 2.33 1.69
 2.26 2.4  1.71 1.55 2.01 1.87 2.07 1.48 1.56 1.45 2.58 2.03 1.72 1.83
 2.27 2.17 2.09 2.52 2.65 1.6  1.84 2.12 1.73 1.62 1.5  1.73 1.87 1.89
 1.77 2.03 2.23 1.85 1.84 1.86 1.63 2.67 2.91 2.06 2.03 2.35 1.54 1.95
 1.91 1.72 1.66 1.72 1.64 1.72 1.69 2.65 1.84 2.42 1.74 1.79 1.68 1.69
 2.37 2.68 2.67 2.68 1.72 1.8  1.7  1.47 1.73 2.3  1.98 1.95 2.14 1.97
 1.53 1.87 1.51 1.93 1.61 1.64 1.87 1.68 2.31 2.15 1.68 2.92 2.95 2.21
 1.42 1.59 1.65 2.65 2.69 2.03 1.63 1.86 2.26 2.17 3.26 1.49 2.31 2.24
 3.09 1.92 2.24 1.88 1.99 2.83 1.67 1.94 2.42 2.19 1.87 2.32 2.09 3.04
 3.76 2.25 1.82 1.62 1.93 1.53 1.55 1.85 1.84 1.88 1.98 2.15 2.65 3.
 5.91 2.83 2.06 3.3  3.59 3.31 1.87 1.77 1.5  2.2  2.62 1.95 3.81 2.14
 2.31 1.81 1.87 1.42 1.48 2.83 1.9  1.68 2.23 2.2  2.15 1.65 2.96 2.97
 2.18 5.39 1.85 3.12 1.69 2.46 1.81 2.53 2.13 2.46 2.57 2.12 1.81 2.32
 2.54 2.24 2.22 2.48 2.63 1.93 2.07 3.47 2.12 1.81 1.71 1.69 1.47 2.05
 1.96 2.11 1.5  3.06 1.52 1.95 1.91 2.09 1.82 1.52 1.52 2.21 1.85 2.04
 2.31 1.9  1.49 1.64]","[43.98 44.4  52.62 48.53 49.05 46.67 47.54 43.47 43.59 43.44 47.67 47.47
 47.48 47.26 47.43 43.5  44.73 42.87 43.   43.12 43.19 51.74 43.46 43.89
 42.29 44.15 43.76 47.17 47.44 43.08 42.85 42.   41.6  47.72 48.06 47.77
 48.19 47.52 43.94 48.32 48.44 13.9  13.79 15.78 28.27 13.91 13.66 13.73
 13.72 13.68 13.72 14.06 14.14 41.84 13.64 21.83 13.6  13.76 13.91 13.7
 13.72 13.94 13.62 13.58 13.55 14.33 14.44 13.5  13.78 14.06 13.67 13.74
 13.85 53.28 45.2  52.17 35.53 43.   31.18 31.57 31.17 31.36 33.31 33.47
 31.63 49.38 48.49 45.09 45.39 50.7  48.04 32.86 31.26 36.71 38.6  43.71
 73.35 72.62 31.67 42.9  46.35 46.92 51.78 32.37 31.38 71.35 34.77 44.42
 32.89 32.52 31.33 36.26 54.74 49.86 49.95 31.93 31.74 36.52 36.97 49.74
 53.72 37.26 32.07 40.   40.03 40.04 32.21 31.95 32.2  32.22 37.77 31.76
 47.65 44.89 31.3  34.66 31.19 47.46 42.52 67.09 57.93 33.86 31.21 58.1
 57.29 31.16 49.43 38.41 32.96 31.1  21.99 22.38 22.53 22.79 44.71 22.28
 22.43 22.2  22.14 25.21 22.15 57.87 22.73 22.58 23.42 22.46 23.25 21.94
 23.38 33.85 37.1  22.19 22.03 21.99 22.44 25.75 23.45 23.21 22.51 22.84
 42.75 24.31 24.06 54.16 53.4  22.91 21.76 22.65 22.47 22.   33.7  34.24
 52.93 51.58 22.44 21.83 24.82 22.11 22.21 24.15 22.09 22.19 51.9  22.79
 22.63 24.16 35.88 24.2  23.76 22.27 23.51 26.54 23.43 22.26 22.02 22.25
 54.94 34.53 22.63 23.09  4.5   4.73  4.16  4.16  4.33  3.93  4.51  4.51
 50.27 45.88 48.61 42.27 49.73 50.08 47.31 55.64 54.31 57.88 46.41 47.39
 45.93 49.62 49.61 52.59 56.14 72.02 45.48 64.51 62.82 54.14 43.2  51.63
 45.41 53.56 53.41 46.45 43.35 43.98 43.47 58.07 49.26 48.67 42.72 49.71
 57.24 67.58 48.11 46.33 49.83 60.15]","[0.25 0.25 0.25 0.25 0.25 0.25 0.25 0.25 0.25 0.25 0.25 0.25 0.25 0.25
 0.25 0.25 0.25 0.25 0.25 0.25 0.25 0.25 0.25 0.25 0.25 0.25 0.25 0.25
 0.25 0.25 0.25 0.25 0.25 0.25 0.25 0.25 0.25 0.25 0.25 0.25 0.25 0.25
 0.25 0.25 0.25 0.25 0.25 0.25 0.25 0.25 0.25 0.25 0.25 0.25 0.25 0.25
 0.25 0.25 0.25 0.25 0.25 0.25 0.25 0.25 0.25 0.25 0.25 0.25 0.25 0.25
 0.25 0.25 0.25 0.25 0.25 0.25 0.25 0.25 0.25 0.25 0.25 0.25 0.25 0.25
 0.25 0.25 0.25 0.25 0.25 0.25 0.25 0.25 0.25 0.25 0.25 0.25 0.25 0.25
 0.25 0.25 0.25 0.25 0.25 0.25 0.25 0.25 0.25 0.25 0.25 0.25 0.25 0.25
 0.25 0.25 0.25 0.25 0.25 0.25 0.25 0.25 0.25 0.25 0.25 0.25 0.25 0.25
 0.25 0.25 0.25 0.25 0.25 0.25 0.25 0.25 0.25 0.25 0.25 0.25 0.25 0.25
 0.25 0.25 0.25 0.25 0.25 0.25 0.25 0.25 0.25 0.25 0.25 0.25 0.25 0.25
 0.25 0.25 0.25 0.25 0.25 0.25 0.25 0.25 0.25 0.25 0.25 0.25 0.25 0.25
 0.25 0.25 0.25 0.25 0.25 0.25 0.25 0.25 0.25 0.25 0.25 0.25 0.25 0.25
 0.25 0.25 0.25 0.25 0.25 0.25 0.25 0.25 0.25 0.25 0.25 0.25 0.25 0.25
 0.25 0.25 0.25 0.25 0.25 0.25 0.25 0.25 0.25 0.25 0.25 0.25 0.25 0.25
 0.25 0.25 0.25 0.25 0.25 0.25 0.25 0.25 0.25 0.25 0.25 0.25 0.25 0.25
 0.25 0.25 0.25 0.25 0.25 0.25 0.25 0.25 0.25 0.25 0.25 0.25 0.25 0.25
 0.25 0.25 0.25 0.25 0.25 0.25 0.25 0.25 0.25 0.25 0.25 0.25 0.25 0.25
 0.25 0.25 0.25 0.25 0.25 0.25 0.25 0.25 0.25 0.25 0.25 0.25 0.25 0.25
 0.25 0.25 0.25 0.25]","[30.01 29.98 29.63 29.88 29.81 30.07 30.08 30.09 30.09 30.1  30.08 30.08
 30.09 30.09 30.03 30.06 30.08 30.09 30.07 30.08 30.07 30.   30.06 30.05
 30.08 30.07 30.08 30.09 30.07 30.06 30.08 30.08 30.09 30.1  30.1  30.06
 30.03 30.05 30.1  30.11 30.09 31.44 31.27 31.51 31.65 31.46 31.42 31.33
 31.35 31.31 31.42 31.29 31.38 31.71 31.16 31.59 31.18 31.43 31.35 31.46
 31.42 31.44 31.39 31.43 31.4  31.45 31.44 31.09 31.15 31.45 31.2  31.24
 31.44 31.35 31.34 31.32 31.3  31.34 31.31 31.31 31.29 31.3  31.3  31.26
 31.29 31.29 31.3  31.35 31.34 31.36 31.32 31.26 31.3  31.32 31.34 31.31
 31.38 31.37 31.3  31.3  31.35 31.36 31.37 31.28 31.3  31.22 31.3  31.32
 31.28 31.28 31.3  31.2  31.35 31.35 31.34 31.29 31.3  31.33 31.32 31.29
 31.37 31.31 31.29 31.32 31.34 31.34 31.28 31.28 31.27 31.27 31.32 31.29
 31.35 31.35 31.3  31.23 31.3  31.23 31.32 31.27 31.37 31.25 31.31 31.3
 31.32 31.3  31.35 31.31 31.27 31.55 31.48 31.44 31.44 31.44 31.59 31.49
 31.48 31.47 31.47 31.5  31.48 31.62 31.44 31.45 31.39 31.48 31.42 31.47
 31.38 31.55 31.58 31.48 31.48 31.47 31.47 31.51 31.44 31.45 31.49 31.45
 31.61 31.27 31.28 31.62 31.61 31.45 31.48 31.47 31.47 31.47 31.57 31.56
 31.56 31.61 31.45 31.47 31.48 31.45 31.47 31.33 31.45 31.45 31.5  31.47
 31.49 31.33 31.57 31.37 31.38 31.48 31.38 31.51 31.4  31.48 31.49 31.45
 31.6  31.57 31.45 31.43 29.49 29.54 29.25 29.25 29.36 29.1  29.5  29.45
 31.   30.97 31.   30.98 31.   31.   30.94 30.94 30.96 31.   30.94 30.99
 30.97 31.   31.   31.01 31.01 30.87 30.97 31.02 31.02 31.01 30.99 30.89
 30.99 31.   31.01 30.98 30.98 30.99 30.99 31.01 30.98 31.   30.99 30.92
 30.89 30.92 30.93 30.96 31.01 30.95]","[0.005 0.005 0.005 0.005 0.005 0.005 0.005 0.005 0.005 0.005 0.005 0.005
 0.005 0.005 0.005 0.005 0.005 0.005 0.005 0.005 0.005 0.005 0.005 0.005
 0.005 0.005 0.005 0.005 0.005 0.005 0.005 0.005 0.005 0.005 0.005 0.005
 0.005 0.005 0.005 0.005 0.005 0.005 0.005 0.005 0.005 0.005 0.005 0.005
 0.005 0.005 0.005 0.005 0.005 0.005 0.005 0.005 0.005 0.005 0.005 0.005
 0.005 0.005 0.005 0.005 0.005 0.005 0.005 0.005 0.005 0.005 0.005 0.005
 0.005 0.005 0.005 0.005 0.005 0.005 0.005 0.005 0.005 0.005 0.005 0.005
 0.005 0.005 0.005 0.005 0.005 0.005 0.005 0.005 0.005 0.005 0.005 0.005
 0.005 0.005 0.005 0.005 0.005 0.005 0.005 0.005 0.005 0.005 0.005 0.005
 0.005 0.005 0.005 0.005 0.005 0.005 0.005 0.005 0.005 0.005 0.005 0.005
 0.005 0.005 0.005 0.005 0.005 0.005 0.005 0.005 0.005 0.005 0.005 0.005
 0.005 0.005 0.005 0.005 0.005 0.005 0.005 0.005 0.005 0.005 0.005 0.005
 0.005 0.005 0.005 0.005 0.005 0.005 0.005 0.005 0.005 0.005 0.005 0.005
 0.005 0.005 0.005 0.005 0.005 0.005 0.005 0.005 0.005 0.005 0.005 0.005
 0.005 0.005 0.005 0.005 0.005 0.005 0.005 0.005 0.005 0.005 0.005 0.005
 0.005 0.005 0.005 0.005 0.005 0.005 0.005 0.005 0.005 0.005 0.005 0.005
 0.005 0.005 0.005 0.005 0.005 0.005 0.005 0.005 0.005 0.005 0.005 0.005
 0.005 0.005 0.005 0.005 0.005 0.005 0.005 0.005 0.005 0.005 0.005 0.005
 0.005 0.005 0.005 0.005 0.005 0.005 0.005 0.005 0.005 0.005 0.005 0.005
 0.005 0.005 0.005 0.005 0.005 0.005 0.005 0.005 0.005 0.005 0.005 0.005
 0.005 0.005 0.005 0.005 0.005 0.005 0.005 0.005 0.005 0.005 0.005 0.005
 0.005 0.005 0.005 0.005 0.005 0.005 0.005 0.005 0.005 0.005 0.005 0.005
 0.005 0.005 0.005 0.005 0.005 0.005]","[1. 1. 1. 1. 1. 1. 1. 1. 1. 1. 1. 1. 1. 1. 1. 1. 1. 1. 1. 1. 1. 1. 1. 1.
 1. 1. 1. 1. 1. 1. 1. 1. 1. 1. 1. 1. 1. 1. 1. 1. 1. 1. 1. 1. 1. 1. 1. 1.
 1. 1. 1. 1. 1. 1. 1. 1. 1. 1. 1. 1. 1. 1. 1. 1. 1. 1. 1. 1. 1. 1. 1. 1.
 1. 1. 1. 1. 1. 1. 1. 1. 1. 1. 1. 1. 1. 1. 1. 1. 1. 1. 1. 1. 1. 1. 1. 1.
 1. 1. 1. 1. 1. 1. 1. 1. 1. 1. 1. 1. 1. 1. 1. 1. 1. 1. 1. 1. 1. 1. 1. 1.
 1. 1. 1. 1. 1. 1. 1. 1. 1. 1. 1. 1. 1. 1. 1. 1. 1. 1. 1. 1. 1. 1. 1. 1.
 1. 1. 1. 1. 1. 1. 1. 1. 1. 1. 1. 1. 1. 1. 1. 1. 1. 1. 1. 1. 1. 1. 1. 1.
 1. 1. 1. 1. 1. 1. 1. 1. 1. 1. 1. 1. 1. 1. 1. 1. 1. 1. 1. 1. 1. 1. 1. 1.
 1. 1. 1. 1. 1. 1. 1. 1. 1. 1. 1. 1. 1. 1. 1. 1. 1. 1. 1. 1. 1. 1. 1. 1.
 1. 1. 1. 1. 1. 1. 1. 1. 1. 1. 1. 1. 1. 1. 1. 1. 1. 1. 1. 1. 1. 1. 1. 1.
 1. 1. 1. 1. 1. 1. 1. 1. 1. 1. 1. 1. 1. 1. 1. 1. 1. 1. 1. 1. 1. 1. 1. 1.
 1. 1. 1. 1. 1. 1.]","[16.823633 16.688284 16.823523 16.705122 16.774    16.685434 16.700024
 16.757359 16.780401 16.799892 16.759506 16.651339 16.663246 16.726723
 16.82941  16.826435 16.839033 16.688469 16.702692 16.771255 16.7737
 16.780622 16.799591 16.836487 16.650043 16.830769 16.824411 16.805565
 16.649376 16.652102 16.749323 16.666101 16.668024 16.836512 16.820744
 16.773367 16.82977  16.825169 16.752102 16.794401 16.83827  20.120153
 20.037521 19.729017 19.984259 19.94016  20.150232 19.800228 19.804306
 20.157    20.005182 20.13883  19.72177  19.93127  20.092728 19.763594
 19.986015 20.155922 20.045216 19.998459 19.727654 19.747904 19.742172
 19.90679  19.727818 20.155256 20.144642 20.007404 20.060122 19.921305
 20.106985 19.94105  20.15306  18.323984 18.299513 18.310068 18.365232
 18.351322 18.390154 18.388338 18.39129  18.398    18.38954  18.330591
 18.32429  18.142708 18.140512 18.387487 18.374231 18.305874 18.331192
 18.257391 18.242365 18.170391 18.326435 18.382376 18.396769 18.396269
 18.397856 18.241537 18.320768 18.357769 18.196995 18.38706  18.396145
 18.250536 18.17817  18.201439 18.148323 18.169836 18.360025 18.381435
 18.160948 18.390154 18.356508 18.138262 18.168169 18.201204 18.220058
 18.320873 18.313284 18.241264 18.269154 18.329464 18.279247 18.28128
 18.224627 18.147863 18.268152 18.275614 18.31595  18.202538 18.157614
 18.246773 18.209652 18.22577  18.174652 18.19417  18.13986  18.3167
 18.397    18.357101 18.161503 18.252537 18.321436 18.377565 18.3967
 18.334103 18.303434 18.637    18.384016 18.620102 18.621769 18.537506
 18.48287  18.586025 18.590025 18.535435 18.557247 18.632812 18.585136
 18.63667  18.517803 18.51958  18.565136 18.539768 18.42567  18.630377
 18.63667  18.449926 18.430113 18.560192 18.331614 18.41746  18.530102
 18.46646  18.501993 18.452593 18.543892 18.47946  18.578947 18.624792
 18.34487  18.586914 18.63118  18.321463 18.613436 18.509771 18.418447
 18.489504 18.377405 18.343695 18.312101 18.610878 18.422905 18.343536
 18.437605 18.619232 18.579348 18.605923 18.31133  18.314436 18.321463
 18.373737 18.549356 18.33013  18.633512 18.637    18.583464 18.57347
 18.364695 18.546103 18.581923 18.545769 18.610914 18.559464 18.56554
 18.450537 18.354414 18.32217  22.222439 21.87844  22.20096  22.196072
 22.26348  22.15987  21.945133 21.697695 16.681694 16.635096 16.809322
 16.655617 16.813435 16.823391 16.707836 16.797087 16.769428 16.81527
 16.614    16.756031 16.749735 16.83313  16.824139 16.669136 16.618101
 16.774734 16.754513 16.807598 16.770985 16.635948 16.831701 16.75633
 16.794231 16.74879  16.620768 16.649523 16.764812 16.740952 16.736506
 16.665836 16.688837 16.618008 16.734468 16.818966 16.669695 16.679913
 16.739803 16.780436 16.61593  16.6143  ]",174.0971434351577,-61.76609878093945,191,270,6873,7142,2.9216394,0.14608197,-9.0,-9.0,-9.0,-9.0,0.0,0.0,0,0,0,0,-9.0,-9.0,-9.0,-9.0,-999.0,-999.0,-9.0,-9.0,-99.0,-9999.0,-9999.0,-9999.0,-9999.0,-9999.0,-9999.0,-9999.0,-9999.0,-9999.0,0,-9999.0,0,,,,,,,,,,,,999.0,999.0,999.0,999.0,999.0,999.0,999.0,999.0,999.0,999.0,999.0,999.0,0,0,-9.0,-9.0,-9.0,-9.0,-999.0,-999.0,-9.0,-9.0,-9999.0,-9999.0,-9999.0,-9999.0,-9999.0,-9999.0,-9999.0,-9999.0,-9999.0,0,-9999.0,0,999.0,999.0,999.0,999.0,999.0,999.0,999.0,999.0,999.0,999.0,999.0,999.0,,,,,,,,,,,,-999.0,-999.0,-999.0,-999.0,-999.0,-999.0,60795.258,60796.043,60796.043,61891.215,LCLIB,12,91,ZTFDR3VS,16021,31815,1,0,5,0.0,0.0,0.0,2,0.0,-9,0.0,0.0,174.09713745117188,-61.76609802246094,0.0,60796.0,-9.0,0.0,-9.0,-9.0,21.769218,19.795784,18.373348,18.191391,16.661913,16.692913,1.0,1.0,1.0,1.0,1.0,1.0,,,,,,,-9,21.963335,19.942503,18.482828,18.278131,16.735245,16.756319,,,,,,,,,,,,,,,,,,,,,,,,,,,,
37970946,"[60806.3786 60806.3886 60833.3042 60861.0822 60861.1047 60862.1619
 60862.1848 60870.1347 60870.1352 60873.1357 60923.0315 60925.05
 60925.0514 60925.0728 60925.0742 60950.0416 61135.4015 61135.4127
 61158.363  61159.2951 61159.3177 61163.3285 61212.1757 61212.1986
 61217.1917 61243.0709 61243.0934 61513.3963 61515.3596 61517.3038
 61517.3268 61545.3621 61545.3742 61581.2276 61596.2529 61606.05
 61612.2415 61635.1486 61665.0531 61665.076  61892.3438 61892.3675
 60823.3708 60843.189  60845.1518 60853.1924 60876.1001 60878.0915
 60878.1004 61151.3631 61171.3402 61173.3339 61206.1984 61229.2372
 61232.0878 61236.009  61236.2045 61264.0344 61264.0368 61267.0533
 61267.0543 61292.0476 61292.0485 61297.0091 61497.3497 61505.3361
 61509.3788 61530.3008 61539.2937 61559.3213 61584.226  61595.2316
 61619.1332 61646.0471 61655.0964 61673.016  61865.3573 61888.3423
 60801.3905 60801.3919 60830.2878 60832.2781 60855.3196 60857.1168
 60857.1237 60873.0828 60875.1848 60883.1036 60886.9958 60905.0669
 60907.0323 60911.0299 60911.0303 60930.0464 60933.0345 61132.3721
 61144.324  61145.3244 61145.3249 61170.2837 61175.3566 61182.3196
 61183.2202 61198.2929 61209.2699 61210.3136 61213.2536 61223.2211
 61223.2221 61234.1153 61234.1166 61237.0671 61252.1416 61256.9894
 61268.1684 61271.0406 61278.044  61285.0832 61286.0058 61294.0111
 61297.0856 61513.3391 61537.2585 61538.3404 61538.3409 61540.2908
 61541.2757 61552.3196 61618.1965 61620.1956 61626.0268 61643.1212
 61649.0755 61650.0686 61652.0452 61679.0421 61858.3813 61868.3766
 61870.3732 61884.2963 61885.3015 61889.4023 61895.3623 60801.3663
 60801.3676 60823.3946 60832.2533 60843.165  60844.1224 60845.1768
 60855.2951 60875.1606 60877.0122 60883.0791 60903.0527 60905.0418
 60906.102  60906.1097 60911.0041 60911.0045 60933.0102 61132.3476
 61144.3488 61151.3873 61153.3786 61155.3429 61170.2591 61171.3649
 61173.3581 61175.3319 61181.2507 61182.2952 61206.2237 61209.2455
 61210.2894 61229.2133 61232.1118 61235.9853 61257.0132 61264.0586
 61264.0611 61268.1445 61271.0652 61278.0684 61292.0717 61292.0726
 61297.0334 61297.0617 61497.3742 61505.3607 61509.3549 61537.2832
 61539.3185 61540.2664 61541.2514 61559.3454 61584.2015 61595.2074
 61619.1573 61620.1718 61620.1799 61626.0015 61643.0973 61646.0712
 61649.0513 61650.0925 61655.1209 61673.0399 61859.4134 61865.3828
 61868.3526 61870.3491 61885.2772 61895.3369 60853.1682 60876.0769
 60876.9891 60878.0688 60878.0768 60906.0795 60906.0866 61888.3187
 60830.312  60833.2792 60857.141  60857.1481 60870.1103 60870.1108
 60873.1067 60873.11   60887.0202 60907.0563 60913.013  60923.0072
 60930.0705 60950.0177 61145.3492 61145.3496 61158.3379 61163.3043
 61183.2445 61198.2686 61213.2779 61223.2451 61234.1401 61234.1415
 61237.0912 61252.1657 61286.0304 61294.0352 61497.4125 61513.3633
 61513.3848 61538.366  61538.3665 61545.386  61545.3981 61552.3435
 61581.2028 61596.2289 61606.0259 61612.2178 61618.2204 61635.1242
 61637.1413 61652.0691 61653.0169 61679.0176 61720.0101 61720.0132
 61720.0163 61858.3926 61884.271  61889.4136]","['Y' 'Y' 'Y' 'Y' 'Y' 'Y' 'Y' 'Y' 'Y' 'Y' 'Y' 'Y' 'Y' 'Y' 'Y' 'Y' 'Y' 'Y'
 'Y' 'Y' 'Y' 'Y' 'Y' 'Y' 'Y' 'Y' 'Y' 'Y' 'Y' 'Y' 'Y' 'Y' 'Y' 'Y' 'Y' 'Y'
 'Y' 'Y' 'Y' 'Y' 'Y' 'Y' 'g' 'g' 'g' 'g' 'g' 'g' 'g' 'g' 'g' 'g' 'g' 'g'
 'g' 'g' 'g' 'g' 'g' 'g' 'g' 'g' 'g' 'g' 'g' 'g' 'g' 'g' 'g' 'g' 'g' 'g'
 'g' 'g' 'g' 'g' 'g' 'g' 'i' 'i' 'i' 'i' 'i' 'i' 'i' 'i' 'i' 'i' 'i' 'i'
 'i' 'i' 'i' 'i' 'i' 'i' 'i' 'i' 'i' 'i' 'i' 'i' 'i' 'i' 'i' 'i' 'i' 'i'
 'i' 'i' 'i' 'i' 'i' 'i' 'i' 'i' 'i' 'i' 'i' 'i' 'i' 'i' 'i' 'i' 'i' 'i'
 'i' 'i' 'i' 'i' 'i' 'i' 'i' 'i' 'i' 'i' 'i' 'i' 'i' 'i' 'i' 'i' 'i' 'r'
 'r' 'r' 'r' 'r' 'r' 'r' 'r' 'r' 'r' 'r' 'r' 'r' 'r' 'r' 'r' 'r' 'r' 'r'
 'r' 'r' 'r' 'r' 'r' 'r' 'r' 'r' 'r' 'r' 'r' 'r' 'r' 'r' 'r' 'r' 'r' 'r'
 'r' 'r' 'r' 'r' 'r' 'r' 'r' 'r' 'r' 'r' 'r' 'r' 'r' 'r' 'r' 'r' 'r' 'r'
 'r' 'r' 'r' 'r' 'r' 'r' 'r' 'r' 'r' 'r' 'r' 'r' 'r' 'r' 'r' 'r' 'u' 'u'
 'u' 'u' 'u' 'u' 'u' 'u' 'z' 'z' 'z' 'z' 'z' 'z' 'z' 'z' 'z' 'z' 'z' 'z'
 'z' 'z' 'z' 'z' 'z' 'z' 'z' 'z' 'z' 'z' 'z' 'z' 'z' 'z' 'z' 'z' 'z' 'z'
 'z' 'z' 'z' 'z' 'z' 'z' 'z' 'z' 'z' 'z' 'z' 'z' 'z' 'z' 'z' 'z' 'z' 'z'
 'z' 'z' 'z' 'z']","[4096    0 4096 4096 4096 4096    0 4096 4096 4096 4096 4096 4096 4096
 4096    0 4096 4096 4096    0 4096    0    0 4096 4096    0 4096    0
 4096 4096 4096 4096    0 4096 4096 4096 4096 4096 4096 4096 4096 4096
 4096 4096 4096 4096 4096 4096 4096 4096 4096 4096 4096 4096 4096 4096
 4096 4096 4096 4096 4096 4096 4096 4096 4096 4096 4096 4096 4096 4096
 4096 4096 4096 4096 4096    0 4096 4096 4096 4096 4096 4096 4096 4096
 4096 4096 4096 4096 4096 4096 4096 4096    0 4096 4096 4096 4096 4096
 4096 4096 4096 4096 4096 4096 4096 4096 4096 4096 4096 4096 4096 4096
 4096 4096 4096    0 4096 4096 4096 4096 4096 4096 4096 4096 4096 4096
 4096 4096 4096 4096 4096 4096 4096 4096 4096 4096 4096 4096 4096 4096
    0 4096 4096 6144 4096 4096 4096 4096 4096 4096 4096 4096 4096 4096
 4096 4096 4096 4096 4096 4096 4096 4096 4096 4096 4096 4096 4096 4096
 4096 4096 4096 4096 4096 4096 4096 4096 4096 4096 4096 4096 4096 4096
 4096 4096 4096 4096 4096 4096 4096 4096 4096 4096 4096 4096 4096 4096
 4096 4096 4096 4096 4096 4096 4096 4096 4096 4096 4096 4096 4096 4096
 4096 4096 4096 4096 4096 4096 4096 4096 4096 4096 4096 4096 4096 4096
 4096 4096 4096 4096 4096 4096    0 4096 4096 4096 4096 4096 4096 4096
 4096 4096 4096 4096 4096    0 4096 4096 4096 4096 4096 4096 4096 4096
 4096 4096 4096 4096 4096 4096    0 4096 4096 4096 4096 4096 4096 4096
 4096 4096 4096 4096 4096 4096 4096    0]","[-9. -9. -9. -9. -9. -9. -9. -9. -9. -9. -9. -9. -9. -9. -9. -9. -9. -9.
 -9. -9. -9. -9. -9. -9. -9. -9. -9. -9. -9. -9. -9. -9. -9. -9. -9. -9.
 -9. -9. -9. -9. -9. -9. -9. -9. -9. -9. -9. -9. -9. -9. -9. -9. -9. -9.
 -9. -9. -9. -9. -9. -9. -9. -9. -9. -9. -9. -9. -9. -9. -9. -9. -9. -9.
 -9. -9. -9. -9. -9. -9. -9. -9. -9. -9. -9. -9. -9. -9. -9. -9. -9. -9.
 -9. -9. -9. -9. -9. -9. -9. -9. -9. -9. -9. -9. -9. -9. -9. -9. -9. -9.
 -9. -9. -9. -9. -9. -9. -9. -9. -9. -9. -9. -9. -9. -9. -9. -9. -9. -9.
 -9. -9. -9. -9. -9. -9. -9. -9. -9. -9. -9. -9. -9. -9. -9. -9. -9. -9.
 -9. -9. -9. -9. -9. -9. -9. -9. -9. -9. -9. -9. -9. -9. -9. -9. -9. -9.
 -9. -9. -9. -9. -9. -9. -9. -9. -9. -9. -9. -9. -9. -9. -9. -9. -9. -9.
 -9. -9. -9. -9. -9. -9. -9. -9. -9. -9. -9. -9. -9. -9. -9. -9. -9. -9.
 -9. -9. -9. -9. -9. -9. -9. -9. -9. -9. -9. -9. -9. -9. -9. -9. -9. -9.
 -9. -9. -9. -9. -9. -9. -9. -9. -9. -9. -9. -9. -9. -9. -9. -9. -9. -9.
 -9. -9. -9. -9. -9. -9. -9. -9. -9. -9. -9. -9. -9. -9. -9. -9. -9. -9.
 -9. -9. -9. -9. -9. -9. -9. -9. -9. -9. -9. -9. -9. -9. -9. -9. -9. -9.
 -9. -9. -9. -9.]","[  887.7511    -219.79805   1462.1307   -2976.6633     437.97702
  5521.4146    -107.686615 -3045.8823   -3042.1265   -2366.7576
 -2043.2332   -2139.4944   -1957.5964    5259.6836    4519.666
   395.19272   3773.0903    4427.938     2385.0947    -405.59006
 -2663.005       67.719955  -107.09301  -2884.8005    -351.65686
  -216.23671  -2782.3887    -202.55263  -2998.9504   -2961.905
  1520.8575   -2649.088     -159.7511    2291.718     5134.7944
  5447.453    -1562.3075    5176.3013    -461.14954   2923.0122
 -1865.2032   -1576.7784    -606.2564    -370.7301   -1284.7535
  2154.964     -272.23682   2154.086     2155.7922    -240.11829
  -550.3858    2368.7224    -692.61694   -673.68835  -1155.6544
  2021.9401   -1229.9415   -1296.1953   -1276.2687    2411.6477
  2464.4556    1562.014     1408.259     -902.3429    -226.59431
 -1248.3748   -1328.2737    -302.73264  -1257.5244    -161.08089
   198.45709   -581.2898    1731.103     -877.70874   -987.3094
    -9.933671 -1138.7852    2426.5154   -2346.7185   -2469.6677
   908.1966   -1630.3777   -2123.2378   -2321.9214   -2441.9124
  4706.022     3477.5962    4239.5283    4725.156    -2458.129
   853.6995    -148.7377    -238.90991  -2312.9526   -1751.1372
 -1121.2672    1074.1174   -2551.1484   -2518.3547     227.74101
  3611.9802    1865.8893    1018.53046  -1931.2513   -1658.1326
 -1132.8705   -1785.584     4671.835     4776.7393   -2471.6274
 -2483.5117    3504.665    -2533.6816   -1155.1903    1649.9968
    39.57244   2611.0444    4718.8687    -478.86743   -608.0944
 -1721.8485   -2424.316     -433.9845    -676.49347   -514.9618
  1668.8534    4290.744    -2134.7712    -856.99445   2717.0537
  3579.6758   -2484.1108     803.6768   -2011.1483    3296.8135
   394.2262   -1221.5863    4080.899    -1598.6042    1770.6718
  -276.39316   2405.4646    -131.81416   1546.2456    1132.9634
 -2874.722     3752.4067    6796.8086    -462.15378   4219.0083
  2371.724    -1832.3845   -3211.5127   -3591.7466   -3465.9219
   603.5497   -1746.0103   -3249.3376    6047.603     6335.8486
  3207.0906    5064.4077   -3345.265    -3590.517      469.51706
 -3107.06      5178.557    -2748.183    -1043.1512   -2131.5093
  2400.8499     638.16986  -2269.8313    3573.322     4961.9443
  5254.5703     539.90796  -3612.9333   -2178.3271    5428.616
  6468.1973   -3505.1487   -3648.9197     996.06824  -2147.039
 -2391.2222   -1560.7385    3222.4958    3967.8164    3590.4578
  -241.99428  -3326.6772    2521.311    -3450.333    -2655.6794
 -3704.0889    4698.8003    5984.257      705.7716    -696.8013
  4416.9194   -2243.5417    -287.57388   6211.564     3440.2295
  -323.91174   6475.1743   -3633.479     1257.7897    6725.019
 -2454.587    -1857.529     6911.3516   -2792.2524    -357.18622
  1186.9476     252.38194   -562.3554    -305.53116    690.2447
   279.08823   -515.239     1891.3768     739.6975    1145.6951
  5748.088      484.21       342.97266   -299.9857    -401.57574
  -251.26576   2160.9875    -910.63934  -1437.3295     806.28094
 -3080.9097    3845.787     4152.893    -3455.0618    5633.7173
 -3128.227     -889.2913    5645.923     -161.31706   5799.2334
  6148.4717   -1137.0271    5099.888    -2944.4573   -2784.5818
 -3269.7742    2403.903     2204.534     3064.1099    2858.6196
  6533.111     2784.5803    6418.533     -202.26065  -2737.2554
 -2848.8428   -2106.6338   -2623.2356   -2731.8225   -3045.39
   488.8458    3964.0984   -2987.2654   -3271.1855   -3701.3757
 -3221.8052   -3426.3865   -3372.3506    -229.42104 ]","[72.04556  73.38367  72.842415 73.2023   74.103874 81.999245 73.14452
 74.97065  75.20189  70.38813  70.664955 73.13808  73.207954 86.07037
 86.7812   81.68191  76.157845 77.943436 74.86436  72.45317  74.24725
 70.91511  71.81654  70.98737  80.609764 74.506966 75.30082  69.824905
 73.2453   75.219574 74.16937  91.45124  90.48669  74.12318  84.733986
 87.534966 76.06502  84.85262  73.91102  79.1749   71.386505 69.86466
 17.279228 16.096474 17.67919  21.950764 17.265356 22.435465 22.50226
 17.770596 16.456345 23.249872 17.204517 17.876755 17.227514 23.165297
 17.3578   17.58655  17.461294 23.208717 23.492453 20.505596 19.917576
 17.017502 16.374502 17.24852  17.062195 17.288013 17.093643 17.478485
 17.279995 17.524755 21.53938  16.983328 16.600292 17.109056 17.355581
 23.00612  32.009155 32.343807 32.189884 31.623564 33.038925 32.165394
 32.411858 40.80801  37.357475 39.271435 41.272327 32.94076  32.97454
 31.937048 31.872814 32.766365 33.61344  30.779152 32.18613  33.738255
 34.04929  31.254364 37.721508 33.837746 32.67788  32.444637 31.974558
 31.884678 32.681545 40.376648 40.52873  32.870403 32.359528 39.71076
 40.092716 31.46205  33.967667 31.052563 34.51314  41.089294 31.191236
 31.345165 32.5753   32.02121  31.01459  31.504082 31.472095 33.04433
 39.002487 32.06262  33.053314 37.60143  37.486107 32.86186  32.66469
 31.946222 37.151474 32.938953 31.254877 39.529427 31.683022 33.514297
 31.439842 34.673645 31.319342 32.87288  32.227592 33.992603 36.581707
 47.60845  31.424086 39.30456  35.140415 31.530817 34.559166 34.92741
 34.41478  31.734282 32.118176 34.181995 45.770477 46.428665 36.944042
 42.258007 33.8063   35.173508 31.592758 33.60672  41.780785 32.525734
 31.368382 32.069942 34.214577 31.478697 32.39051  37.170452 41.839977
 42.62929  31.386854 36.545456 32.542137 43.412003 47.536377 34.736572
 34.109833 31.802391 32.584396 32.80065  31.651106 36.82426  38.002533
 37.307583 30.942371 33.794716 34.795227 33.8669   32.065872 35.503883
 40.423187 45.30613  32.204388 32.592976 41.83134  31.676443 31.457558
 45.547478 36.7108   31.457382 46.883297 34.937492 31.772911 47.537083
 31.70532  31.30704  48.778957 32.875126 29.717737 38.70541  41.3666
 30.808233 31.631271 35.492886 33.742947 29.335203 46.651127 45.379147
 45.480137 53.927208 46.11522  46.389812 44.830723 44.787704 44.973022
 47.071007 43.997524 55.61742  45.78167  53.19067  51.493877 51.53826
 46.07301  54.54605  45.600426 44.97112  55.375492 44.813435 54.720203
 55.930283 48.551273 59.79278  45.16313  45.83143  45.226974 46.804688
 46.510094 49.067814 48.493336 63.48775  62.167606 57.23739  44.786385
 46.81151  48.3288   46.22312  48.368675 47.061657 47.358074 46.147614
 50.594067 47.06113  97.15664  88.54493  83.13889  45.82829  46.308582
 45.32088 ]","[1.5  1.79 1.53 1.84 2.   2.17 2.02 2.45 2.47 1.69 1.55 1.93 1.93 2.51
 2.72 2.46 1.68 1.62 1.92 1.86 2.28 1.53 1.8  1.81 3.09 2.2  2.52 1.4
 2.05 2.12 1.81 3.52 3.44 1.74 2.35 2.6  1.77 2.21 1.85 1.91 1.93 1.56
 1.66 1.82 2.52 1.96 2.6  2.54 2.72 3.67 2.19 2.68 2.82 3.56 1.79 2.74
 1.89 2.44 2.16 2.42 2.55 2.08 1.86 2.35 1.29 1.54 1.54 2.52 1.56 2.54
 1.76 2.81 3.48 2.05 1.57 1.92 2.21 1.85 1.47 1.55 1.75 1.84 1.83 1.57
 1.75 1.67 1.79 1.81 1.97 2.2  2.69 2.35 2.33 2.26 3.3  1.32 1.39 2.86
 3.11 1.58 1.62 1.93 2.03 2.37 2.09 1.88 2.68 1.43 1.41 2.2  1.88 3.86
 4.2  1.46 1.87 1.5  1.28 1.95 1.7  1.89 2.1  1.42 1.38 1.97 1.91 1.51
 1.41 1.91 2.92 3.4  1.87 1.92 2.3  1.63 2.24 2.33 1.66 2.24 1.7  1.63
 1.73 1.78 1.74 1.77 1.72 1.87 1.46 1.56 1.81 2.26 2.21 1.6  2.25 2.39
 2.16 1.9  2.45 2.08 2.13 2.12 3.35 2.07 1.45 3.23 1.96 1.63 1.66 1.77
 2.18 1.79 1.29 1.46 2.19 1.51 2.   2.3  1.52 2.66 2.1  2.91 3.1  1.86
 1.69 1.76 2.34 2.31 2.19 2.09 1.49 1.88 1.46 1.41 1.89 1.76 1.88 3.06
 1.52 1.93 2.23 3.98 4.67 1.84 2.25 1.59 1.65 1.78 1.68 2.   2.23 1.69
 1.66 1.6  1.8  1.6  2.25 2.51 3.63 3.   3.04 2.4  2.59 2.4  1.74 1.83
 1.57 1.46 2.28 2.3  1.81 1.79 1.8  1.88 1.38 4.61 1.77 3.85 2.66 2.47
 1.77 1.78 1.51 1.97 2.44 1.48 2.01 2.06 3.57 3.85 1.49 1.89 1.3  1.51
 1.47 2.13 2.12 3.1  4.14 2.35 1.77 2.45 2.22 2.   2.77 2.11 2.29 2.19
 2.13 2.36 2.6  2.68 2.74 1.56 1.75 2.04]","[45.12 44.91 42.64 43.48 42.75 43.13 43.15 42.39 42.67 40.21 45.9  45.91
 46.13 46.67 46.84 47.04 45.48 52.95 40.35 42.98 42.4  48.09 40.46 40.33
 44.06 41.82 41.34 40.61 44.58 47.08 46.49 52.88 52.18 41.75 42.23 47.96
 44.23 47.55 44.6  45.65 40.35 40.53 16.09 34.05 16.37 16.57 15.95 15.92
 15.96 16.12 22.92 16.42 16.33 19.41 16.29 15.92 16.19 15.89 15.88 15.85
 15.98 16.8  16.69 17.63 20.71 16.62 16.63 15.82 16.04 16.08 16.59 16.17
 15.79 16.29 33.01 17.45 16.7  16.09 32.14 32.25 31.9  37.42 35.07 33.64
 33.08 32.18 32.06 31.48 35.33 31.51 31.44 31.6  31.48 32.95 32.75 58.66
 32.6  32.45 32.32 36.03 32.03 31.63 32.03 38.61 32.21 33.72 32.21 65.76
 67.35 31.59 31.87 32.24 57.44 33.23 33.96 35.13 64.19 32.97 31.84 32.31
 34.01 39.79 32.13 31.59 31.52 31.51 38.28 40.63 33.03 33.08 37.11 33.24
 32.44 32.64 32.48 34.79 33.01 32.3  57.92 32.51 32.47 32.1  31.63 23.87
 23.86 25.04 38.71 33.72 24.93 24.35 25.21 24.01 24.67 23.77 23.74 23.83
 24.15 24.09 24.03 24.03 24.8  72.78 24.91 23.98 24.02 24.04 32.13 28.42
 24.64 23.82 24.02 23.92 24.23 24.48 24.8  24.31 24.33 25.65 24.14 23.62
 23.6  24.51 30.8  74.97 25.23 24.91 25.36 25.18 27.57 24.53 24.63 23.94
 23.74 28.83 39.57 24.45 24.5  24.3  24.02 24.03 24.24 34.54 24.38 24.48
 24.41 24.9  39.05 25.97 32.66 24.78 37.58 70.7  24.7  23.88  4.94  4.8
  4.35  4.75  4.78  4.86  4.79  4.83 42.34 47.53 42.02 41.56 47.96 48.66
 41.56 41.23 43.66 41.22 41.46 54.9  44.13 53.09 41.82 41.53 43.79 61.81
 41.5  44.37 42.85 61.79 41.17 41.3  41.62 55.74 41.61 42.51 52.21 41.61
 41.49 42.06 41.83 73.83 72.33 46.57 44.63 42.72 62.84 45.61 45.52 57.9
 49.91 42.71 42.   43.99 86.26 67.69 54.65 42.38 43.84 43.16]","[0.25 0.25 0.25 0.25 0.25 0.25 0.25 0.25 0.25 0.25 0.25 0.25 0.25 0.25
 0.25 0.25 0.25 0.25 0.25 0.25 0.25 0.25 0.25 0.25 0.25 0.25 0.25 0.25
 0.25 0.25 0.25 0.25 0.25 0.25 0.25 0.25 0.25 0.25 0.25 0.25 0.25 0.25
 0.25 0.25 0.25 0.25 0.25 0.25 0.25 0.25 0.25 0.25 0.25 0.25 0.25 0.25
 0.25 0.25 0.25 0.25 0.25 0.25 0.25 0.25 0.25 0.25 0.25 0.25 0.25 0.25
 0.25 0.25 0.25 0.25 0.25 0.25 0.25 0.25 0.25 0.25 0.25 0.25 0.25 0.25
 0.25 0.25 0.25 0.25 0.25 0.25 0.25 0.25 0.25 0.25 0.25 0.25 0.25 0.25
 0.25 0.25 0.25 0.25 0.25 0.25 0.25 0.25 0.25 0.25 0.25 0.25 0.25 0.25
 0.25 0.25 0.25 0.25 0.25 0.25 0.25 0.25 0.25 0.25 0.25 0.25 0.25 0.25
 0.25 0.25 0.25 0.25 0.25 0.25 0.25 0.25 0.25 0.25 0.25 0.25 0.25 0.25
 0.25 0.25 0.25 0.25 0.25 0.25 0.25 0.25 0.25 0.25 0.25 0.25 0.25 0.25
 0.25 0.25 0.25 0.25 0.25 0.25 0.25 0.25 0.25 0.25 0.25 0.25 0.25 0.25
 0.25 0.25 0.25 0.25 0.25 0.25 0.25 0.25 0.25 0.25 0.25 0.25 0.25 0.25
 0.25 0.25 0.25 0.25 0.25 0.25 0.25 0.25 0.25 0.25 0.25 0.25 0.25 0.25
 0.25 0.25 0.25 0.25 0.25 0.25 0.25 0.25 0.25 0.25 0.25 0.25 0.25 0.25
 0.25 0.25 0.25 0.25 0.25 0.25 0.25 0.25 0.25 0.25 0.25 0.25 0.25 0.25
 0.25 0.25 0.25 0.25 0.25 0.25 0.25 0.25 0.25 0.25 0.25 0.25 0.25 0.25
 0.25 0.25 0.25 0.25 0.25 0.25 0.25 0.25 0.25 0.25 0.25 0.25 0.25 0.25
 0.25 0.25 0.25 0.25 0.25 0.25 0.25 0.25 0.25 0.25 0.25 0.25 0.25 0.25
 0.25 0.25 0.25 0.25 0.25 0.25 0.25 0.25]","[30.12 30.1  30.11 30.09 30.11 30.13 30.13 30.13 30.13 30.13 30.13 30.12
 30.12 30.09 30.09 30.04 30.14 30.15 30.12 30.12 30.12 30.15 30.12 30.13
 30.13 30.11 30.12 30.13 30.13 30.11 30.13 30.11 30.11 30.12 30.06 30.1
 30.01 30.08 30.09 30.06 30.13 30.13 31.49 31.74 31.53 31.57 31.54 31.53
 31.54 31.54 31.66 31.55 31.55 31.56 31.54 31.41 31.54 31.54 31.54 31.54
 31.55 31.54 31.55 31.57 31.62 31.55 31.58 31.53 31.56 31.52 31.56 31.51
 31.52 31.55 31.67 31.56 31.54 31.56 31.33 31.32 31.33 31.35 31.27 31.33
 31.33 31.32 31.32 31.33 31.31 31.32 31.32 31.32 31.32 31.32 31.31 31.4
 31.33 31.31 31.31 31.35 31.32 31.32 31.32 31.35 31.32 31.3  31.32 31.4
 31.41 31.32 31.33 31.3  31.38 31.31 31.29 31.35 31.41 31.31 31.33 31.33
 31.29 31.36 31.33 31.32 31.32 31.33 31.36 31.36 31.29 31.29 31.35 31.31
 31.32 31.32 31.32 31.29 31.33 31.32 31.4  31.32 31.32 31.32 31.33 31.53
 31.53 31.47 31.63 31.6  31.51 31.53 31.49 31.54 31.48 31.52 31.53 31.53
 31.52 31.51 31.53 31.53 31.53 31.65 31.55 31.52 31.53 31.54 31.59 31.57
 31.53 31.53 31.54 31.54 31.53 31.55 31.52 31.52 31.54 31.41 31.51 31.52
 31.52 31.51 31.59 31.67 31.51 31.51 31.53 31.51 31.57 31.53 31.54 31.54
 31.53 31.58 31.62 31.5  31.55 31.53 31.51 31.5  31.48 31.59 31.52 31.53
 31.54 31.51 31.55 31.52 31.6  31.54 31.61 31.66 31.51 31.54 29.63 29.57
 29.24 29.54 29.57 29.61 29.58 29.6  31.   31.02 31.   31.01 31.02 31.01
 31.   31.   31.   31.   31.01 31.02 30.99 31.   30.99 31.   31.01 31.04
 31.   31.01 30.99 31.03 31.   31.   30.99 31.01 31.01 31.   31.03 31.01
 31.01 30.99 31.   31.02 31.02 31.   31.01 30.99 31.01 30.98 30.97 31.02
 31.   30.99 31.   30.99 30.11 30.09 30.07 31.01 30.99 31.  ]","[0.005 0.005 0.005 0.005 0.005 0.005 0.005 0.005 0.005 0.005 0.005 0.005
 0.005 0.005 0.005 0.005 0.005 0.005 0.005 0.005 0.005 0.005 0.005 0.005
 0.005 0.005 0.005 0.005 0.005 0.005 0.005 0.005 0.005 0.005 0.005 0.005
 0.005 0.005 0.005 0.005 0.005 0.005 0.005 0.005 0.005 0.005 0.005 0.005
 0.005 0.005 0.005 0.005 0.005 0.005 0.005 0.005 0.005 0.005 0.005 0.005
 0.005 0.005 0.005 0.005 0.005 0.005 0.005 0.005 0.005 0.005 0.005 0.005
 0.005 0.005 0.005 0.005 0.005 0.005 0.005 0.005 0.005 0.005 0.005 0.005
 0.005 0.005 0.005 0.005 0.005 0.005 0.005 0.005 0.005 0.005 0.005 0.005
 0.005 0.005 0.005 0.005 0.005 0.005 0.005 0.005 0.005 0.005 0.005 0.005
 0.005 0.005 0.005 0.005 0.005 0.005 0.005 0.005 0.005 0.005 0.005 0.005
 0.005 0.005 0.005 0.005 0.005 0.005 0.005 0.005 0.005 0.005 0.005 0.005
 0.005 0.005 0.005 0.005 0.005 0.005 0.005 0.005 0.005 0.005 0.005 0.005
 0.005 0.005 0.005 0.005 0.005 0.005 0.005 0.005 0.005 0.005 0.005 0.005
 0.005 0.005 0.005 0.005 0.005 0.005 0.005 0.005 0.005 0.005 0.005 0.005
 0.005 0.005 0.005 0.005 0.005 0.005 0.005 0.005 0.005 0.005 0.005 0.005
 0.005 0.005 0.005 0.005 0.005 0.005 0.005 0.005 0.005 0.005 0.005 0.005
 0.005 0.005 0.005 0.005 0.005 0.005 0.005 0.005 0.005 0.005 0.005 0.005
 0.005 0.005 0.005 0.005 0.005 0.005 0.005 0.005 0.005 0.005 0.005 0.005
 0.005 0.005 0.005 0.005 0.005 0.005 0.005 0.005 0.005 0.005 0.005 0.005
 0.005 0.005 0.005 0.005 0.005 0.005 0.005 0.005 0.005 0.005 0.005 0.005
 0.005 0.005 0.005 0.005 0.005 0.005 0.005 0.005 0.005 0.005 0.005 0.005
 0.005 0.005 0.005 0.005 0.005 0.005 0.005 0.005 0.005 0.005 0.005 0.005
 0.005 0.005 0.005 0.005 0.005 0.005 0.005 0.005 0.005 0.005]","[1. 1. 1. 1. 1. 1. 1. 1. 1. 1. 1. 1. 1. 1. 1. 1. 1. 1. 1. 1. 1. 1. 1. 1.
 1. 1. 1. 1. 1. 1. 1. 1. 1. 1. 1. 1. 1. 1. 1. 1. 1. 1. 1. 1. 1. 1. 1. 1.
 1. 1. 1. 1. 1. 1. 1. 1. 1. 1. 1. 1. 1. 1. 1. 1. 1. 1. 1. 1. 1. 1. 1. 1.
 1. 1. 1. 1. 1. 1. 1. 1. 1. 1. 1. 1. 1. 1. 1. 1. 1. 1. 1. 1. 1. 1. 1. 1.
 1. 1. 1. 1. 1. 1. 1. 1. 1. 1. 1. 1. 1. 1. 1. 1. 1. 1. 1. 1. 1. 1. 1. 1.
 1. 1. 1. 1. 1. 1. 1. 1. 1. 1. 1. 1. 1. 1. 1. 1. 1. 1. 1. 1. 1. 1. 1. 1.
 1. 1. 1. 1. 1. 1. 1. 1. 1. 1. 1. 1. 1. 1. 1. 1. 1. 1. 1. 1. 1. 1. 1. 1.
 1. 1. 1. 1. 1. 1. 1. 1. 1. 1. 1. 1. 1. 1. 1. 1. 1. 1. 1. 1. 1. 1. 1. 1.
 1. 1. 1. 1. 1. 1. 1. 1. 1. 1. 1. 1. 1. 1. 1. 1. 1. 1. 1. 1. 1. 1. 1. 1.
 1. 1. 1. 1. 1. 1. 1. 1. 1. 1. 1. 1. 1. 1. 1. 1. 1. 1. 1. 1. 1. 1. 1. 1.
 1. 1. 1. 1. 1. 1. 1. 1. 1. 1. 1. 1. 1. 1. 1. 1. 1. 1. 1. 1. 1. 1. 1. 1.
 1. 1. 1. 1. 1. 1. 1. 1. 1. 1.]","[15.7894    15.8146    15.772734  15.87772   15.797533  15.68816
 15.809767  15.88      15.88      15.866233  15.857133  15.8599
 15.856133  15.6983    15.707067  15.801534  15.725866  15.713067
 15.7552    15.814767  15.8709    15.807933  15.812     15.877566
 15.8182    15.814433  15.8718    15.813     15.88      15.879766
 15.774867  15.868234  15.80976   15.759733  15.6968    15.689433
 15.8447    15.6953    15.8214    15.743733  15.8513    15.8447
 17.693666  17.6636    17.7881    17.390533  17.6556    17.389
 17.385866  17.646334  17.692     17.363     17.702667  17.7066
 17.7698    17.3988    17.782534  17.791433  17.7878    17.3644
 17.35532   17.4434    17.4594    17.731667  17.649233  17.786533
 17.7919    17.6546    17.78104   17.6366    17.591867  17.690332
 17.428934  17.727533  17.746967  17.622034  17.7674    17.3624
 16.422867  16.42784   16.299     16.3978    16.4158    16.423866
 16.42856   16.1719    16.2116    16.187468  16.171566  16.4316
 16.304     16.3398    16.3412    16.422533  16.40288   16.3758
 16.293667  16.431433  16.432     16.325068  16.205667  16.2666
 16.295334  16.4072    16.396734  16.3753    16.4037    16.17376
 16.171066  16.43      16.426733  16.2106    16.43      16.3784
 16.274666  16.3323    16.240334  16.172434  16.350866  16.3573
 16.3993    16.429266  16.3492    16.358467  16.352633  16.274666
 16.1854    16.4148    16.3663    16.2366    16.2076    16.43
 16.3036    16.410734  16.218666  16.31972   16.3778    16.18908
 16.395267  16.269667  16.3446    16.2506    16.340534  16.132032
 16.1456    16.278267  16.067867  15.980534  16.1946    16.05376
 16.107533  16.2414    16.2898    16.30468   16.299467  16.1596
 16.2414    16.2913    15.9993    15.994634  16.083033  16.0292
 16.295866  16.303133  16.1666    16.2893    16.0251    16.2736
 16.2163    16.252333  16.106533  16.16008   16.257334  16.0702
 16.031534  16.0257    16.16448   16.305067  16.254833  16.0206
 15.989166  16.301867  16.306     16.1496    16.252733  16.259733
 16.232134  16.081867  16.0597    16.072866  16.1904    16.294134
 16.1022    16.3002    16.269833  16.305567  16.039566  16.0026
 16.1586    16.202868  16.0469    16.255667  16.1904    16.0006
 16.0772    16.1931    15.990733  16.306     16.1436    15.9853
 16.263166  16.2434    15.979     16.275734  18.9588    18.4802
 18.7422    19.0708    18.9547    18.594967  18.7482    19.064266
 15.7565    15.7841    15.7751    15.6765    15.7903    15.7928
 15.8056    15.812266  15.8067665 15.752334  15.8214    15.834066
 15.7826    15.874534  15.71632   15.709867  15.8816    15.6784
 15.875867  15.821533  15.678733  15.804934  15.6765    15.6677
 15.82744   15.6884    15.8708    15.8678    15.8779    15.7466
 15.749833  15.734167  15.738067  15.663     15.740733  15.664534
 15.806133  15.8634    15.868134  15.852734  15.8628    15.865133
 15.8718    15.7883    15.71452   15.8708    15.878533  15.883
 15.87968   15.883     15.878866  15.804433 ]",272.824653712131,-15.502184439982177,191,274,37344,37617,2.3449013,0.11724507,-9.0,-9.0,-9.0,-9.0,0.0,0.0,0,0,0,0,-9.0,-9.0,-9.0,-9.0,-999.0,-999.0,-9.0,-9.0,-99.0,-9999.0,-9999.0,-9999.0,-9999.0,-9999.0,-9999.0,-9999.0,-9999.0,-9999.0,0,-9999.0,0,,,,,,,,,,,,999.0,999.0,999.0,999.0,999.0,999.0,999.0,999.0,999.0,999.0,999.0,999.0,0,0,-9.0,-9.0,-9.0,-9.0,-999.0,-999.0,-9.0,-9.0,-9999.0,-9999.0,-9999.0,-9999.0,-9999.0,-9999.0,-9999.0,-9999.0,-9999.0,0,-9999.0,0,999.0,999.0,999.0,999.0,999.0,999.0,999.0,999.0,999.0,999.0,999.0,999.0,,,,,,,,,,,,-999.0,-999.0,-999.0,-999.0,-999.0,-999.0,60795.26,60801.367,60801.367,61895.363,LCLIB,12,91,ZTFDR3VS,70888,49132,1,0,5,0.0,0.0,0.0,2,-0.0,-9,0.0,0.0,272.82464599609375,-15.502184867858887,0.0,60796.0,-9.0,0.0,-9.0,-9.0,19.0116,17.7425,16.2664,16.3973,15.8514,15.8503,1.0,1.0,1.0,1.0,1.0,1.0,,,,,,,-9,18.83407,17.619638,16.181278,16.333584,15.8007965,15.808328,,,,,,,,,,,,,,,,,,,,,,,,,,,,
73065172,"[60799.3465 60799.3482 60799.3693 60799.3711 60803.1078 60805.2183
 60806.2744 60807.2842 60807.3068 60808.3074 60808.3299 61100.2274
 61100.2513 61103.3183 61130.1036 61130.1264 61131.2229 61131.2459
 61157.1472 61157.1709 61161.2021 61161.2173 61161.225  61161.2402
 61216.0744 61216.0974 61452.2056 61457.3155 61457.3384 61485.2708
 61486.2887 61486.3115 61493.2966 61543.0614 61543.0841 61596.0257
 61596.0285 61596.0486 61596.0513 61782.2539 61782.2543 61782.2765
 61782.2769 61839.2381 61841.2435 61841.2664 61866.2458 60796.0423
 60796.2379 60797.3292 60822.3666 61096.3353 61116.0255 61126.2854
 61126.2864 61136.0222 61136.0824 61140.0201 61140.1892 61143.9953
 61144.0065 61238.0426 61417.2392 61417.2396 61432.3056 61470.2068
 61524.1313 61550.0325 61778.2983 61798.3096 61806.3161 61806.3224
 61823.3281 61823.3304 61853.2737 61857.234  61860.2926 61884.0062
 60799.4099 60799.4103 60801.2901 60801.2905 60803.9904 60804.1767
 60840.9577 60856.1959 60857.9924 60868.029  61107.336  61113.3326
 61113.3331 61117.3842 61123.3632 61123.366  61128.0127 61132.2598
 61143.1679 61156.025  61156.2219 61158.0922 61160.019  61160.0194
 61160.1707 61160.1711 61171.1416 61192.0137 61192.2114 61211.0116
 61212.0153 61215.0331 61236.9595 61236.9613 61238.9643 61238.9647
 61454.3696 61460.3366 61460.3408 61467.3679 61477.3506 61478.3613
 61488.2944 61488.2949 61505.1959 61505.1963 61512.0172 61512.0177
 61512.1685 61512.169  61514.1894 61516.0136 61516.1648 61556.0857
 61557.2144 61775.3203 61812.3451 61813.3027 61815.312  61824.1151
 61824.3012 61827.3612 61827.3686 61847.3589 61847.3599 61854.2237
 61854.225  61858.291  61867.279  61868.0262 61868.0275 61868.1589
 61868.1602 61872.0807 61872.2334 61876.219  61888.2053 61891.2284
 60796.0186 60797.3532 60817.0965 60842.9941 60850.0201 60852.0523
 60856.1718 61096.3604 61107.3604 61113.3082 61113.3087 61116.0496
 61116.2558 61117.3601 61117.3619 61121.3542 61125.2859 61136.007
 61139.9961 61143.1438 61144.0168 61144.028  61144.1755 61144.1869
 61152.1101 61171.1173 61209.084  61210.9876 61215.0573 61225.0371
 61417.263  61417.2635 61432.3299 61454.3581 61460.3125 61460.3166
 61467.3439 61470.2309 61474.339  61477.3264 61477.3278 61488.2698
 61514.1654 61524.1554 61550.0566 61556.0616 61557.1903 61560.0732
 61613.001  61775.2963 61778.3222 61798.3338 61806.3402 61806.3466
 61808.3615 61813.2786 61823.3521 61823.3544 61827.3498 61827.3572
 61853.2979 61854.1995 61854.2009 61857.2582 61860.3169 61867.2548
 61876.0122 61876.1949 61888.1813 61891.2039 60817.0726 60822.3421
 60850.0447 60852.0287 61121.3317 61151.1016 61152.0866 60799.4198
 60799.4203 60801.3139 60801.3143 60803.0836 60804.0142 60804.0736
 60804.2013 60840.969  60868.0531 61103.2941 61123.3746 61123.3773
 61128.0373 61128.1879 61132.2841 61156.0008 61159.9951 61159.9956
 61183.14   61192.0381 61192.2353 61212.0393 61236.9705 61236.9724
 61238.9753 61238.9758 61452.1815 61477.362  61478.3729 61485.2466
 61485.2503 61488.3193 61493.2719 61493.2893 61505.2202 61505.2206
 61509.1837 61511.9924 61511.9929 61515.9885 61539.9936 61815.3367
 61824.0912 61839.2141 61847.3704 61847.3713 61866.2217 61868.0018
 61868.0032 61872.0566]","['Y' 'Y' 'Y' 'Y' 'Y' 'Y' 'Y' 'Y' 'Y' 'Y' 'Y' 'Y' 'Y' 'Y' 'Y' 'Y' 'Y' 'Y'
 'Y' 'Y' 'Y' 'Y' 'Y' 'Y' 'Y' 'Y' 'Y' 'Y' 'Y' 'Y' 'Y' 'Y' 'Y' 'Y' 'Y' 'Y'
 'Y' 'Y' 'Y' 'Y' 'Y' 'Y' 'Y' 'Y' 'Y' 'Y' 'Y' 'g' 'g' 'g' 'g' 'g' 'g' 'g'
 'g' 'g' 'g' 'g' 'g' 'g' 'g' 'g' 'g' 'g' 'g' 'g' 'g' 'g' 'g' 'g' 'g' 'g'
 'g' 'g' 'g' 'g' 'g' 'g' 'i' 'i' 'i' 'i' 'i' 'i' 'i' 'i' 'i' 'i' 'i' 'i'
 'i' 'i' 'i' 'i' 'i' 'i' 'i' 'i' 'i' 'i' 'i' 'i' 'i' 'i' 'i' 'i' 'i' 'i'
 'i' 'i' 'i' 'i' 'i' 'i' 'i' 'i' 'i' 'i' 'i' 'i' 'i' 'i' 'i' 'i' 'i' 'i'
 'i' 'i' 'i' 'i' 'i' 'i' 'i' 'i' 'i' 'i' 'i' 'i' 'i' 'i' 'i' 'i' 'i' 'i'
 'i' 'i' 'i' 'i' 'i' 'i' 'i' 'i' 'i' 'i' 'i' 'i' 'r' 'r' 'r' 'r' 'r' 'r'
 'r' 'r' 'r' 'r' 'r' 'r' 'r' 'r' 'r' 'r' 'r' 'r' 'r' 'r' 'r' 'r' 'r' 'r'
 'r' 'r' 'r' 'r' 'r' 'r' 'r' 'r' 'r' 'r' 'r' 'r' 'r' 'r' 'r' 'r' 'r' 'r'
 'r' 'r' 'r' 'r' 'r' 'r' 'r' 'r' 'r' 'r' 'r' 'r' 'r' 'r' 'r' 'r' 'r' 'r'
 'r' 'r' 'r' 'r' 'r' 'r' 'r' 'r' 'r' 'r' 'u' 'u' 'u' 'u' 'u' 'u' 'u' 'z'
 'z' 'z' 'z' 'z' 'z' 'z' 'z' 'z' 'z' 'z' 'z' 'z' 'z' 'z' 'z' 'z' 'z' 'z'
 'z' 'z' 'z' 'z' 'z' 'z' 'z' 'z' 'z' 'z' 'z' 'z' 'z' 'z' 'z' 'z' 'z' 'z'
 'z' 'z' 'z' 'z' 'z' 'z' 'z' 'z' 'z' 'z' 'z' 'z' 'z' 'z']","[   0    0 4096    0    0 4096    0    0    0    0    0 4096    0    0
    0    0    0 4096 4096    0    0    0    0    0    0 4096    0    0
 4096    0 4096    0 4096 4096    0 4096 4096 4096 4096    0 4096    0
    0 4096    0    0    0 6144 4096 4096 4096 4096 4096 4096 4096 4096
 4096 4096 4096 4096    0 4096 4096 4096 4096 4096 4096 4096 4096 4096
 4096 4096 4096 4096 4096 4096 4096 4096 4096 4096 4096 4096 4096 4096
 4096 4096 4096 4096    0 4096 4096 4096 4096 4096 4096 4096 4096 4096
 4096 4096 4096 4096 4096 4096 4096 4096 4096 4096 4096 4096 4096 4096
    0    0 4096 4096 4096 4096 4096 4096 4096 4096 4096 4096 4096 4096
    0    0 4096    0 4096 4096    0 4096 4096 4096 4096 4096 4096 4096
    0 4096 4096 4096 4096 4096    0 4096 4096 4096 4096 4096 4096 4096
 4096 4096    0 4096 4096 4096 4096 4096 4096 4096 4096 4096 4096 4096
 4096 4096 4096 4096 4096 4096 4096    0 4096 4096 4096 4096    0 4096
 4096 4096 4096    0 4096 4096 4096 4096 4096 4096    0 4096 4096 4096
 4096 4096 4096 4096 4096 4096 4096 4096 4096 4096 4096 4096 4096 4096
 4096 4096 4096 4096 4096 4096 4096 4096 4096 4096 4096 4096 4096 4096
 4096 4096 4096 4096 4096 4096    0 4096 4096 4096 4096 4096 4096    0
 4096 4096 4096 4096 4096 4096    0 4096 4096 4096    0 4096 4096 4096
    0 4096 4096 4096 4096 4096 4096 4096 4096 4096 4096 4096 4096 4096
 4096    0 4096 4096 4096    0 4096 4096 4096 4096    0 4096 4096 4096
 4096    0    0 4096]","[-9. -9. -9. -9. -9. -9. -9. -9. -9. -9. -9. -9. -9. -9. -9. -9. -9. -9.
 -9. -9. -9. -9. -9. -9. -9. -9. -9. -9. -9. -9. -9. -9. -9. -9. -9. -9.
 -9. -9. -9. -9. -9. -9. -9. -9. -9. -9. -9. -9. -9. -9. -9. -9. -9. -9.
 -9. -9. -9. -9. -9. -9. -9. -9. -9. -9. -9. -9. -9. -9. -9. -9. -9. -9.
 -9. -9. -9. -9. -9. -9. -9. -9. -9. -9. -9. -9. -9. -9. -9. -9. -9. -9.
 -9. -9. -9. -9. -9. -9. -9. -9. -9. -9. -9. -9. -9. -9. -9. -9. -9. -9.
 -9. -9. -9. -9. -9. -9. -9. -9. -9. -9. -9. -9. -9. -9. -9. -9. -9. -9.
 -9. -9. -9. -9. -9. -9. -9. -9. -9. -9. -9. -9. -9. -9. -9. -9. -9. -9.
 -9. -9. -9. -9. -9. -9. -9. -9. -9. -9. -9. -9. -9. -9. -9. -9. -9. -9.
 -9. -9. -9. -9. -9. -9. -9. -9. -9. -9. -9. -9. -9. -9. -9. -9. -9. -9.
 -9. -9. -9. -9. -9. -9. -9. -9. -9. -9. -9. -9. -9. -9. -9. -9. -9. -9.
 -9. -9. -9. -9. -9. -9. -9. -9. -9. -9. -9. -9. -9. -9. -9. -9. -9. -9.
 -9. -9. -9. -9. -9. -9. -9. -9. -9. -9. -9. -9. -9. -9. -9. -9. -9. -9.
 -9. -9. -9. -9. -9. -9. -9. -9. -9. -9. -9. -9. -9. -9. -9. -9. -9. -9.
 -9. -9. -9. -9. -9. -9. -9. -9. -9. -9. -9. -9. -9. -9. -9. -9. -9. -9.
 -9. -9. -9. -9. -9. -9. -9. -9. -9. -9. -9. -9. -9. -9.]","[   49.62134     -13.269353    233.37767     263.62753    -356.7075
   221.07803     109.74164     256.9438       57.742798    -33.62052
   152.21016    -344.28116    -238.01404     180.11984     236.65137
    97.78615     102.34954     186.9084     -305.9884      190.91695
  -151.04442      94.16579     351.6407      232.21542    -161.13739
  -283.28415    -319.7904       78.93154     237.44066      73.6467
   382.71445    -162.14793    -285.10382    -211.48796      60.90003
   351.1133      278.38266    -417.3416     -403.6246     -308.0821
  -407.18597     -99.873505   -140.9616     -341.1118        3.9619133
   390.93506      64.226555  -1252.8978     -517.1908    -1111.2994
   657.36035     106.67763   -1261.8309    -1211.4778    -1170.1776
 -1304.946      -451.10345    1070.6168      917.35406     779.1677
   -88.371605    611.04346    1123.3097     1127.6304     -708.7104
 -1133.0754     1128.0719    -1212.7612    -1294.9509     -798.64325
 -1207.2223    -1026.0524     1094.9182     1162.1287     -845.22095
  -546.8253     -357.88184     664.0065     -494.01428    -488.02048
  -481.28577    -507.75534    -272.16        155.34955    -483.72763
  -433.13727     139.32619    -415.8059      -39.326977   -423.0939
  -466.06335    -472.20996    -197.65312    -112.79642    -390.08115
   330.61755    -489.70233    -428.28897     293.9466     -475.0048
   382.22818     403.92807    -231.21985    -206.56444     418.8551
   235.38934    -500.84436    -465.16122     142.6495      106.94213
  -448.04556    -478.87088     -11.073465     30.17312    -272.3108
   307.86227     423.99838    -468.57       -368.1727      427.62042
  -209.83762    -208.16129    -396.6735     -447.60532    -484.43195
  -471.99048     -66.41912     -90.26143    -342.44873      13.862228
  -424.33502    -292.00177     -33.845955    450.89636    -425.86798
  -374.43436     409.98157     319.24808    -183.44124    -121.34313
    64.12497    -150.97166    -153.16136    -517.61005    -513.2625
  -437.1294       52.070103   -487.81943    -439.32025     507.10803
   415.2739     -494.28467    -349.14377    -484.37204    -454.56763
  -353.5083      -60.28461    -455.81183    -298.9346      115.661446
  -516.54407    -259.62256     591.39166    -700.14154     533.7802
   551.11237     558.07874     324.02322    -305.58182     510.4959
   449.49133    -697.31445     638.36584    -694.2226     -553.79724
    31.263752   -476.93756    -713.68774     189.59508    -410.7489
   -51.864605   -446.14148     183.97723    -190.84515    -747.36566
  -133.22354    -108.518036   -115.03554     666.3677     -703.1078
  -633.684      -493.1547      -54.21865    -430.03616    -611.89886
   680.11475     661.7221      666.26556    -654.1641     -329.9787
  -273.3671     -685.15625    -726.82196     651.56177     658.08057
  -309.5169      184.36403     699.2917      364.96487     671.9135
  -574.1838     -628.5825     -143.10918    -267.32007    -709.2177
  -444.3153     -644.2459      484.93878     411.87192    -721.4512
   541.2737     -735.3136      230.21152    -322.50208    -485.19904
  -648.49286    -718.2684     -702.8042      767.9163      716.72833
   132.63863    -743.73456     711.0356     -272.50742    -319.81384
  -319.66907    -321.02026     121.99194     394.5903     -336.28592
   242.49074    -252.36389     201.02959     195.17242     103.731544
   196.67741     285.2587     -239.48221       3.9752815  -488.3292
  -221.65047    -254.57433      91.089134   -466.36264    -214.19669
  -477.8072     -239.26932    -267.86124     325.8012      320.06906
  -460.44388    -472.97418     199.12411     283.33704     330.26093
  -463.53397     371.26672      12.73864    -390.8287     -380.97955
  -381.34305     154.21065      83.57326    -420.45016     457.27863
  -198.42297      64.972496   -201.3249      149.90417     186.37215
  -394.4475       -9.6733465   -90.7743     -196.04749  ]","[47.8963   51.93908  55.813137 51.80407  36.419785 38.196297 43.91826
 41.51299  42.75262  48.51499  57.07159  52.931293 36.704212 45.73857
 47.710217 42.00885  38.46341  38.33979  46.005413 46.90457  54.845676
 49.993023 52.798607 46.47565  46.85327  63.665775 44.95794  37.290325
 38.76884  51.54541  47.67059  40.097267 43.09331  39.090202 36.968704
 47.939987 43.800026 45.97745  46.274982 63.280746 64.15333  57.95884
 59.26914  33.48901  37.25561  41.88137  45.23215  20.405806 19.978699
 20.833735 26.690828 19.93598  24.139282 19.8398   19.809044 24.691021
 26.68658  23.755028 20.195232 23.73678  23.15201  21.455776 23.999294
 24.01704  19.876755 19.926912 21.896702 21.53567  20.557888 19.638344
 19.632824 19.533064 21.743624 21.610306 19.746231 19.399672 19.707338
 22.022308 24.185347 22.55409  17.28638  17.62447  20.362047 18.413555
 17.62231  17.646439 17.486917 17.725817 17.444584 16.407663 16.380888
 17.777714 16.442593 16.657372 23.507519 18.568089 16.240244 18.842516
 16.89023  18.594973 21.322426 21.116116 22.844141 22.704147 17.24575
 27.761942 22.081413 17.50184  18.3178   17.579645 20.580215 19.659702
 19.283688 18.902325 16.848837 17.442835 17.71888  17.130507 17.68003
 17.124105 17.979391 17.437983 17.14589  17.14839  19.452862 19.516806
 18.526127 18.773432 17.509785 23.482468 18.63549  16.9573   18.674143
 18.475107 18.35595  16.906109 17.497301 19.65638  16.708845 16.319605
 16.660334 17.221706 17.169159 16.320051 16.34604  17.324741 17.256506
 20.437855 21.225332 17.953064 18.031599 19.204004 18.15042  16.469995
 16.656376 16.521133 17.407072 17.505018 16.318851 16.657768 16.516298
 16.848238 18.242445 16.49764  17.57137  17.62454  17.636055 18.767029
 16.643137 18.317638 18.158482 17.837345 17.47576  19.877472 18.725157
 16.569014 18.561085 18.487528 17.452068 17.037685 18.041862 16.135906
 17.428787 16.910032 16.524744 17.66131  18.439945 18.302269 18.194948
 16.83557  16.756317 17.042871 16.42698  16.947817 16.80586  18.01992
 17.862896 18.38458  17.762415 18.604656 18.761887 17.067995 17.701155
 19.802805 18.013569 17.689949 17.003244 17.755478 16.990147 17.452684
 16.364794 16.630608 16.596357 16.5428   16.11662  16.243345 16.65556
 16.998922 16.890427 16.999634 17.938004 17.17522  17.948044 16.140022
 16.609478 16.427885 40.21914  61.93045  48.613632 46.394756 47.27996
 42.54458  52.484573 33.731262 31.521936 21.860144 22.33946  22.652212
 30.690052 27.932163 22.024706 22.665878 22.067333 23.147238 22.245516
 22.595556 26.510239 22.08439  25.34535  26.657675 27.604727 26.670843
 21.60589  31.205662 28.982353 24.816841 24.797085 24.872694 26.030123
 25.661285 25.718706 22.155798 21.68057  21.789856 20.844608 21.843216
 26.793844 22.580397 21.521595 21.806845 22.663471 26.630814 26.573872
 33.63189  26.05717  21.595697 28.385303 21.113432 21.800592 21.797132
 25.044641 25.857567 27.043371 22.567669]","[2.05 2.43 2.36 2.26 1.71 1.67 1.91 1.55 1.54 1.87 2.19 2.95 1.69 2.38
 2.25 1.93 1.76 1.74 2.54 2.57 2.78 2.44 2.59 2.14 2.47 3.65 2.18 1.66
 1.78 2.85 2.38 1.84 2.31 1.82 1.63 2.66 2.3  2.52 2.52 2.77 2.8  2.63
 2.7  1.37 1.62 1.98 2.5  2.57 2.6  2.23 3.22 2.08 3.74 2.04 1.98 5.08
 3.92 2.99 1.97 3.7  4.24 3.35 2.57 2.57 2.33 1.78 2.75 5.2  1.82 1.66
 1.58 1.63 2.22 2.18 2.37 1.79 2.22 2.1  3.42 3.21 2.07 2.14 2.36 1.95
 2.29 1.91 2.06 1.73 1.7  1.71 1.71 2.39 1.61 1.64 2.87 1.41 1.68 2.36
 1.57 2.23 2.08 2.08 2.75 2.74 1.77 3.07 2.08 2.38 2.5  1.84 2.88 2.91
 2.81 2.76 2.04 1.54 1.57 2.18 2.44 1.58 1.64 1.51 2.21 2.23 2.27 2.28
 2.34 2.4  1.66 1.95 1.46 2.06 2.61 2.05 1.9  1.49 1.54 2.21 1.82 1.57
 1.69 1.85 1.84 1.76 1.77 2.31 1.77 2.24 2.34 1.67 1.69 1.75 1.67 1.62
 1.97 1.75 2.45 2.27 1.62 1.69 2.   2.4  2.01 2.04 1.68 2.31 2.32 2.33
 2.13 2.98 2.94 3.42 1.81 3.68 2.95 1.66 3.37 3.22 2.72 2.73 3.42 1.53
 2.55 2.41 1.76 3.23 2.89 2.87 2.06 2.43 1.64 1.77 1.81 2.47 2.44 2.4
 2.36 1.6  1.84 4.23 4.32 2.65 3.12 4.44 2.39 2.42 1.58 1.99 1.68 1.68
 1.87 1.39 1.96 2.   1.54 1.57 2.25 1.4  1.4  2.73 2.56 2.16 2.07 1.66
 2.25 1.93 1.92 2.39 2.89 2.19 3.57 2.76 4.11 2.87 2.7  1.76 1.82 1.94
 3.13 2.94 1.67 2.22 1.63 1.84 1.95 1.99 2.21 1.94 2.01 2.59 2.28 2.21
 1.87 2.88 2.35 2.76 2.74 2.77 2.9  2.85 2.5  2.11 1.81 1.59 1.35 1.64
 2.96 2.06 2.01 2.04 2.26 2.32 2.31 2.55 2.54 1.73 2.43 1.55 1.76 1.76
 2.73 2.05 2.16 1.52]","[45.49 44.98 46.05 45.62 43.62 46.54 49.51 54.22 55.22 54.75 55.38 44.23
 43.86 45.92 46.55 46.02 46.41 46.41 43.13 43.13 50.58 50.56 51.01 51.
 44.84 45.1  44.23 46.36 46.19 44.69 47.94 48.06 42.87 46.54 46.44 42.31
 42.6  42.6  42.98 50.59 50.47 50.   49.65 44.29 47.69 47.38 42.16 14.19
 14.11 14.16 12.81 14.03 13.28 13.83 13.85 23.09 52.47 13.81 20.   13.92
 13.71 13.83 14.54 14.49 42.46 14.07 14.06 14.   15.05 14.57 14.4  14.49
 14.22 14.19 13.79 13.9  13.86 14.2  37.73 37.47 33.49 33.8  51.01 49.08
 36.06 35.03 34.91 52.42 48.21 32.67 32.79 32.68 32.33 32.66 48.47 71.19
 31.66 40.89 37.46 46.48 62.16 61.6  59.41 59.68 31.75 70.88 72.6  32.96
 34.02 43.45 46.26 40.3  37.2  36.25 31.58 49.56 48.97 32.87 31.79 32.14
 59.25 58.1  31.41 31.5  45.74 45.88 42.3  42.23 54.39 81.6  75.82 31.62
 33.18 34.91 54.04 50.97 47.17 36.89 31.96 31.59 31.76 39.92 39.64 31.54
 31.6  31.62 41.2  52.33 52.69 47.93 48.09 63.4  60.47 39.66 31.59 32.25
 23.78 23.92 22.53 22.42 22.24 22.14 23.47 22.34 51.55 24.21 24.42 24.14
 22.11 22.53 22.29 22.51 22.31 24.13 24.05 22.58 23.57 23.66 22.19 22.3
 22.44 22.61 22.37 25.68 44.37 22.1  24.58 24.47 43.75 22.39 54.36 53.13
 24.91 22.43 22.21 22.24 22.21 68.35 62.08 22.27 22.47 22.35 22.87 22.25
 22.47 25.03 24.43 23.11 22.76 22.97 22.79 57.99 22.78 22.65 22.46 22.46
 22.08 22.52 22.49 21.98 22.41 42.6  23.76 36.95 22.39 22.62  4.5   3.16
  4.36  4.45  4.32  4.34  4.22 57.88 58.24 47.05 47.76 48.69 53.42 51.46
 52.03 43.5  54.01 55.79 44.36 45.01 54.85 47.09 63.75 50.69 62.35 61.37
 43.81 64.03 67.32 43.68 43.44 43.37 43.72 43.2  49.71 43.64 44.05 52.46
 52.48 56.95 45.73 46.04 42.61 42.86 43.05 54.07 54.31 75.26 48.76 50.11
 53.39 50.91 47.52 47.21 45.43 58.27 59.08 62.49]","[0.25 0.25 0.25 0.25 0.25 0.25 0.25 0.25 0.25 0.25 0.25 0.25 0.25 0.25
 0.25 0.25 0.25 0.25 0.25 0.25 0.25 0.25 0.25 0.25 0.25 0.25 0.25 0.25
 0.25 0.25 0.25 0.25 0.25 0.25 0.25 0.25 0.25 0.25 0.25 0.25 0.25 0.25
 0.25 0.25 0.25 0.25 0.25 0.25 0.25 0.25 0.25 0.25 0.25 0.25 0.25 0.25
 0.25 0.25 0.25 0.25 0.25 0.25 0.25 0.25 0.25 0.25 0.25 0.25 0.25 0.25
 0.25 0.25 0.25 0.25 0.25 0.25 0.25 0.25 0.25 0.25 0.25 0.25 0.25 0.25
 0.25 0.25 0.25 0.25 0.25 0.25 0.25 0.25 0.25 0.25 0.25 0.25 0.25 0.25
 0.25 0.25 0.25 0.25 0.25 0.25 0.25 0.25 0.25 0.25 0.25 0.25 0.25 0.25
 0.25 0.25 0.25 0.25 0.25 0.25 0.25 0.25 0.25 0.25 0.25 0.25 0.25 0.25
 0.25 0.25 0.25 0.25 0.25 0.25 0.25 0.25 0.25 0.25 0.25 0.25 0.25 0.25
 0.25 0.25 0.25 0.25 0.25 0.25 0.25 0.25 0.25 0.25 0.25 0.25 0.25 0.25
 0.25 0.25 0.25 0.25 0.25 0.25 0.25 0.25 0.25 0.25 0.25 0.25 0.25 0.25
 0.25 0.25 0.25 0.25 0.25 0.25 0.25 0.25 0.25 0.25 0.25 0.25 0.25 0.25
 0.25 0.25 0.25 0.25 0.25 0.25 0.25 0.25 0.25 0.25 0.25 0.25 0.25 0.25
 0.25 0.25 0.25 0.25 0.25 0.25 0.25 0.25 0.25 0.25 0.25 0.25 0.25 0.25
 0.25 0.25 0.25 0.25 0.25 0.25 0.25 0.25 0.25 0.25 0.25 0.25 0.25 0.25
 0.25 0.25 0.25 0.25 0.25 0.25 0.25 0.25 0.25 0.25 0.25 0.25 0.25 0.25
 0.25 0.25 0.25 0.25 0.25 0.25 0.25 0.25 0.25 0.25 0.25 0.25 0.25 0.25
 0.25 0.25 0.25 0.25 0.25 0.25 0.25 0.25 0.25 0.25 0.25 0.25 0.25 0.25
 0.25 0.25 0.25 0.25 0.25 0.25 0.25 0.25 0.25 0.25 0.25 0.25 0.25 0.25
 0.25 0.25 0.25 0.25]","[29.89 29.92 29.83 29.88 30.08 30.07 30.02 30.01 29.97 29.95 29.9  30.05
 30.07 30.09 30.   30.03 30.09 30.09 30.07 30.07 30.08 30.08 30.08 30.07
 30.06 30.05 29.99 30.09 30.09 30.07 30.08 30.08 30.07 30.08 30.09 30.06
 30.06 30.05 30.05 29.9  29.89 29.95 29.94 30.07 30.09 30.09 30.07 31.39
 31.41 31.32 30.93 31.44 31.06 31.43 31.43 31.34 31.58 31.25 31.57 31.23
 31.2  31.39 31.22 31.22 31.63 31.41 31.43 31.4  31.35 31.42 31.45 31.44
 31.43 31.45 31.43 31.45 31.43 31.31 31.09 31.14 31.27 31.25 31.3  31.35
 31.31 31.22 31.31 31.35 31.35 31.3  31.3  31.27 31.29 31.28 31.19 31.38
 31.3  31.28 31.33 31.34 31.32 31.33 31.36 31.37 31.3  31.36 31.34 31.3
 31.3  31.34 31.35 31.33 31.31 31.32 31.3  31.36 31.35 31.3  31.28 31.29
 31.37 31.37 31.29 31.29 31.27 31.27 31.34 31.33 31.37 31.31 31.38 31.29
 31.26 31.25 31.36 31.35 31.35 31.18 31.29 31.3  31.3  31.32 31.32 31.3
 31.3  31.29 31.33 31.27 31.25 31.35 31.34 31.33 31.37 31.33 31.3  31.29
 31.44 31.39 31.48 31.48 31.47 31.47 31.4  31.48 31.61 31.49 31.49 31.33
 31.47 31.45 31.45 31.45 31.48 31.31 31.33 31.48 31.39 31.38 31.47 31.47
 31.45 31.49 31.46 31.5  31.6  31.46 31.38 31.39 31.58 31.47 31.62 31.61
 31.51 31.46 31.47 31.46 31.47 31.64 31.63 31.46 31.46 31.46 31.44 31.46
 31.46 31.4  31.45 31.47 31.48 31.48 31.48 31.6  31.48 31.48 31.49 31.48
 31.47 31.48 31.48 31.47 31.46 31.59 31.38 31.58 31.48 31.48 29.47 28.55
 29.4  29.47 29.37 29.38 29.29 30.82 30.86 30.95 30.94 30.99 30.97 30.99
 31.   30.98 31.   31.01 30.97 30.97 30.92 30.99 31.01 30.94 30.96 30.97
 30.99 31.01 30.98 30.98 30.98 30.98 30.98 30.98 30.95 30.98 30.98 31.
 31.01 31.01 30.99 30.99 30.99 30.98 30.98 30.93 30.93 30.95 30.97 31.
 30.86 30.99 30.99 30.99 30.99 30.93 30.91 30.98]","[0.005 0.005 0.005 0.005 0.005 0.005 0.005 0.005 0.005 0.005 0.005 0.005
 0.005 0.005 0.005 0.005 0.005 0.005 0.005 0.005 0.005 0.005 0.005 0.005
 0.005 0.005 0.005 0.005 0.005 0.005 0.005 0.005 0.005 0.005 0.005 0.005
 0.005 0.005 0.005 0.005 0.005 0.005 0.005 0.005 0.005 0.005 0.005 0.005
 0.005 0.005 0.005 0.005 0.005 0.005 0.005 0.005 0.005 0.005 0.005 0.005
 0.005 0.005 0.005 0.005 0.005 0.005 0.005 0.005 0.005 0.005 0.005 0.005
 0.005 0.005 0.005 0.005 0.005 0.005 0.005 0.005 0.005 0.005 0.005 0.005
 0.005 0.005 0.005 0.005 0.005 0.005 0.005 0.005 0.005 0.005 0.005 0.005
 0.005 0.005 0.005 0.005 0.005 0.005 0.005 0.005 0.005 0.005 0.005 0.005
 0.005 0.005 0.005 0.005 0.005 0.005 0.005 0.005 0.005 0.005 0.005 0.005
 0.005 0.005 0.005 0.005 0.005 0.005 0.005 0.005 0.005 0.005 0.005 0.005
 0.005 0.005 0.005 0.005 0.005 0.005 0.005 0.005 0.005 0.005 0.005 0.005
 0.005 0.005 0.005 0.005 0.005 0.005 0.005 0.005 0.005 0.005 0.005 0.005
 0.005 0.005 0.005 0.005 0.005 0.005 0.005 0.005 0.005 0.005 0.005 0.005
 0.005 0.005 0.005 0.005 0.005 0.005 0.005 0.005 0.005 0.005 0.005 0.005
 0.005 0.005 0.005 0.005 0.005 0.005 0.005 0.005 0.005 0.005 0.005 0.005
 0.005 0.005 0.005 0.005 0.005 0.005 0.005 0.005 0.005 0.005 0.005 0.005
 0.005 0.005 0.005 0.005 0.005 0.005 0.005 0.005 0.005 0.005 0.005 0.005
 0.005 0.005 0.005 0.005 0.005 0.005 0.005 0.005 0.005 0.005 0.005 0.005
 0.005 0.005 0.005 0.005 0.005 0.005 0.005 0.005 0.005 0.005 0.005 0.005
 0.005 0.005 0.005 0.005 0.005 0.005 0.005 0.005 0.005 0.005 0.005 0.005
 0.005 0.005 0.005 0.005 0.005 0.005 0.005 0.005 0.005 0.005 0.005 0.005
 0.005 0.005 0.005 0.005 0.005 0.005 0.005 0.005 0.005 0.005 0.005 0.005
 0.005 0.005 0.005 0.005 0.005 0.005 0.005 0.005]","[1. 1. 1. 1. 1. 1. 1. 1. 1. 1. 1. 1. 1. 1. 1. 1. 1. 1. 1. 1. 1. 1. 1. 1.
 1. 1. 1. 1. 1. 1. 1. 1. 1. 1. 1. 1. 1. 1. 1. 1. 1. 1. 1. 1. 1. 1. 1. 1.
 1. 1. 1. 1. 1. 1. 1. 1. 1. 1. 1. 1. 1. 1. 1. 1. 1. 1. 1. 1. 1. 1. 1. 1.
 1. 1. 1. 1. 1. 1. 1. 1. 1. 1. 1. 1. 1. 1. 1. 1. 1. 1. 1. 1. 1. 1. 1. 1.
 1. 1. 1. 1. 1. 1. 1. 1. 1. 1. 1. 1. 1. 1. 1. 1. 1. 1. 1. 1. 1. 1. 1. 1.
 1. 1. 1. 1. 1. 1. 1. 1. 1. 1. 1. 1. 1. 1. 1. 1. 1. 1. 1. 1. 1. 1. 1. 1.
 1. 1. 1. 1. 1. 1. 1. 1. 1. 1. 1. 1. 1. 1. 1. 1. 1. 1. 1. 1. 1. 1. 1. 1.
 1. 1. 1. 1. 1. 1. 1. 1. 1. 1. 1. 1. 1. 1. 1. 1. 1. 1. 1. 1. 1. 1. 1. 1.
 1. 1. 1. 1. 1. 1. 1. 1. 1. 1. 1. 1. 1. 1. 1. 1. 1. 1. 1. 1. 1. 1. 1. 1.
 1. 1. 1. 1. 1. 1. 1. 1. 1. 1. 1. 1. 1. 1. 1. 1. 1. 1. 1. 1. 1. 1. 1. 1.
 1. 1. 1. 1. 1. 1. 1. 1. 1. 1. 1. 1. 1. 1. 1. 1. 1. 1. 1. 1. 1. 1. 1. 1.
 1. 1. 1. 1. 1. 1. 1. 1. 1. 1. 1. 1. 1. 1. 1. 1. 1. 1. 1. 1.]","[17.870817 17.867575 17.831509 17.835936 17.933247 17.839636 17.867851
 17.851206 17.8563   17.877531 17.826    17.938404 17.925    17.860302
 17.849361 17.85973  17.854166 17.853638 17.916023 17.847025 17.903063
 17.864206 17.837574 17.840425 17.903484 17.928    17.925    17.860575
 17.844404 17.862015 17.82862  17.904198 17.924301 17.923779 17.861908
 17.826    17.82904  17.932833 17.942612 17.932787 17.932121 17.889908
 17.888636 17.928    17.87539  17.82738  17.86696  17.54304  17.462723
 17.52814  17.346724 17.395912 17.541922 17.536634 17.533167 17.544455
 17.453852 17.304575 17.319603 17.330341 17.414198 17.353197 17.304907
 17.303818 17.480906 17.530138 17.303612 17.542326 17.54462  17.490103
 17.539532 17.513985 17.303389 17.302    17.499197 17.468016 17.443684
 17.342724 17.934    17.934    17.936754 17.937325 17.901453 17.839167
 17.934    17.926405 17.841301 17.929674 17.867167 17.933546 17.93465
 17.93388  17.893738 17.88131  17.916882 17.810024 17.935532 17.92592
 17.816862 17.929388 17.800064 17.79896  17.89331  17.891361 17.795454
 17.82264  17.938    17.934    17.838638 17.843016 17.934    17.934
 17.86331  17.861908 17.900595 17.811739 17.798103 17.935    17.914015
 17.79588  17.89134  17.894913 17.927261 17.92865  17.936    17.935532
 17.868444 17.871626 17.913881 17.852167 17.932531 17.900167 17.864595
 17.79588  17.934    17.916882 17.798676 17.809078 17.886301 17.882168
 17.849596 17.885166 17.88088  17.93761  17.93861  17.934    17.850452
 17.934954 17.934    17.796612 17.799469 17.934    17.917444 17.934
 17.930676 17.913025 17.65873  17.709595 17.690556 17.636158 17.716127
 17.683056 17.576794 17.745    17.584223 17.584223 17.586302 17.61027
 17.6863   17.586302 17.59469  17.740896 17.571093 17.739182 17.720024
 17.643587 17.71373  17.744612 17.626587 17.701015 17.653912 17.704985
 17.626015 17.67334  17.745    17.66577  17.665054 17.668518 17.569897
 17.745531 17.731636 17.713362 17.656769 17.70727  17.731262 17.570093
 17.573364 17.569818 17.736713 17.694729 17.681984 17.742046 17.746
 17.572063 17.570103 17.687128 17.624945 17.569    17.602842 17.572063
 17.72012  17.734936 17.671198 17.6863   17.73912  17.708738 17.733168
 17.59469  17.603159 17.744532 17.582638 17.746    17.619158 17.68573
 17.713158 17.736214 18.435139 18.44296  18.114    18.114754 18.235523
 18.446325 18.120596 17.764635 17.763206 17.773493 17.772242 17.71073
 17.674635 17.768738 17.69569  17.762024 17.70231  17.697779 17.713778
 17.703167 17.682634 17.759861 17.726912 17.795326 17.762453 17.76031
 17.714159 17.797247 17.756023 17.793104 17.766596 17.759361 17.687635
 17.686207 17.786852 17.79439  17.70169  17.69688  17.682064 17.787
 17.671    17.724443 17.781454 17.780636 17.78396  17.71073  17.713587
 17.787    17.67     17.753769 17.723207 17.753769 17.706362 17.70231
 17.786531 17.731913 17.741064 17.755913]",206.45407475383914,-64.3288170612917,91,284,36080,36363,2.1915693,0.10957847,-9.0,-9.0,-9.0,-9.0,0.0,0.0,0,0,0,0,-9.0,-9.0,-9.0,-9.0,-999.0,-999.0,-9.0,-9.0,-99.0,-9999.0,-9999.0,-9999.0,-9999.0,-9999.0,-9999.0,-9999.0,-9999.0,-9999.0,0,-9999.0,0,,,,,,,,,,,,999.0,999.0,999.0,999.0,999.0,999.0,999.0,999.0,999.0,999.0,999.0,999.0,0,0,-9.0,-9.0,-9.0,-9.0,-999.0,-999.0,-9.0,-9.0,-9999.0,-9999.0,-9999.0,-9999.0,-9999.0,-9999.0,-9999.0,-9999.0,-9999.0,0,-9999.0,0,999.0,999.0,999.0,999.0,999.0,999.0,999.0,999.0,999.0,999.0,999.0,999.0,,,,,,,,,,,,-999.0,-999.0,-999.0,-999.0,-999.0,-999.0,60795.37,60796.043,60796.043,61891.227,LCLIB,12,91,ZTFDR3VS,22045,42833,1,0,3,0.0,0.0,0.0,1,0.0,-9,0.0,0.0,206.45407104492188,-64.32881927490234,0.0,60796.0,-9.0,0.0,-9.0,-9.0,18.11926,17.303755,17.569,17.795,17.671,17.827246,1.0,1.0,1.0,1.0,1.0,1.0,,,,,,,-9,18.258234,17.409687,17.64979,17.860506,17.727465,17.87807,,,,,,,,,,,,,,,,,,,,,,,,,,,,
97153243,"[60813.3801 60813.4027 60841.1804 60841.1813 60845.1159 60845.1384
 60862.1669 60862.1897 60923.0205 60925.0532 60925.076  61135.3975
 61135.4086 61158.3669 61217.1721 61243.0813 61243.1039 61282.9881
 61485.3835 61485.3935 61515.3408 61515.3637 61545.3674 61546.3527
 61635.1558 61892.35   60843.1736 60843.1831 60844.1434 60848.2365
 60848.2517 60855.1528 60855.1532 60876.097  61151.3673 61173.3384
 61234.1594 61264.0413 61267.0419 61284.0875 61509.3838 61530.3031
 61559.324  61595.2343 61619.1278 61673.0191 61888.3475 60833.2276
 60844.2764 60853.1241 60857.1123 60873.0864 60881.2398 60882.1453
 60900.1498 60900.1503 60907.0354 60916.0697 60925.9782 60933.0271
 60954.9908 61144.3271 61145.3885 61153.3866 61159.4162 61170.3005
 61175.3588 61181.2644 61209.2762 61210.33   61223.2197 61224.1821
 61227.2803 61271.0438 61281.0356 61285.0863 61290.0159 61294.0157
 61513.3428 61537.3185 61540.295  61551.3056 61552.3232 61590.1061
 61626.035  61638.0842 61643.1135 61649.0696 61650.0722 61653.035
 61861.411  61868.3807 61883.4049 61887.3958 61889.39   60843.1497
 60843.1591 60844.1197 60844.2523 60855.1769 60855.1774 60877.1895
 60881.2159 60882.1212 60900.126  60900.1265 60905.1068 60933.0027
 61144.3519 61145.3645 61153.3613 61159.4049 61173.3627 61175.3341
 61181.2403 61209.2519 61227.2562 61234.1838 61236.1752 61264.0657
 61267.0661 61271.0684 61284.1116 61509.3599 61537.2946 61540.2706
 61559.3481 61590.1303 61595.2101 61619.1519 61643.0896 61649.0454
 61650.0961 61673.0431 61854.413  61859.4089 61861.3993 61868.3566
 61883.3936 61889.3787 60848.2142 60848.2283 60876.074  60877.1663
 60905.0839 61888.3241 60833.2515 60841.1565 60841.1574 60853.1479
 60857.1365 60899.9794 60907.0594 60916.0456 60922.9963 60925.9891
 60955.0018 61158.3421 61170.3252 61210.3539 61217.1477 61223.2437
 61224.2065 61281.0598 61282.9772 61294.0398 61488.3933 61497.4139
 61513.367  61545.3913 61546.3288 61551.3298 61552.3471 61626.059
 61635.1314 61638.1081 61653.01   61887.4071]","['Y' 'Y' 'Y' 'Y' 'Y' 'Y' 'Y' 'Y' 'Y' 'Y' 'Y' 'Y' 'Y' 'Y' 'Y' 'Y' 'Y' 'Y'
 'Y' 'Y' 'Y' 'Y' 'Y' 'Y' 'Y' 'Y' 'g' 'g' 'g' 'g' 'g' 'g' 'g' 'g' 'g' 'g'
 'g' 'g' 'g' 'g' 'g' 'g' 'g' 'g' 'g' 'g' 'g' 'i' 'i' 'i' 'i' 'i' 'i' 'i'
 'i' 'i' 'i' 'i' 'i' 'i' 'i' 'i' 'i' 'i' 'i' 'i' 'i' 'i' 'i' 'i' 'i' 'i'
 'i' 'i' 'i' 'i' 'i' 'i' 'i' 'i' 'i' 'i' 'i' 'i' 'i' 'i' 'i' 'i' 'i' 'i'
 'i' 'i' 'i' 'i' 'i' 'r' 'r' 'r' 'r' 'r' 'r' 'r' 'r' 'r' 'r' 'r' 'r' 'r'
 'r' 'r' 'r' 'r' 'r' 'r' 'r' 'r' 'r' 'r' 'r' 'r' 'r' 'r' 'r' 'r' 'r' 'r'
 'r' 'r' 'r' 'r' 'r' 'r' 'r' 'r' 'r' 'r' 'r' 'r' 'r' 'r' 'u' 'u' 'u' 'u'
 'u' 'u' 'z' 'z' 'z' 'z' 'z' 'z' 'z' 'z' 'z' 'z' 'z' 'z' 'z' 'z' 'z' 'z'
 'z' 'z' 'z' 'z' 'z' 'z' 'z' 'z' 'z' 'z' 'z' 'z' 'z' 'z' 'z' 'z']","[6144 4096 4096 4096 4096    0 4096 4096 4096 4096    0 4096 4096 4096
 4096 4096 4096 4096 4096 4096 4096 4096 4096 4096 4096    0 4096 4096
 4096 4096 4096 4096 4096 4096 4096 4096 4096 4096 4096 4096 4096 4096
 4096 4096 4096 4096 4096 4096 4096 4096 4096 4096 4096 4096 4096 4096
 4096 4096 4096 4096 4096 4096 4096 4096 4096 4096 4096 4096 4096 4096
 4096 4096 4096 4096 4096 4096 4096 4096 4096 4096 4096 4096 4096 4096
 4096 4096 4096 4096 4096 4096 4096 4096    0 4096 4096 4096 4096 4096
 4096 4096 4096 4096 4096 4096 4096 4096 4096 4096 4096 4096 4096 4096
 4096 4096 4096 4096 4096 4096 4096 4096 4096 4096 4096 4096 4096 4096
 4096 4096 4096 4096 4096 4096 4096 4096 4096 4096 4096 4096 4096 4096
 4096 4096 4096 4096 4096 4096    0 4096 4096 4096    0 4096 4096 4096
 4096 4096 4096 4096    0 4096 4096 4096 4096 4096    0 4096 4096 4096
 4096 4096    0 4096 4096 4096 4096 4096 4096 4096]","[-9. -9. -9. -9. -9. -9. -9. -9. -9. -9. -9. -9. -9. -9. -9. -9. -9. -9.
 -9. -9. -9. -9. -9. -9. -9. -9. -9. -9. -9. -9. -9. -9. -9. -9. -9. -9.
 -9. -9. -9. -9. -9. -9. -9. -9. -9. -9. -9. -9. -9. -9. -9. -9. -9. -9.
 -9. -9. -9. -9. -9. -9. -9. -9. -9. -9. -9. -9. -9. -9. -9. -9. -9. -9.
 -9. -9. -9. -9. -9. -9. -9. -9. -9. -9. -9. -9. -9. -9. -9. -9. -9. -9.
 -9. -9. -9. -9. -9. -9. -9. -9. -9. -9. -9. -9. -9. -9. -9. -9. -9. -9.
 -9. -9. -9. -9. -9. -9. -9. -9. -9. -9. -9. -9. -9. -9. -9. -9. -9. -9.
 -9. -9. -9. -9. -9. -9. -9. -9. -9. -9. -9. -9. -9. -9. -9. -9. -9. -9.
 -9. -9. -9. -9. -9. -9. -9. -9. -9. -9. -9. -9. -9. -9. -9. -9. -9. -9.
 -9. -9. -9. -9. -9. -9. -9. -9. -9. -9. -9. -9. -9. -9. -9. -9.]","[  3383.5361      487.9193    -3677.9248    -3507.3057    -2703.4739
    173.632      3502.2483     9221.593      4457.569      2814.4136
   -415.9313    -3578.8516    -2697.5146     9135.516     -3949.6611
  -2936.9346    -3727.7632    -2233.484     -2000.3376    -3492.5583
  -2432.962       368.53473   -3064.4822     5295.57       8270.583
   -577.2911    -1273.28       4805.8506     6039.355     27588.484
  25025.959     -8539.369     -8235.33      -6101.0713    10867.074
 -10964.22      -9222.347     -9631.567      4678.9624    -6124.0034
  -5881.8647    -1139.2666    -4809.8306    28083.498    -11186.191
 -10138.833     24530.402      8558.89       4876.4937    -6721.509
  -7092.49      17562.6       -1606.8721    -8084.34      22778.055
  22297.418     -9168.636     22592.572     -7806.857     -2353.0842
  -8259.772     -9093.976     -8054.9946    13521.5625    -1918.9344
  -7574.7856     8998.021     19047.008     -5856.7705     6238.9023
  -1255.0287    -5318.314     17248.42      -9050.755     -6834.5977
  21173.115     -9070.398     15376.687     -8721.038     -8285.615
  14064.083     -9188.486      2251.4192    -8258.841      4238.6416
  -8246.94      -8811.758      7420.6875    -7985.121     21475.479
  -8045.309     -6889.4          34.716278  -9230.628     -4379.726
  -7419.7705    -5757.6636    13633.357     -5016.205      2659.1387
   2802.5925    -3802.419      6148.887     -3632.6729    13510.4
  13659.241     -3669.2952    -7835.9897    -6462.866     -2819.031
  20794.402     -5567.009     -5657.9805    -3303.462      4529.0425
   1677.2839     2911.7898    -8586.4375    -5864.4688    -8424.501
  -3480.6248    -6299.3135    -7896.187       831.82806   -3886.9348
  20947.506     -7420.761     -8456.832     13195.417     -7159.5425
  -6759.842     -3825.1104    -8468.083     -1331.3097    -4226.561
   1418.536     -5451.342      -331.8315     3369.448     -6980.781
   7598.182     12112.964     -5452.2505    -5512.179     -5497.47
   4441.1196      462.19696   -4330.9717    -4508.8184    -4395.2085
    444.757      2272.4841    -3139.218      7064.6475     -919.2682
  -4443.8145    -4429.7095     2837.1858     -233.47586   -1035.553
  -4334.1143    -4257.64       2372.1833    -4380.6123     -197.68056
  11209.428      5506.342     -4427.005     -4336.81      -4320.6323
   -501.0531    -2808.8252    -3324.5234    -2355.3147    10133.648
  -4760.5254     8646.324     -4371.516   ]","[105.55212  104.40021  102.484924 101.96038  106.61963  103.26876
 103.51615  114.55681  104.82257  107.71026  110.04551   99.59604
 100.083176 116.87684  108.722595 104.0059   104.6276    98.46473
 105.12985  105.69624  102.06395  102.33946  122.323135 113.05564
 120.716324  99.41502   55.478397  61.719727  70.05715  161.43266
 149.85475   73.116425  72.61047   67.41805   85.58221   81.71347
  76.120865  77.63041   66.668236  66.725975  65.98745   60.51102
  65.440575 163.45435   82.782616  78.77268  145.85817   84.34237
  77.53642   78.74713   78.70187  114.47279   75.11525   81.77561
 134.01346  133.87546   84.07451  133.60382   79.14279   74.27074
  80.26519   83.25535   81.17849  100.018166  73.33993   79.53564
  86.32216  119.66077   77.071     81.97353   70.428055  74.67461
 114.40014   82.73847   76.27304  129.47609   83.527695 107.00953
  81.56635   81.03141  101.15903   82.87184   72.791046  81.98971
  75.69379   81.31195   83.64983   82.98143   80.57245  130.1112
  79.76466   79.009544  72.29955   83.291794  74.72217   65.94223
  62.09616   91.68438   60.56518   59.798046  59.81852   60.734665
  68.3527    60.088352  90.246735  91.55024   60.637848  68.548195
  64.32357   59.60038  121.76435   63.30269   63.39849   59.070004
  63.18246   58.825188  59.247746  70.269394  63.194115  70.21477
  59.502274  63.094032  67.469734  58.095665  59.737305 121.158485
  68.42351   69.81504   89.84184   66.71758   65.57102   59.86991
  70.27682   58.894154  58.26393   57.92209   62.372322  55.682224
  60.707783  65.809715 140.84235  164.97505  117.97051  115.739456
 116.905655 127.252235  63.94589   66.913475  66.90834   66.13534
  64.39278   68.11184   66.3608    73.49321   66.42984   66.68073
  66.781044  66.40142   63.912796  67.10336   68.14823   65.32566
  66.99799   65.189064  63.165703  85.669945  70.18282   64.81454
  65.43345   85.12874   65.0943    64.3852    65.98006   63.925346
  83.439476  67.197205  78.28014   66.06101 ]","[1.76 1.58 2.04 2.02 2.36 1.91 1.78 2.03 1.65 2.49 2.87 1.54 1.73 2.77
 3.24 2.53 2.76 1.4  2.36 2.56 2.08 2.12 4.15 2.63 2.55 1.67 1.93 1.84
 2.05 6.35 3.67 1.92 1.89 2.68 3.17 2.4  2.8  2.56 2.27 1.48 1.72 2.02
 2.81 2.48 3.28 1.97 1.73 2.12 2.27 1.95 1.71 1.57 2.43 2.9  3.35 3.44
 3.24 1.77 2.22 3.65 1.87 1.67 2.83 2.27 2.22 1.69 1.69 1.46 2.01 2.67
 1.45 2.53 2.67 1.65 1.43 1.82 2.56 1.96 1.52 1.74 1.5  2.87 1.82 1.69
 1.7  2.61 2.7  2.07 1.73 2.1  1.7  2.62 1.66 1.94 1.87 1.49 1.78 1.72
 2.35 1.82 1.79 2.48 2.71 2.47 3.44 3.52 2.94 2.96 1.63 3.18 2.01 2.29
 2.43 1.87 1.76 2.16 2.19 2.99 2.02 2.63 2.11 1.73 1.78 1.57 1.38 1.7
 3.24 2.08 2.13 2.47 2.6  1.95 2.2  2.13 1.65 2.52 1.6  1.65 1.7  1.96
 4.03 5.7  2.71 2.03 2.8  2.14 1.79 2.16 2.15 1.99 1.88 2.93 2.99 1.67
 3.05 2.34 1.98 2.02 1.87 2.37 3.04 1.57 2.5  1.5  1.39 1.92 1.7  1.36
 1.74 5.5  2.14 1.86 2.39 1.62 2.45 2.27 2.43 1.89]","[45.67 46.82 44.86 45.14 43.04 42.27 43.6  43.61 46.07 46.85 47.86 45.39
 48.8  41.02 44.56 42.17 41.79 41.89 43.96 43.76 45.61 45.23 51.7  51.97
 48.97 41.03 31.11 33.98 15.68 15.31 15.32 15.49 15.66 15.21 15.21 15.85
 15.4  15.03 14.98 16.7  15.48 15.11 15.38 15.5  15.05 15.95 15.25 44.77
 36.99 32.7  33.92 32.33 35.09 31.68 41.81 42.47 31.39 34.3  64.44 32.24
 68.12 32.74 31.78 31.63 33.61 36.29 32.   31.78 32.5  34.39 65.39 53.89
 40.73 35.13 54.78 32.82 31.72 32.05 39.86 31.61 31.68 46.14 40.9  32.77
 36.91 38.29 32.85 32.23 32.44 33.3  38.37 31.81 32.19 31.81 31.77 31.55
 33.07 24.52 32.38 23.65 23.76 23.64 24.19 23.24 37.57 38.02 23.29 23.69
 24.25 23.35 23.37 23.4  24.21 23.27 23.49 23.75 36.98 23.54 23.59 23.08
 23.11 30.15 35.19 23.76 23.41 27.59 24.21 23.76 23.86 23.53 23.5  23.48
 24.03 24.77 37.17 26.93 24.27 36.18 23.62 23.29  4.61  4.52  4.61  4.68
  4.6   4.68 48.24 53.48 54.37 42.71 42.93 45.07 41.81 43.29 55.36 56.19
 58.64 44.21 44.22 48.7  52.58 61.68 53.58 53.96 54.98 43.25 52.26 56.92
 42.41 71.29 68.46 49.84 47.54 44.26 59.92 47.39 42.67 42.9 ]","[0.25 0.25 0.25 0.25 0.25 0.25 0.25 0.25 0.25 0.25 0.25 0.25 0.25 0.25
 0.25 0.25 0.25 0.25 0.25 0.25 0.25 0.25 0.25 0.25 0.25 0.25 0.25 0.25
 0.25 0.25 0.25 0.25 0.25 0.25 0.25 0.25 0.25 0.25 0.25 0.25 0.25 0.25
 0.25 0.25 0.25 0.25 0.25 0.25 0.25 0.25 0.25 0.25 0.25 0.25 0.25 0.25
 0.25 0.25 0.25 0.25 0.25 0.25 0.25 0.25 0.25 0.25 0.25 0.25 0.25 0.25
 0.25 0.25 0.25 0.25 0.25 0.25 0.25 0.25 0.25 0.25 0.25 0.25 0.25 0.25
 0.25 0.25 0.25 0.25 0.25 0.25 0.25 0.25 0.25 0.25 0.25 0.25 0.25 0.25
 0.25 0.25 0.25 0.25 0.25 0.25 0.25 0.25 0.25 0.25 0.25 0.25 0.25 0.25
 0.25 0.25 0.25 0.25 0.25 0.25 0.25 0.25 0.25 0.25 0.25 0.25 0.25 0.25
 0.25 0.25 0.25 0.25 0.25 0.25 0.25 0.25 0.25 0.25 0.25 0.25 0.25 0.25
 0.25 0.25 0.25 0.25 0.25 0.25 0.25 0.25 0.25 0.25 0.25 0.25 0.25 0.25
 0.25 0.25 0.25 0.25 0.25 0.25 0.25 0.25 0.25 0.25 0.25 0.25 0.25 0.25
 0.25 0.25 0.25 0.25 0.25 0.25 0.25 0.25 0.25 0.25]","[30.07 30.03 30.09 30.1  30.03 30.06 30.11 30.11 30.11 30.09 30.06 30.11
 30.12 30.1  30.1  30.09 30.1  30.11 30.06 30.07 30.1  30.11 30.08 30.1
 30.03 30.11 31.69 31.7  31.48 31.47 31.47 31.5  31.51 31.49 31.49 31.51
 31.5  31.48 31.49 31.51 31.52 31.49 31.46 31.46 31.48 31.49 31.51 31.36
 31.32 31.3  31.31 31.31 31.25 31.3  31.32 31.31 31.3  31.32 31.39 31.3
 31.37 31.31 31.3  31.31 31.3  31.33 31.31 31.32 31.3  31.26 31.39 31.38
 31.29 31.33 31.38 31.3  31.31 31.31 31.35 31.31 31.32 31.36 31.35 31.3
 31.33 31.33 31.29 31.3  31.31 31.32 31.34 31.31 31.32 31.31 31.31 31.56
 31.56 31.48 31.57 31.51 31.52 31.48 31.45 31.5  31.58 31.57 31.48 31.5
 31.52 31.49 31.51 31.49 31.5  31.51 31.5  31.51 31.56 31.5  31.51 31.5
 31.5  31.57 31.54 31.51 31.52 31.55 31.46 31.5  31.5  31.49 31.49 31.51
 31.48 31.47 31.6  31.54 31.52 31.59 31.52 31.51 29.49 29.44 29.48 29.52
 29.5  29.53 31.01 31.   31.   30.99 30.99 30.97 30.99 31.   31.02 31.02
 31.   31.   31.   30.93 31.01 31.02 31.01 31.02 31.02 30.99 31.01 31.03
 31.   31.   31.03 31.01 30.99 31.   31.   30.99 30.99 30.99]","[0.005 0.005 0.005 0.005 0.005 0.005 0.005 0.005 0.005 0.005 0.005 0.005
 0.005 0.005 0.005 0.005 0.005 0.005 0.005 0.005 0.005 0.005 0.005 0.005
 0.005 0.005 0.005 0.005 0.005 0.005 0.005 0.005 0.005 0.005 0.005 0.005
 0.005 0.005 0.005 0.005 0.005 0.005 0.005 0.005 0.005 0.005 0.005 0.005
 0.005 0.005 0.005 0.005 0.005 0.005 0.005 0.005 0.005 0.005 0.005 0.005
 0.005 0.005 0.005 0.005 0.005 0.005 0.005 0.005 0.005 0.005 0.005 0.005
 0.005 0.005 0.005 0.005 0.005 0.005 0.005 0.005 0.005 0.005 0.005 0.005
 0.005 0.005 0.005 0.005 0.005 0.005 0.005 0.005 0.005 0.005 0.005 0.005
 0.005 0.005 0.005 0.005 0.005 0.005 0.005 0.005 0.005 0.005 0.005 0.005
 0.005 0.005 0.005 0.005 0.005 0.005 0.005 0.005 0.005 0.005 0.005 0.005
 0.005 0.005 0.005 0.005 0.005 0.005 0.005 0.005 0.005 0.005 0.005 0.005
 0.005 0.005 0.005 0.005 0.005 0.005 0.005 0.005 0.005 0.005 0.005 0.005
 0.005 0.005 0.005 0.005 0.005 0.005 0.005 0.005 0.005 0.005 0.005 0.005
 0.005 0.005 0.005 0.005 0.005 0.005 0.005 0.005 0.005 0.005 0.005 0.005
 0.005 0.005 0.005 0.005 0.005 0.005 0.005 0.005 0.005 0.005]","[1. 1. 1. 1. 1. 1. 1. 1. 1. 1. 1. 1. 1. 1. 1. 1. 1. 1. 1. 1. 1. 1. 1. 1.
 1. 1. 1. 1. 1. 1. 1. 1. 1. 1. 1. 1. 1. 1. 1. 1. 1. 1. 1. 1. 1. 1. 1. 1.
 1. 1. 1. 1. 1. 1. 1. 1. 1. 1. 1. 1. 1. 1. 1. 1. 1. 1. 1. 1. 1. 1. 1. 1.
 1. 1. 1. 1. 1. 1. 1. 1. 1. 1. 1. 1. 1. 1. 1. 1. 1. 1. 1. 1. 1. 1. 1. 1.
 1. 1. 1. 1. 1. 1. 1. 1. 1. 1. 1. 1. 1. 1. 1. 1. 1. 1. 1. 1. 1. 1. 1. 1.
 1. 1. 1. 1. 1. 1. 1. 1. 1. 1. 1. 1. 1. 1. 1. 1. 1. 1. 1. 1. 1. 1. 1. 1.
 1. 1. 1. 1. 1. 1. 1. 1. 1. 1. 1. 1. 1. 1. 1. 1. 1. 1. 1. 1. 1. 1. 1. 1.
 1. 1. 1. 1. 1. 1. 1. 1. 1. 1.]","[15.001411  15.03094   15.081408  15.080408  15.072079  15.040942
 14.999295  14.939961  14.98759   15.008549  15.043371  15.081185
 15.070297  14.943354  15.084     15.073555  15.081     15.064666
 15.061528  15.0773325 15.066961  15.033511  15.0727215 14.9804325
 14.949554  15.044411  14.923394  14.86391   14.852331  14.665766
 14.684443  14.997845  14.996668  14.9739275 14.80767   15.026568
 15.007888  15.011705  14.86448   14.9733715 14.971019  14.921645
 14.960196  14.662274  15.028     15.016255  14.690081  14.440489
 14.464453  14.545274  14.546612  14.383825  14.508802  14.555
 14.354509  14.355098  14.562     14.354     14.552196  14.51408
 14.555     14.562     14.553196  14.40945   14.510805  14.55153
 14.438276  14.37508   14.538235  14.456176  14.506156  14.533628
 14.38559   14.562     14.544451  14.360706  14.562     14.396557
 14.56      14.555     14.406508  14.562     14.482842  14.557019
 14.469851  14.556     14.560296  14.448158  14.553372  14.359215
 14.553313  14.546568  14.497489  14.562     14.527926  14.928962
 14.91204   14.734057  14.904609  14.831571  14.829512  14.892844
 14.799097  14.891784  14.734551  14.732198  14.891374  14.933452
 14.918805  14.883783  14.673216  14.910158  14.91157   14.886707
 14.8141985 14.839803  14.828688  14.94      14.912275  14.94
 14.888019  14.917864  14.932901  14.846862  14.894136  14.673275
 14.929097  14.938922  14.737374  14.925707  14.920745  14.892844
 14.939     14.868394  14.896117  14.84245   14.90947   14.858626
 14.82398   14.924118  15.807905  15.702552  16.154099  16.15304
 16.152185  15.882199  15.003888  15.059     15.059     15.058
 15.004805  14.984221  15.04455   14.934413  15.018472  15.0575485
 15.058     14.9775305 15.011445  15.020666  15.057     15.055408
 14.9829035 15.058     15.011254  14.891156  14.9508505 15.058
 15.056667  15.057     15.012778  15.04002   15.045555  15.035294
 14.903746  15.062     14.918903  15.058148 ]",273.459012855106,-3.7185565771035973,191,178,36496,36673,1.7195933,0.08597966,-9.0,-9.0,-9.0,-9.0,0.0,0.0,0,0,0,0,-9.0,-9.0,-9.0,-9.0,-999.0,-999.0,-9.0,-9.0,-99.0,-9999.0,-9999.0,-9999.0,-9999.0,-9999.0,-9999.0,-9999.0,-9999.0,-9999.0,0,-9999.0,0,,,,,,,,,,,,999.0,999.0,999.0,999.0,999.0,999.0,999.0,999.0,999.0,999.0,999.0,999.0,0,0,-9.0,-9.0,-9.0,-9.0,-999.0,-999.0,-9.0,-9.0,-9999.0,-9999.0,-9999.0,-9999.0,-9999.0,-9999.0,-9999.0,-9999.0,-9999.0,0,-9999.0,0,999.0,999.0,999.0,999.0,999.0,999.0,999.0,999.0,999.0,999.0,999.0,999.0,,,,,,,,,,,,-999.0,-999.0,-999.0,-999.0,-999.0,-999.0,60795.83,60813.38,60813.38,61889.39,LCLIB,12,91,ZTFDR3VS,51761,114,1,0,5,0.0,0.0,0.0,2,0.0,-9,0.0,0.0,273.4590148925781,-3.7185566425323486,0.0,60796.0,-9.0,0.0,-9.0,-9.0,16.138666,15.013332,14.930666,14.556,15.057,15.081,1.0,1.0,1.0,1.0,1.0,1.0,,,,,,,-9,15.995054,14.910338,14.855959,14.497766,15.008884,15.0387335,,,,,,,,,,,,,,,,,,,,,,,,,,,,
43520093,"[60925.3917 60925.4013 60953.2859 60953.3084 60955.3722 60958.3719
 60981.3532 61006.1848 61010.2091 61010.2105 61013.3121 61013.3231
 61042.169  61044.2045 61044.2275 61071.1403 61071.1634 61097.0594
 61098.0745 61124.1113 61124.1336 61336.2639 61336.2871 61338.2786
 61365.1567 61366.1937 61367.2131 61367.2364 61370.3422 61426.2765
 61426.299  61427.0562 61428.2068 61428.2293 61454.0577 61454.0811
 61482.0112 61483.025  61483.0482 61719.2658 61719.2891 61781.1621
 61781.1854 61835.138  61842.1302 61016.0834 61016.1477 61020.2526
 61021.1434 61028.3041 61383.2282 61384.0919 61384.1413 61411.1884
 61440.1397 61447.1085 61711.2604 61763.2528 61765.2478 60956.3481
 60957.3081 60970.3261 60974.3492 60974.3497 60990.2663 60994.2862
 61009.177  61009.2501 61015.2793 61017.2278 61041.117  61041.1174
 61046.2094 61063.0388 61070.0921 61080.1245 61082.1008 61103.1537
 61109.0308 61133.0414 61138.0295 61138.0299 61315.3572 61329.3064
 61337.2888 61346.2913 61359.3135 61363.2261 61368.189  61372.2844
 61382.2448 61386.2525 61388.0789 61388.1769 61410.1554 61417.041
 61418.1599 61418.1641 61442.0904 61442.1138 61455.0941 61458.0768
 61463.0715 61692.2992 61692.3024 61718.2739 61764.2718 61784.275
 60974.3373 60974.3378 60992.325  60994.2612 61003.1935 61009.1527
 61009.2258 61016.0589 61020.2772 61021.1672 61025.1653 61027.1777
 61027.1841 61029.128  61030.0994 61080.0982 61103.1298 61121.0312
 61138.0049 61138.0053 61329.2824 61337.2642 61346.3157 61372.2601
 61378.2447 61383.2528 61384.0695 61386.2281 61411.163  61419.1674
 61440.1643 61442.0648 61463.0472 61481.038  61481.0385 61497.035
 61711.2846 61718.2491 61763.2769 61764.2475 61765.2718 61027.1544
 61027.1599 61028.2819 61029.1052 61030.0758 61497.0114 61771.2535
 60955.3608 60957.3295 60958.3608 60973.3668 60981.3416 60995.3521
 60999.3536 61010.184  61010.1859 61015.3043 61017.2522 61041.1423
 61041.1428 61046.2336 61070.0678 61082.1249 61097.0343 61098.0504
 61109.0551 61133.0168 61315.3687 61338.2545 61363.2518 61365.1328
 61368.2137 61370.3312 61377.3409 61388.0546 61410.1798 61417.0543
 61418.1844 61418.1886 61427.0435 61452.0357 61455.1181 61458.0522
 61482.0002 61692.3239 61692.3271 61748.0727 61784.251  61835.1136
 61842.1063]","['Y' 'Y' 'Y' 'Y' 'Y' 'Y' 'Y' 'Y' 'Y' 'Y' 'Y' 'Y' 'Y' 'Y' 'Y' 'Y' 'Y' 'Y'
 'Y' 'Y' 'Y' 'Y' 'Y' 'Y' 'Y' 'Y' 'Y' 'Y' 'Y' 'Y' 'Y' 'Y' 'Y' 'Y' 'Y' 'Y'
 'Y' 'Y' 'Y' 'Y' 'Y' 'Y' 'Y' 'Y' 'Y' 'g' 'g' 'g' 'g' 'g' 'g' 'g' 'g' 'g'
 'g' 'g' 'g' 'g' 'g' 'i' 'i' 'i' 'i' 'i' 'i' 'i' 'i' 'i' 'i' 'i' 'i' 'i'
 'i' 'i' 'i' 'i' 'i' 'i' 'i' 'i' 'i' 'i' 'i' 'i' 'i' 'i' 'i' 'i' 'i' 'i'
 'i' 'i' 'i' 'i' 'i' 'i' 'i' 'i' 'i' 'i' 'i' 'i' 'i' 'i' 'i' 'i' 'i' 'i'
 'r' 'r' 'r' 'r' 'r' 'r' 'r' 'r' 'r' 'r' 'r' 'r' 'r' 'r' 'r' 'r' 'r' 'r'
 'r' 'r' 'r' 'r' 'r' 'r' 'r' 'r' 'r' 'r' 'r' 'r' 'r' 'r' 'r' 'r' 'r' 'r'
 'r' 'r' 'r' 'r' 'r' 'u' 'u' 'u' 'u' 'u' 'u' 'u' 'z' 'z' 'z' 'z' 'z' 'z'
 'z' 'z' 'z' 'z' 'z' 'z' 'z' 'z' 'z' 'z' 'z' 'z' 'z' 'z' 'z' 'z' 'z' 'z'
 'z' 'z' 'z' 'z' 'z' 'z' 'z' 'z' 'z' 'z' 'z' 'z' 'z' 'z' 'z' 'z' 'z' 'z'
 'z']","[   0    0    0    0    0    0    0    0    0    0    0    0    0    0
    0    0    0    0    0    0    0    0    0    0    0    0    0    0
    0    0    0    0    0    0    0    0    0    0    0    0    0    0
    0    0    0    0    0    0    0    0    0    0    0    0    0    0
    0    0    0    0    0    0 4096    0    0    0    0    0 4096    0
 4096    0    0    0    0    0    0    0 4096    0    0    0    0    0
    0    0    0    0    0    0    0    0    0    0    0    0    0    0
    0    0    0    0    0    0    0    0    0    0 6144    0    0    0
    0    0    0    0 4096    0    0    0    0    0    0    0    0    0
    0    0    0    0    0    0    0    0    0    0    0    0    0    0
    0    0    0    0    0    0    0    0    0    0    0    0    0    0
    0    0    0    0    0    0    0    0    0    0    0 4096    0    0
 4096    0    0    0    0    0    0    0    0    0    0    0    0    0
    0    0    0    0    0    0    0    0    0    0    0    0    0    0
    0    0    0]","[-9. -9. -9. -9. -9. -9. -9. -9. -9. -9. -9. -9. -9. -9. -9. -9. -9. -9.
 -9. -9. -9. -9. -9. -9. -9. -9. -9. -9. -9. -9. -9. -9. -9. -9. -9. -9.
 -9. -9. -9. -9. -9. -9. -9. -9. -9. -9. -9. -9. -9. -9. -9. -9. -9. -9.
 -9. -9. -9. -9. -9. -9. -9. -9. -9. -9. -9. -9. -9. -9. -9. -9. -9. -9.
 -9. -9. -9. -9. -9. -9. -9. -9. -9. -9. -9. -9. -9. -9. -9. -9. -9. -9.
 -9. -9. -9. -9. -9. -9. -9. -9. -9. -9. -9. -9. -9. -9. -9. -9. -9. -9.
 -9. -9. -9. -9. -9. -9. -9. -9. -9. -9. -9. -9. -9. -9. -9. -9. -9. -9.
 -9. -9. -9. -9. -9. -9. -9. -9. -9. -9. -9. -9. -9. -9. -9. -9. -9. -9.
 -9. -9. -9. -9. -9. -9. -9. -9. -9. -9. -9. -9. -9. -9. -9. -9. -9. -9.
 -9. -9. -9. -9. -9. -9. -9. -9. -9. -9. -9. -9. -9. -9. -9. -9. -9. -9.
 -9. -9. -9. -9. -9. -9. -9. -9. -9. -9. -9. -9. -9. -9. -9. -9. -9. -9.
 -9.]","[ 48.358418    25.942854    83.276634    61.898956    63.60687
  41.164776    61.19218     29.154108    24.88054     53.52298
  63.266117    55.494827   125.42592     42.807686    33.724903
 -49.202934    21.105894    14.288156    79.97261     83.130516
 -18.020695    68.09498     19.796719    54.25981     38.69887
  -3.266761    19.589752   109.83996     40.654186   -11.743083
  69.473114    43.68623     43.789078     1.9349675   72.25348
   2.458457    59.85042     -4.3071713   79.34603      9.919182
   0.3196765  -23.069056   -13.525031    40.877457   -34.217804
  -6.0027328    2.192398     3.04158      7.666489     6.382493
  -0.65429544   2.4369185   -0.89819527   3.8718088    2.308048
   2.44854     -0.8297763   -2.7501788    0.48809034  37.514904
  43.45977     37.533375    33.262035    27.76149     37.26036
  36.359135    43.74342     27.73397     28.508816    37.837086
  23.72173     29.05591     52.098537    29.353539    37.79786
  33.875004    31.054747    28.303026    30.863955    -3.5925946
  30.996326    31.008793    15.822971    31.674967    13.513432
  19.409973    13.809568    22.450962     7.9419274   13.381903
   6.3870454   17.757269     0.12838791   6.6054797   11.075001
  18.13227      2.8778162    7.8693104   13.683842    11.723308
  18.275337     7.1061583    2.3530107   -0.723072     9.717434
   4.5400443    5.8106146   19.139263    15.316351    19.448109
  19.590286    10.070282    14.045608    10.336934    11.297783
  20.360102     9.7906885   11.158792    19.102268     9.125675
  13.172356    15.241638    13.816954    14.573317    26.303455
  12.389223    10.163961    12.194778     6.147427    -5.268394
   8.510793     7.230198     4.8042297   -2.9170718   -5.938309
  -1.2148367   -4.1462235   -1.6627986    1.1097249    4.32568
   1.0160285    1.6873546    7.8803678    5.4824367   -2.0451293
  -7.4649553   -1.8981687    2.2961586   -0.50931937  -3.7565618
   1.9083235  -14.817386    11.742065   -17.89168     -2.5270095
  -0.27628148  39.21798     29.571123    50.88141     58.641533
  38.269646    58.889057    52.48746     39.293903    25.689215
  41.54149     34.242428    37.172867    23.658787    24.00076
  18.91404     40.255207    41.106674    50.541245    41.18342
  21.34556     24.12839     11.795634    10.274935   -26.845127
  35.498146    22.693684    26.504076    28.0134      24.068052
  32.95693      6.6757064    6.3807526   21.437954    28.948803
  -1.9497322   31.832064    14.125835    13.360749   -13.304126
   9.542965    16.013088    -6.377843    -2.5488708 ]","[31.262037  24.608536  24.087502  36.257378  20.634706  26.46677
 24.010778  26.19804   24.455359  22.284126  27.135849  25.838554
 28.502352  39.27936   33.325306  38.495773  30.719059  24.543407
 33.079323  42.632633  51.18016   27.052214  23.424225  22.0059
 25.594429  29.482315  31.294844  41.063072  21.159657  37.043224
 42.450443  29.80468   43.675175  57.07765   23.090408  26.647453
 22.699392  27.182096  28.285357  21.851717  22.160471  22.930155
 22.64402   29.953644  35.34124   13.529666  15.704397   4.8818297
  3.0498593  6.7247863  2.829212   3.563214   2.747528   3.540849
  4.543962   4.4334745  2.4303157  3.411851   2.9509459  9.392453
  7.569478   6.1589684  5.2939343  5.236582   7.403413   6.8430653
  9.887583   5.2931166  7.39793    7.854672   6.9581604  6.9381037
 11.576575   9.361614   9.1341715  6.84397    6.0575566 13.865143
  6.5203304 15.683773   6.8039284  6.5456986  7.0256295  6.564866
  7.509256   5.971333   6.9799485  7.840756   7.6068583  6.341334
  7.9742165  7.940265   7.855794   6.396348   5.2988157 11.264254
  6.7491713  8.894777   5.4894705  5.665685   9.524934   8.839879
  5.810363   7.0038686  7.156281   6.462332   5.8156595  9.932089
  3.2010634  3.2182772  4.5543017  4.3062778  4.8649516  6.0211186
  4.691324   4.685028   5.6467795  3.7193773  3.6075408  3.1893685
  4.039125   4.1954384  4.128166   4.1062136 14.658173   4.4838114
  4.897143   4.730616   5.264799   7.3422775  3.566999   4.9549446
  4.853874   3.7649784  4.914652   4.250833   4.406935   4.4915433
  6.609012   3.6121764  3.2720978  6.0523105  6.0100045  5.6341825
  3.4300056  5.1006107  4.444948   3.6081421  4.8304214  7.3243756
  7.6125236 10.676364   5.984337  10.606798   9.958374   8.350831
 10.341975  11.802288  12.48506   11.847506  12.8866005 13.729441
 11.896501  12.502949  12.361735  11.905505  10.288379  10.376768
  9.095884  14.714621  14.081655  11.785523  14.719513  15.181425
 12.679044  17.498144  11.237312  12.069815   9.710894  22.262611
 12.765407   9.609586  13.13761   15.157634  10.510599  14.145271
  8.85128    9.095507  16.956028  12.456066  13.084685  11.937665
 11.031458   8.728737   8.777703  12.521346  11.792552  10.548728
 15.45194  ]","[2.04 1.58 1.54 2.43 1.36 1.82 1.7  1.86 1.75 1.58 1.78 1.68 1.95 2.62
 2.15 2.59 2.01 1.73 2.24 2.26 2.44 1.82 1.63 1.47 1.66 2.01 2.14 2.83
 1.32 2.01 2.12 1.96 2.68 3.35 1.61 1.84 1.55 1.85 1.85 1.57 1.61 1.55
 1.5  1.78 1.89 4.56 3.42 1.78 1.59 3.65 1.53 1.77 1.45 1.9  2.44 2.4
 1.31 1.8  1.56 1.75 1.45 1.67 1.43 1.42 1.81 1.87 2.33 1.35 1.36 1.69
 1.39 1.39 2.38 2.12 1.88 1.81 1.62 1.96 1.73 2.55 1.62 1.59 1.66 1.76
 1.49 1.54 1.92 1.95 1.24 1.39 2.21 2.18 1.96 1.75 1.46 2.49 1.86 2.44
 1.5  1.55 1.8  1.66 1.56 1.32 1.34 1.64 1.52 1.68 1.37 1.37 1.73 1.87
 2.09 1.81 1.64 1.74 1.93 1.59 1.53 1.38 1.73 1.78 1.72 1.73 2.31 1.84
 1.95 1.91 2.25 1.66 1.34 1.36 2.13 1.63 1.91 1.84 1.92 1.95 2.79 1.56
 1.42 1.81 1.82 2.25 1.49 1.69 1.85 1.53 2.02 2.15 2.21 2.96 1.65 2.86
 2.65 2.27 1.31 1.65 1.8  1.66 2.08 1.87 1.46 1.85 1.82 1.57 1.5  1.46
 1.28 2.01 2.02 1.82 2.22 2.21 1.94 2.21 1.7  1.56 1.54 2.96 1.62 1.28
 1.86 2.09 1.68 2.18 1.41 1.43 2.04 1.87 1.73 1.64 1.4  1.21 1.22 1.65
 1.49 1.47 1.84]","[44.17 45.69 43.59 42.65 44.69 42.59 41.21 40.5  40.9  41.16 43.8  43.77
 42.66 43.72 44.33 42.99 43.69 41.18 42.13 45.75 46.56 42.29 41.71 43.35
 43.13 42.34 42.59 42.25 46.53 46.89 47.71 44.64 45.44 46.37 41.83 42.14
 42.38 42.38 43.12 40.79 40.36 43.46 43.96 44.23 47.57 26.49 48.16 26.49
 13.46 13.38 13.38 13.69 13.56 13.32 13.35 13.33 13.5  13.43 13.48 47.65
 45.62 29.7  29.78 29.74 34.24 29.43 36.08 32.48 48.73 40.39 44.26 44.05
 42.51 37.97 42.59 30.5  29.98 59.22 30.31 53.04 33.2  32.78 36.04 30.02
 44.36 32.06 29.55 33.61 56.1  39.88 29.59 29.79 32.43 29.63 29.61 38.86
 29.55 29.74 29.85 29.84 46.74 47.52 30.32 47.47 47.66 33.17 30.91 49.54
 21.12 21.13 25.5  20.98 21.25 34.86 29.06 22.98 29.8  21.13 21.14 21.06
 21.06 21.14 21.54 21.26 68.15 21.96 22.71 22.49 21.44 49.6  26.86 40.35
 20.92 21.11 22.8  21.04 20.97 21.09 21.64 21.11 21.33 35.2  34.66 22.52
 21.11 31.4  21.85 21.44 21.68  4.49  4.5   4.36  4.55  4.35  4.39  4.42
 52.69 47.25 45.27 46.94 40.07 48.08 53.93 44.16 44.45 50.14 45.15 46.84
 46.88 47.75 45.84 41.39 43.1  44.68 41.89 51.88 43.13 50.96 41.16 48.56
 52.76 49.71 45.49 45.58 40.31 41.77 40.62 41.19 56.03 43.59 49.85 48.14
 52.9  48.23 48.27 48.58 51.19 46.37 54.06]","[0.25 0.25 0.25 0.25 0.25 0.25 0.25 0.25 0.25 0.25 0.25 0.25 0.25 0.25
 0.25 0.25 0.25 0.25 0.25 0.25 0.25 0.25 0.25 0.25 0.25 0.25 0.25 0.25
 0.25 0.25 0.25 0.25 0.25 0.25 0.25 0.25 0.25 0.25 0.25 0.25 0.25 0.25
 0.25 0.25 0.25 0.25 0.25 0.25 0.25 0.25 0.25 0.25 0.25 0.25 0.25 0.25
 0.25 0.25 0.25 0.25 0.25 0.25 0.25 0.25 0.25 0.25 0.25 0.25 0.25 0.25
 0.25 0.25 0.25 0.25 0.25 0.25 0.25 0.25 0.25 0.25 0.25 0.25 0.25 0.25
 0.25 0.25 0.25 0.25 0.25 0.25 0.25 0.25 0.25 0.25 0.25 0.25 0.25 0.25
 0.25 0.25 0.25 0.25 0.25 0.25 0.25 0.25 0.25 0.25 0.25 0.25 0.25 0.25
 0.25 0.25 0.25 0.25 0.25 0.25 0.25 0.25 0.25 0.25 0.25 0.25 0.25 0.25
 0.25 0.25 0.25 0.25 0.25 0.25 0.25 0.25 0.25 0.25 0.25 0.25 0.25 0.25
 0.25 0.25 0.25 0.25 0.25 0.25 0.25 0.25 0.25 0.25 0.25 0.25 0.25 0.25
 0.25 0.25 0.25 0.25 0.25 0.25 0.25 0.25 0.25 0.25 0.25 0.25 0.25 0.25
 0.25 0.25 0.25 0.25 0.25 0.25 0.25 0.25 0.25 0.25 0.25 0.25 0.25 0.25
 0.25 0.25 0.25 0.25 0.25 0.25 0.25 0.25 0.25 0.25 0.25 0.25 0.25 0.25
 0.25 0.25 0.25]","[30.11 30.13 30.08 30.1  30.14 30.13 30.13 30.11 30.13 30.13 30.11 30.1
 30.13 30.12 30.1  30.11 30.1  30.12 30.1  29.92 29.82 30.1  30.12 30.12
 30.08 30.11 30.12 30.12 30.12 29.97 29.9  30.13 30.07 30.04 30.13 30.12
 30.12 30.11 30.09 30.13 30.13 30.13 30.12 30.01 29.97 31.57 31.74 31.7
 31.47 31.4  31.49 31.41 31.47 31.47 31.44 31.45 31.49 31.46 31.47 31.38
 31.37 31.32 31.32 31.32 31.34 31.31 31.34 31.34 31.39 31.37 31.38 31.38
 31.36 31.35 31.37 31.31 31.31 31.3  31.31 31.33 31.28 31.29 31.35 31.31
 31.37 31.33 31.31 31.33 31.4  31.37 31.31 31.31 31.29 31.31 31.32 31.34
 31.31 31.3  31.32 31.32 31.37 31.38 31.31 31.38 31.38 31.34 31.3  31.31
 31.51 31.51 31.55 31.5  31.49 31.59 31.58 31.42 31.57 31.5  31.5  31.51
 31.5  31.49 31.49 31.49 31.58 31.48 31.47 31.48 31.48 31.64 31.58 31.64
 31.49 31.5  31.44 31.49 31.49 31.49 31.46 31.5  31.51 31.59 31.59 31.45
 31.5  31.59 31.48 31.49 31.47 29.58 29.57 29.46 29.57 29.43 29.43 29.47
 31.03 31.02 31.01 31.02 31.   31.01 31.02 31.01 31.01 31.02 31.02 31.02
 31.02 31.   31.01 30.99 31.   31.   30.99 31.   31.01 31.01 31.01 30.98
 31.03 31.02 30.99 30.96 31.   30.99 31.   31.   31.03 31.01 31.01 31.02
 31.03 31.03 31.03 30.98 30.99 30.99 30.98]","[0.005 0.005 0.005 0.005 0.005 0.005 0.005 0.005 0.005 0.005 0.005 0.005
 0.005 0.005 0.005 0.005 0.005 0.005 0.005 0.005 0.005 0.005 0.005 0.005
 0.005 0.005 0.005 0.005 0.005 0.005 0.005 0.005 0.005 0.005 0.005 0.005
 0.005 0.005 0.005 0.005 0.005 0.005 0.005 0.005 0.005 0.005 0.005 0.005
 0.005 0.005 0.005 0.005 0.005 0.005 0.005 0.005 0.005 0.005 0.005 0.005
 0.005 0.005 0.005 0.005 0.005 0.005 0.005 0.005 0.005 0.005 0.005 0.005
 0.005 0.005 0.005 0.005 0.005 0.005 0.005 0.005 0.005 0.005 0.005 0.005
 0.005 0.005 0.005 0.005 0.005 0.005 0.005 0.005 0.005 0.005 0.005 0.005
 0.005 0.005 0.005 0.005 0.005 0.005 0.005 0.005 0.005 0.005 0.005 0.005
 0.005 0.005 0.005 0.005 0.005 0.005 0.005 0.005 0.005 0.005 0.005 0.005
 0.005 0.005 0.005 0.005 0.005 0.005 0.005 0.005 0.005 0.005 0.005 0.005
 0.005 0.005 0.005 0.005 0.005 0.005 0.005 0.005 0.005 0.005 0.005 0.005
 0.005 0.005 0.005 0.005 0.005 0.005 0.005 0.005 0.005 0.005 0.005 0.005
 0.005 0.005 0.005 0.005 0.005 0.005 0.005 0.005 0.005 0.005 0.005 0.005
 0.005 0.005 0.005 0.005 0.005 0.005 0.005 0.005 0.005 0.005 0.005 0.005
 0.005 0.005 0.005 0.005 0.005 0.005 0.005 0.005 0.005 0.005 0.005 0.005
 0.005 0.005 0.005 0.005 0.005 0.005 0.005]","[1. 1. 1. 1. 1. 1. 1. 1. 1. 1. 1. 1. 1. 1. 1. 1. 1. 1. 1. 1. 1. 1. 1. 1.
 1. 1. 1. 1. 1. 1. 1. 1. 1. 1. 1. 1. 1. 1. 1. 1. 1. 1. 1. 1. 1. 1. 1. 1.
 1. 1. 1. 1. 1. 1. 1. 1. 1. 1. 1. 1. 1. 1. 1. 1. 1. 1. 1. 1. 1. 1. 1. 1.
 1. 1. 1. 1. 1. 1. 1. 1. 1. 1. 1. 1. 1. 1. 1. 1. 1. 1. 1. 1. 1. 1. 1. 1.
 1. 1. 1. 1. 1. 1. 1. 1. 1. 1. 1. 1. 1. 1. 1. 1. 1. 1. 1. 1. 1. 1. 1. 1.
 1. 1. 1. 1. 1. 1. 1. 1. 1. 1. 1. 1. 1. 1. 1. 1. 1. 1. 1. 1. 1. 1. 1. 1.
 1. 1. 1. 1. 1. 1. 1. 1. 1. 1. 1. 1. 1. 1. 1. 1. 1. 1. 1. 1. 1. 1. 1. 1.
 1. 1. 1. 1. 1. 1. 1. 1. 1. 1. 1. 1. 1. 1. 1. 1. 1. 1. 1. 1. 1. 1. 1. 1.
 1. 1. 1. 1. 1. 1. 1.]","[23.19939  23.199385 23.188515 23.188509 23.188198 23.187748 23.188082
 23.194818 23.196465 23.196465 23.197811 23.197817 23.214367 23.215744
 23.21576  23.23705  23.23707  23.261723 23.26276  23.29126  23.291285
 23.61026  23.6103   23.613789 23.66154  23.663406 23.66524  23.665281
 23.670876 23.773874 23.773916 23.775341 23.777494 23.777536 23.826385
 23.82643  23.88002  23.881973 23.882017 24.358458 24.358587 24.542952
 24.543001 24.657103 24.671936 26.020523 26.020916 26.046263 26.05167
 26.095737 28.31007  28.315416 28.315723 28.480577 28.656246 28.698305
 30.249727 30.653498 30.66485  23.734606 23.736141 23.75799  23.76511
 23.765112 23.794718 23.802572 23.83279  23.832943 23.845661 23.849834
 23.903011 23.903011 23.914804 23.954844 23.97206  23.99698  24.001942
 24.055878 24.071257 24.135403 24.148972 24.148973 24.668287 24.711195
 24.735807 24.763641 24.804045 24.816189 24.831636 24.844421 24.875471
 24.888    24.893702 24.894009 24.962904 24.984528 24.98804  24.988054
 25.063427 25.0635   25.104494 25.11395  25.129744 25.859241 25.859251
 25.941956 26.161325 26.225512 24.456863 24.456865 24.51956  24.526455
 24.558565 24.580273 24.58054  24.605682 24.621368 24.62467  24.639622
 24.64718  24.647203 24.654507 24.658175 24.852467 24.944963 25.017893
 25.087744 25.087746 25.90057  25.934946 25.973938 26.085844 26.11164
 26.133196 26.136747 26.146017 26.253477 26.287968 26.378407 26.386547
 26.476841 26.55411  26.554111 26.62271  27.531624 27.560818 27.83592
 27.839987 27.844294 28.38465  28.384705 28.395754 28.403934 28.413658
 32.845737 35.345245 23.38707  23.388168 23.388744 23.398834 23.405209
 23.417925 23.421925 23.433414 23.433416 23.43918  23.44144  23.471416
 23.471418 23.478329 23.512863 23.531607 23.555817 23.557503 23.57614
 23.61854  23.998356 24.050817 24.108923 24.113333 24.120552 24.125523
 24.142017 24.167322 24.219973 24.236422 24.239128 24.23914  24.260424
 24.320799 24.328268 24.335411 24.393827 24.91892  24.918928 25.123726
 25.216692 25.347536 25.365545]",85.6147769057171,-44.04360677949689,145,199,2438,2636,0.036815498,0.0018407749,0.12715082,0.11298,0.12740017,0.11298,0.0,300.0,1,1,10500009229,0,0.12715082,0.11298,-9.0,-9.0,85.61455749957142,-44.04374427669382,0.75209314,1.105902,-99.0,8.2624,-9999.0,-9999.0,-9999.0,-9999.0,-9999.0,-9999.0,-9999.0,0.4066,-9,805.2413,92623116,0.025976606,0.076011576,0.088839136,0.10097013,0.111600816,0.12107413,0.13326941,0.1416818,0.15399498,0.17739965,0.4153578,23.486126,22.65419,22.218197,21.981731,21.778675,21.814484,0.10797,0.01893,0.01726,0.01793,0.01963,0.03047,0,0,-9.0,-9.0,-9.0,-9.0,-999.0,-999.0,-9.0,-9.0,-9999.0,-9999.0,-9999.0,-9999.0,-9999.0,-9999.0,-9999.0,-9999.0,-9999.0,0,-9999.0,0,999.0,999.0,999.0,999.0,999.0,999.0,999.0,999.0,999.0,999.0,999.0,999.0,-9.0,-9.0,-9.0,-9.0,-9.0,-9.0,-9.0,-9.0,-9.0,-9.0,-9.0,9.24399,22.821114,34.029037,42.005646,48.42818,50.459026,60845.06,60974.336,60974.336,61109.03,SIMSED.ILOT-MOSFIT,7,45,UNKNOWN,118,36450,1,0,1,0.21197082,0.21275935,0.1978,3,-129.67424,10500009229,40.100113,0.00042644257,85.61477661132812,-44.04360580444336,0.040769618,60843.965,60811.383,0.0,0.14756145,3.1,26.602505,25.068703,24.120382,23.657122,23.43366,23.317936,1.0,1.0,1.0,1.0,1.0,1.0,13.134036,7.8950477,4.91518,3.959982,3.716201,3.480568,-9,,,,,,,,,,,,,,,,,,,,,,,,,,,,,,,,,,
121796206,"[60829.4406 60830.4318 60844.3964 60861.2091 60861.2317 60862.3629
 60862.3633 60862.3855 60862.386  60864.2458 60866.2599 60887.2279
 60901.2978 60901.3204 60918.0025 60918.0251 60927.0772 60927.2332
 60927.2557 60955.1095 60955.1322 61157.4274 61158.4069 61158.4173
 61190.3201 61190.3432 61216.2424 61218.3237 61241.2003 61241.2236
 61273.0822 61273.1047 61302.0104 61302.0337 61303.0629 61303.0643
 61303.0862 61519.4123 61519.4127 61546.3804 61546.4039 61582.3731
 61582.3959 61596.3516 61596.3525 61596.3748 61596.3757 61601.3743
 61601.3747 61601.397  61601.3974 61602.236  61625.1884 61626.1343
 61626.1575 61636.2544 61636.2558 61655.0619 61656.172  61656.1946
 61667.0856 61671.0852 61671.0862 61691.0108 61691.145  61691.1691
 61693.0948 61718.0151 61718.0259 61719.0209 61719.0268 61722.0301
 61726.0773 60878.2969 60882.2171 60886.2038 60906.276  61213.2955
 61213.296  61234.354  61271.1339 61289.0959 61299.1939 61327.1224
 61541.3747 61557.328  61594.3745 61595.1597 61616.2272 61645.1433
 61646.2331 61646.2336 61649.2664 61672.1822 61673.1637 61675.1835
 61676.168  61698.0827 61706.0412 61710.0437 60845.4186 60849.3209
 60854.363  60857.3256 60857.4019 60872.201  60873.3511 60881.3696
 60887.1703 60909.2649 60915.998  60920.056  60920.0565 60920.2334
 60920.2338 60926.183  60953.9873 60954.1792 60956.1559 60957.123
 60970.1123 60971.0626 60971.063  61172.3963 61206.4328 61213.4288
 61215.3055 61227.3762 61230.3831 61243.2431 61266.1242 61267.1931
 61283.2447 61284.2606 61288.0022 61295.0682 61299.0347 61301.0821
 61329.1429 61330.0583 61336.1091 61357.0154 61400.0359 61400.039
 61400.042  61554.3325 61556.3326 61556.3362 61558.3286 61562.3139
 61583.261  61585.4043 61585.4048 61590.2318 61590.4094 61595.3442
 61601.1506 61601.1515 61613.1861 61615.3258 61615.3272 61618.3119
 61620.3023 61637.2915 61639.1046 61639.2723 61640.2358 61640.2362
 61644.0296 61644.1877 61648.0184 61648.2017 61670.1764 61678.9875
 61679.1401 61694.0654 61695.0987 61699.0905 61700.0725 61700.0748
 61709.1089 61713.0708 61713.0922 61725.0182 61768.036  61768.0391
 61768.0423 61848.3983 61848.4014 61848.4045 61848.4076 61895.3747
 60849.2948 60854.3872 60857.2996 60872.1771 60878.3209 60882.2412
 60883.298  60886.2283 60901.1409 60907.1356 60908.1152 60915.1459
 60935.0534 60956.1318 60971.0869 60971.0874 61120.4004 61120.4035
 61120.4066 61120.4096 61213.3199 61213.3203 61213.4174 61215.2813
 61229.3982 61234.3782 61267.1672 61271.1579 61274.0992 61283.2204
 61284.2365 61289.1204 61295.0441 61299.216  61301.0578 61329.1194
 61488.4    61488.4031 61488.4062 61488.4093 61541.3987 61556.3085
 61556.3121 61557.3527 61559.4406 61562.29   61583.2372 61584.2647
 61590.2075 61590.3856 61594.3988 61595.1837 61613.1619 61615.3002
 61615.3016 61618.2862 61619.1817 61622.3598 61638.3151 61639.0808
 61644.0059 61647.9947 61649.2907 61666.0779 61672.1579 61673.1877
 61674.1554 61675.2075 61676.1922 61682.027  61699.0659 61703.1304
 61704.1003 61707.0641 61709.084  61895.3477 60906.2535 60907.1585
 60908.0918 60935.0783 61619.2066 61622.337  61703.1533 61704.077
 61707.0389 60845.4299 60848.401  60857.3779 60864.2216 60881.3455
 60884.3958 60887.1952 60887.202  60909.289  60912.2684 60916.0217
 60916.225  60920.0798 60920.0803 60920.2572 60920.2577 60926.2073
 60927.0528 60953.9982 60954.1545 60957.1469 61157.4156 61210.4377
 61216.2185 61218.2987 61227.4003 61230.407  61243.2184 61266.1486
 61288.026  61288.1728 61299.0104 61330.0824 61336.0852 61357.028
 61484.4006 61484.4008 61484.4037 61484.4039 61484.4068 61484.4071
 61484.4099 61484.4102 61506.413  61519.4253 61519.4258 61554.357
 61558.3533 61585.393  61585.3935 61585.4363 61595.3682 61601.1747
 61601.1756 61602.2116 61620.2774 61625.1644 61628.3016 61636.2302
 61636.2316 61637.2677 61638.1433 61639.2962 61640.2602 61640.2607
 61667.0603 61670.2011 61671.0595 61671.0604 61678.9983 61679.1618
 61690.999  61693.0709 61694.0897 61695.0738 61700.097  61700.0993
 61713.0949 61719.0086 61719.0145 61722.018  61725.0309 61726.0534
 61895.386 ]","['Y' 'Y' 'Y' 'Y' 'Y' 'Y' 'Y' 'Y' 'Y' 'Y' 'Y' 'Y' 'Y' 'Y' 'Y' 'Y' 'Y' 'Y'
 'Y' 'Y' 'Y' 'Y' 'Y' 'Y' 'Y' 'Y' 'Y' 'Y' 'Y' 'Y' 'Y' 'Y' 'Y' 'Y' 'Y' 'Y'
 'Y' 'Y' 'Y' 'Y' 'Y' 'Y' 'Y' 'Y' 'Y' 'Y' 'Y' 'Y' 'Y' 'Y' 'Y' 'Y' 'Y' 'Y'
 'Y' 'Y' 'Y' 'Y' 'Y' 'Y' 'Y' 'Y' 'Y' 'Y' 'Y' 'Y' 'Y' 'Y' 'Y' 'Y' 'Y' 'Y'
 'Y' 'g' 'g' 'g' 'g' 'g' 'g' 'g' 'g' 'g' 'g' 'g' 'g' 'g' 'g' 'g' 'g' 'g'
 'g' 'g' 'g' 'g' 'g' 'g' 'g' 'g' 'g' 'g' 'i' 'i' 'i' 'i' 'i' 'i' 'i' 'i'
 'i' 'i' 'i' 'i' 'i' 'i' 'i' 'i' 'i' 'i' 'i' 'i' 'i' 'i' 'i' 'i' 'i' 'i'
 'i' 'i' 'i' 'i' 'i' 'i' 'i' 'i' 'i' 'i' 'i' 'i' 'i' 'i' 'i' 'i' 'i' 'i'
 'i' 'i' 'i' 'i' 'i' 'i' 'i' 'i' 'i' 'i' 'i' 'i' 'i' 'i' 'i' 'i' 'i' 'i'
 'i' 'i' 'i' 'i' 'i' 'i' 'i' 'i' 'i' 'i' 'i' 'i' 'i' 'i' 'i' 'i' 'i' 'i'
 'i' 'i' 'i' 'i' 'i' 'i' 'i' 'i' 'i' 'i' 'i' 'i' 'r' 'r' 'r' 'r' 'r' 'r'
 'r' 'r' 'r' 'r' 'r' 'r' 'r' 'r' 'r' 'r' 'r' 'r' 'r' 'r' 'r' 'r' 'r' 'r'
 'r' 'r' 'r' 'r' 'r' 'r' 'r' 'r' 'r' 'r' 'r' 'r' 'r' 'r' 'r' 'r' 'r' 'r'
 'r' 'r' 'r' 'r' 'r' 'r' 'r' 'r' 'r' 'r' 'r' 'r' 'r' 'r' 'r' 'r' 'r' 'r'
 'r' 'r' 'r' 'r' 'r' 'r' 'r' 'r' 'r' 'r' 'r' 'r' 'r' 'r' 'r' 'r' 'u' 'u'
 'u' 'u' 'u' 'u' 'u' 'u' 'u' 'z' 'z' 'z' 'z' 'z' 'z' 'z' 'z' 'z' 'z' 'z'
 'z' 'z' 'z' 'z' 'z' 'z' 'z' 'z' 'z' 'z' 'z' 'z' 'z' 'z' 'z' 'z' 'z' 'z'
 'z' 'z' 'z' 'z' 'z' 'z' 'z' 'z' 'z' 'z' 'z' 'z' 'z' 'z' 'z' 'z' 'z' 'z'
 'z' 'z' 'z' 'z' 'z' 'z' 'z' 'z' 'z' 'z' 'z' 'z' 'z' 'z' 'z' 'z' 'z' 'z'
 'z' 'z' 'z' 'z' 'z' 'z' 'z' 'z' 'z' 'z' 'z' 'z' 'z' 'z' 'z' 'z' 'z' 'z'
 'z']","[   0    0    0    0    0    0    0    0    0    0    0    0    0    0
    0    0    0    0    0    0    0    0    0    0    0    0    0    0
    0    0    0    0    0    0    0    0    0    0    0    0    0    0
    0    0    0    0    0    0    0    0    0    0    0    0    0    0
    0    0    0    0    0    0    0    0    0    0    0    0    0    0
    0    0    0    0    0    0    0    0    0    0    0    0    0    0
    0    0    0    0    0    0    0    0    0    0    0    0    0    0
    0    0    0    0    0    0    0    0    0    0    0    0    0    0
    0    0    0    0    0    0    0    0    0    0    0    0    0    0
    0    0    0    0    0    0    0    0    0    0    0    0    0    0
    0    0    0    0    0    0    0    0    0    0    0    0    0    0
    0    0    0    0    0    0    0    0    0    0    0    0    0    0
    0    0    0    0    0    0    0    0    0    0    0    0    0    0
    0    0    0    0    0    0    0    0    0    0    0    0    0    0
    0    0 6144    0    0    0    0    0    0    0    0    0    0    0
    0    0    0    0    0    0    0    0    0    0    0    0    0    0
    0    0    0    0    0    0    0    0    0    0    0    0    0    0
    0    0    0    0    0    0    0    0    0    0    0    0    0    0
    0    0    0    0    0    0    0    0    0    0    0    0    0    0
    0    0    0    0    0    0    0    0    0    0    0    0    0    0
    0    0    0    0    0    0    0    0    0    0    0    0    0    0
    0    0    0    0    0    0    0    0    0    0    0    0    0    0
    0    0    0    0    0    0    0    0    0    0    0    0    0    0
    0    0    0    0    0    0    0    0    0    0    0    0    0    0
    0    0    0    0    0    0    0    0    0    0    0    0    0    0
    0    0    0    0    0    0    0    0    0    0    0]","[-9. -9. -9. -9. -9. -9. -9. -9. -9. -9. -9. -9. -9. -9. -9. -9. -9. -9.
 -9. -9. -9. -9. -9. -9. -9. -9. -9. -9. -9. -9. -9. -9. -9. -9. -9. -9.
 -9. -9. -9. -9. -9. -9. -9. -9. -9. -9. -9. -9. -9. -9. -9. -9. -9. -9.
 -9. -9. -9. -9. -9. -9. -9. -9. -9. -9. -9. -9. -9. -9. -9. -9. -9. -9.
 -9. -9. -9. -9. -9. -9. -9. -9. -9. -9. -9. -9. -9. -9. -9. -9. -9. -9.
 -9. -9. -9. -9. -9. -9. -9. -9. -9. -9. -9. -9. -9. -9. -9. -9. -9. -9.
 -9. -9. -9. -9. -9. -9. -9. -9. -9. -9. -9. -9. -9. -9. -9. -9. -9. -9.
 -9. -9. -9. -9. -9. -9. -9. -9. -9. -9. -9. -9. -9. -9. -9. -9. -9. -9.
 -9. -9. -9. -9. -9. -9. -9. -9. -9. -9. -9. -9. -9. -9. -9. -9. -9. -9.
 -9. -9. -9. -9. -9. -9. -9. -9. -9. -9. -9. -9. -9. -9. -9. -9. -9. -9.
 -9. -9. -9. -9. -9. -9. -9. -9. -9. -9. -9. -9. -9. -9. -9. -9. -9. -9.
 -9. -9. -9. -9. -9. -9. -9. -9. -9. -9. -9. -9. -9. -9. -9. -9. -9. -9.
 -9. -9. -9. -9. -9. -9. -9. -9. -9. -9. -9. -9. -9. -9. -9. -9. -9. -9.
 -9. -9. -9. -9. -9. -9. -9. -9. -9. -9. -9. -9. -9. -9. -9. -9. -9. -9.
 -9. -9. -9. -9. -9. -9. -9. -9. -9. -9. -9. -9. -9. -9. -9. -9. -9. -9.
 -9. -9. -9. -9. -9. -9. -9. -9. -9. -9. -9. -9. -9. -9. -9. -9. -9. -9.
 -9. -9. -9. -9. -9. -9. -9. -9. -9. -9. -9. -9. -9. -9. -9. -9. -9. -9.
 -9. -9. -9. -9. -9. -9. -9. -9. -9. -9. -9. -9. -9. -9. -9. -9. -9. -9.
 -9. -9. -9. -9. -9. -9. -9. -9. -9. -9. -9. -9. -9. -9. -9. -9. -9. -9.
 -9. -9. -9. -9. -9. -9. -9. -9. -9. -9. -9. -9. -9. -9. -9. -9. -9. -9.
 -9.]","[-8.17056370e+00  9.38738918e+00 -3.11478748e+01 -1.23386106e+01
 -1.24493456e+01 -1.29510498e+01  6.68602371e+01  9.14568710e+00
 -1.86262436e+01  6.30501890e+00  2.01992550e+01  9.90655231e+00
 -9.41178818e+01  6.19397163e+01  1.08829937e+01  3.82407265e+01
 -3.93324623e+01  6.18326569e+01  9.29162445e+01 -1.55220127e+01
  2.02915821e+01 -3.23218765e+01  1.26504993e+00  3.51129389e+00
  6.86694002e+00  5.64571762e+01  5.56531181e+01  5.07649374e+00
  3.50826187e+01  1.92157879e+01  4.35974884e+01 -3.34363365e+01
 -2.75583267e+01 -2.44890900e+01 -2.01402721e+01 -3.13150635e+01
 -2.70402837e+00 -4.85019350e+00 -3.84099503e+01  4.25555496e+01
 -3.00713863e+01  1.77069645e+01 -2.62297993e+01  1.51322441e+01
 -2.62741871e+01  1.76306953e+01  4.03946114e+01  8.58553314e+00
 -2.92408352e+01 -6.28821259e+01 -1.43888512e+01 -1.06450090e+01
  5.52103186e+00 -4.66253777e+01 -2.14195480e+01  5.13258095e+01
  3.19645653e+01 -3.73303642e+01 -1.93039570e+01  3.11242256e+01
 -1.32196579e+01 -1.70219886e+00  5.08355942e+01  2.02016315e+01
  5.60895586e+00 -8.83003330e+00 -7.49066734e+00 -4.82382965e+01
  4.37005806e+00 -3.87387810e+01  1.26836872e+01 -3.30714302e+01
 -3.85619011e+01  1.40878999e+00 -6.23389482e-01 -2.62673646e-01
 -2.74907255e+00 -4.10972977e+00  2.15961635e-01  1.43778229e+00
  8.24815273e+00  1.51937807e+00  1.20622098e+00  1.67446470e+00
 -2.21103281e-01  1.24581041e+01 -2.01080894e+00 -6.38566446e+00
  7.51263571e+00  1.71796545e-01  2.71767712e+00  1.80813551e+00
 -8.13354671e-01  1.31759644e+00  7.57105350e+00 -1.11426580e+00
 -9.43146324e+00 -3.81076813e-01 -4.41696215e+00  7.78750479e-01
 -9.77947617e+00  5.97297144e+00  7.48688459e-01 -1.21684635e+00
  1.27089068e-01 -5.70855999e+00 -6.95591116e+00 -1.36737490e+01
 -5.33589458e+00 -8.29555225e+00  5.57566929e+00  1.06115217e+01
 -9.80055392e-01 -1.80498772e+01 -4.56826973e+00 -1.98857651e+01
 -3.42434168e+00 -2.56942234e+01  5.63243961e+00  1.12942219e+00
 -1.44457698e+00 -2.25664330e+00  1.13338375e+00  4.50666380e+00
  1.19483452e+01  4.36583757e+00 -1.73845387e+00 -5.72663736e+00
 -1.77691689e+01 -3.12351751e+00 -1.17683172e+01 -5.31996202e+00
  2.49785099e+01 -1.00275116e+01 -1.69061775e+01  2.72324944e+00
  1.51564205e+00  1.13157749e+01 -1.38123960e+01 -1.61393623e+01
  1.91926594e+01 -1.50961483e+00 -3.86193466e+00  9.84882057e-01
 -5.94145918e+00  1.26624393e+01  5.57335091e+00 -3.05606532e+00
  1.16585340e+01  6.98188257e+00  4.85438013e+00 -2.27998805e+00
 -4.89676523e+00 -1.07817526e+01 -1.89635410e+01 -1.50263107e+00
 -1.33273649e+01 -2.81005840e+01  1.35089960e+01  1.45743570e+01
  2.88781905e+00  9.45788956e+00 -1.08442497e+01 -3.88673592e+01
 -7.07784653e-01 -1.14463081e+01 -2.41565609e+00  1.76930447e+01
  9.10662353e-01 -4.15485710e-01 -4.88243580e+00  3.03767323e+00
 -7.23177338e+00  2.39956760e+00  3.30905390e+00 -3.70661926e+00
  2.50397801e+00  1.28156815e+01  2.37718415e+00  4.76175117e+00
  7.57770729e+00  5.36387920e+00  1.81993449e+00 -4.76955605e+00
  5.54369659e+01  2.17144127e+01 -9.72449188e+01  2.43852024e+01
 -2.60831451e+00 -5.71082954e+01 -1.62781887e+01  2.39303875e+00
 -1.00299263e+00 -2.52783442e+00  6.24532080e+00 -2.33252316e+01
  5.48166180e+00 -5.48496485e+00  2.23098297e+01  1.16907253e+01
  2.71402311e+00  8.98591161e-01 -2.54910350e+00 -1.68497354e-01
  2.58883643e+00 -7.15695620e+00 -8.73888433e-01  2.87344742e+00
  1.12017603e+01 -5.92146301e+00  1.93290691e+01 -1.89688969e+01
  3.12066227e-01  5.70794582e+00  8.47264862e+00 -1.34101915e+00
  2.56523204e+00 -7.85545874e+00  8.27265453e+00  2.54481173e+00
  3.70334864e+00 -8.96175957e+00 -1.08338153e+00 -2.90236324e-01
  1.08232880e+00  5.81051683e+00 -2.62517542e-01 -1.55756581e+00
  7.55094051e+00  1.19146652e+01  4.54076843e+01 -4.16423464e+00
  1.33779526e+00 -1.19409866e+01  1.50769389e+00 -5.21974325e+00
 -2.14635658e+00  1.46853065e+00  6.39668465e+00  2.04272914e+00
 -2.22672987e+00  8.27996159e+00  5.20389366e+00 -1.25613966e+01
  2.44493890e+00 -5.41368103e+00  5.10483831e-02 -5.78448725e+00
  3.97356296e+00 -4.58021212e+00  1.88320084e+01 -1.96162260e+00
 -8.57449627e+00 -8.19409549e-01  1.78352034e+00  2.57763028e+00
 -2.93084669e+00 -2.25881290e+00  7.94347143e+00  3.63513565e+00
  5.16702318e+00  1.57967532e+00  7.75512576e-01 -1.20734787e+01
  6.28005409e+00 -2.33189511e+00  3.97423863e-01 -1.10088272e+01
  3.54601550e+00 -2.85766691e-01 -2.68497705e+00 -6.79617977e+00
  1.53601551e+00 -1.56274271e+01 -1.77117977e+01 -4.00415516e+00
  5.08593559e+00 -4.50514364e+00  5.14738417e+00  2.24263992e+01
 -5.50856113e+00 -4.78566666e+01  1.74105990e+00  2.10966086e+00
 -8.72719097e+00  3.43988252e+00  4.13666821e+00  3.92641187e+00
  8.60875797e+00  1.28136411e-01  6.59881878e+00 -2.85758328e+00
  2.46071982e+00 -9.21762753e+00  2.05884914e+01  2.41460209e+01
 -1.84302044e+00  1.25021009e+01  4.01074905e+01 -8.41254997e+00
  2.85930777e+00 -5.00820398e-01 -4.58993301e+01 -1.02145786e+01
 -5.01906061e+00 -3.00362062e+00 -5.91606998e+00 -1.18578606e+01
 -9.60888672e+00 -4.19743824e+00  3.02174187e+00  1.16849432e+01
 -4.23604059e+00 -8.43874359e+01 -3.55623283e+01  6.52421761e+00
  7.06903763e+01 -2.32755604e+01  2.35045757e+01 -3.35266037e+01
  4.30651140e+00 -6.43525391e+01 -1.72125397e+01 -1.47840748e+01
 -2.09951324e+01 -8.60071555e-02 -5.76736736e+00  2.49355278e+01
  2.27134304e+01 -3.16097488e+01  9.74598312e+00  1.20123072e+01
 -3.55486069e+01  6.92448711e+00  3.57010002e+01 -1.28202581e+01
 -1.36330900e+01 -1.13477125e+01  3.52436867e+01 -2.37166195e+01
 -2.69401717e+00  2.24815845e+01  1.69171429e+01  5.59966326e+00
  1.54616213e+01  6.14763451e+00 -1.28463211e+01 -1.75167823e+00
 -2.06730700e+00  1.30221426e-01  2.09994278e+01  1.53284998e+01
  1.16148911e+01  4.62453365e+00  5.28091669e+00 -2.56072292e+01
 -8.54498100e+00 -1.49898291e+01 -1.39143991e+01  2.10722790e+01
  8.31106758e+00]","[32.024334  18.519775  23.085375  37.01553   26.670015  31.648058
 31.304482  42.663452  41.794853  36.357803  26.143719  21.792665
 38.94652   38.173412  41.735252  46.765465  30.626339  43.868614
 45.594563  27.73423   35.19745   62.811264  27.677189  27.709747
 29.393147  29.942621  38.714855  30.607319  44.181427  37.745995
 33.775215  24.867113  25.694557  22.662107  24.891348  24.829752
 24.067461  28.57058   28.374811  40.14033   31.799677  38.745964
 30.665634  26.241924  25.551878  30.6304    30.999075  54.269302
 53.01771   69.60956   67.8739    49.59294   30.41109   28.59411
 24.606407  37.988197  36.967606  21.251812  25.872187  25.442966
 26.546396  24.566898  28.067997  31.01985   33.722332  34.780727
 22.181597  27.059088  22.92374   21.791798  23.06307   21.593307
 65.78462    5.8247404  4.352042   4.6070285  4.7131596  5.048423
  5.8548093  3.7719615  4.075486   3.7497914  2.9367259  4.4295983
  2.719596   5.947352   4.4251437  6.2491145  6.0716605  2.9657495
  3.2826002  3.3406353  3.440969   3.0996265  3.5283136  2.8427935
  4.294981   4.4702883  3.6010294  3.0596104  6.888163   6.2314563
  5.600344   6.9719     9.942455  16.365374   7.785148  11.65177
  7.3384786  8.764395   9.816229  17.302908  13.971256  12.420428
 13.019658  19.635572  15.279735  16.31815   10.7130785  7.9784207
  6.7706985  6.259821   6.3773723  6.6309695  8.872168   7.354419
 10.143839  22.626873  12.52369    9.500212   7.4450493  5.5732336
  7.9907527  7.961463   9.225442   6.8027945  8.797168   6.147624
 10.220993   6.2229147 14.194987   9.790129  53.761383  36.254696
 36.28265   10.644022   8.82634    8.416481   9.890068  12.068924
  9.435114   9.527056   9.274265   8.967017  13.953657   8.367944
 28.169153  30.747362   8.817011  16.96703   15.075127   7.2364163
 12.122686  17.376772  11.670187  12.843301   8.565162  11.858808
  9.132639   6.6973968  6.6626906  8.233025   7.278138  10.083646
  6.8326583  9.152268   9.960255   7.388488   6.315211   7.126685
  7.136447   9.367967   7.2465773  8.489875  53.67996   57.791668
 41.922302  26.933773  29.044744  31.822351  34.82927    9.594217
  5.5323234  5.0119042  4.3023615 13.040729   4.8317356  5.063846
  6.4411607  4.649378   6.2919016  6.2360086  5.3157434  3.3935676
  3.9632359  7.905057   3.555654   3.6138172 20.462488  24.280748
 23.630964  26.564297   4.1017423  3.9476779  6.557905   5.50295
 10.435893   5.3493223  4.029332   4.749225   5.935856   6.9506617
  5.993932   4.91334    5.6507797  5.445707   4.356883   5.365218
 22.185856  23.42525   26.816385  28.133732   3.3954325  6.7787194
  6.5384874  6.9815607  8.630192   8.756692   8.391972   4.3781314
  6.102366   8.914642   6.6919513  6.6755443  6.507065   5.462357
  5.3428698  6.8961697  5.598745   5.780284  17.532694   4.956238
  7.459189  12.844876   6.7279773  6.259049   3.519301   3.388107
  4.7549353  4.2793736  5.358696   3.5325317  4.4608593  5.535781
  4.733888   3.9511747  5.2079678  6.1686115  9.451179   7.9464903
 10.715463   7.1537104  9.366927  11.587531  10.845854   6.293117
  6.4565725 14.025461  14.146749  13.832143  23.928968  14.903479
 13.270807  12.683496  13.0315695 13.407095  13.217807  17.688335
 11.797236  20.914087  20.509407  17.894285  18.814062  21.769491
 20.638086  15.011679  19.23374   13.087029  16.640308  14.991322
 22.175188  11.359367  21.710363  18.759491  13.948476  11.970492
 13.480653   8.898611  12.115121  10.875221  14.246767  18.23391
 58.974693  57.961067  49.298775  49.469757  58.018513  54.934677
 68.570145  69.82978   16.90049   20.99282   20.659735  15.197281
 12.866261  14.34379   13.995956  20.195572  13.549025  35.828255
 36.970642  27.099657  26.432951  14.086777  16.180834  15.692181
 16.038025  28.65489   16.464489  17.08196   17.446949  17.047441
 12.796509  12.935988  13.6605015 12.369785  11.34589   12.64359
 18.629961  10.990791  12.384171  12.55299   11.473427  12.126935
 11.6412325 16.27685   11.847588  11.308941  14.560874  27.647009
 12.264407 ]","[1.29 1.23 1.61 2.45 1.84 2.23 2.21 2.91 2.87 2.44 1.55 1.6  2.5  2.32
 2.41 2.91 2.   2.57 2.51 1.68 2.06 2.4  1.88 1.8  1.9  1.98 2.56 2.15
 3.14 2.73 2.21 1.7  1.72 1.57 1.73 1.74 1.7  1.78 1.77 2.64 2.13 2.69
 2.08 1.85 1.83 2.09 2.15 3.52 3.49 4.38 4.33 3.3  2.22 1.96 1.74 2.24
 2.19 1.49 1.85 1.78 1.89 1.8  2.05 2.   1.89 1.81 1.38 1.49 1.45 1.36
 1.47 1.38 3.87 3.08 2.3  2.43 2.36 2.7  3.12 1.95 1.71 1.99 1.51 2.24
 1.37 3.04 2.3  3.02 3.23 1.56 1.68 1.69 1.66 1.57 1.81 1.42 2.18 2.3
 1.84 1.53 1.6  1.66 1.48 1.87 2.53 3.35 1.72 2.8  1.91 2.21 2.11 3.49
 2.81 2.55 2.59 2.2  1.84 2.   1.72 1.54 1.66 1.63 1.64 1.59 2.19 1.85
 2.72 4.56 3.06 2.53 1.9  1.48 1.42 1.55 2.14 1.8  2.24 1.52 2.4  1.51
 2.08 2.09 3.34 2.6  2.99 2.34 2.22 2.12 2.57 3.14 2.2  2.35 2.32 2.32
 3.48 2.2  4.86 5.27 2.3  4.29 3.86 1.84 3.11 2.64 2.84 2.58 1.94 2.66
 2.13 1.77 1.58 2.15 1.85 1.95 1.76 1.49 1.82 1.88 1.62 1.84 1.65 2.09
 1.62 1.87 3.14 3.95 3.34 2.61 2.56 2.61 2.53 2.34 2.29 2.02 1.77 3.34
 1.93 2.08 2.58 1.88 2.15 2.52 2.13 1.39 1.62 1.45 1.4  1.4  3.34 3.81
 3.48 3.42 1.69 1.61 2.65 1.96 3.49 2.1  1.62 1.8  1.57 1.49 1.49 2.02
 2.29 2.1  1.51 1.95 2.2  2.34 2.63 2.69 1.35 2.58 2.46 2.78 2.49 3.49
 2.82 1.65 2.41 3.61 2.64 2.6  2.58 2.19 2.17 2.78 2.26 2.1  3.39 1.93
 2.6  4.65 2.43 1.39 1.42 1.32 1.89 1.57 2.02 1.4  1.79 2.   1.8  1.54
 1.96 2.22 2.57 2.27 2.85 2.08 2.69 2.91 2.31 1.71 1.79 2.02 2.2  2.15
 3.12 2.22 1.74 2.   2.05 1.91 1.94 2.43 1.81 2.92 2.89 2.4  2.46 2.03
 2.48 1.71 2.03 1.7  2.41 2.01 2.96 1.57 2.91 2.65 2.14 1.86 1.94 1.41
 1.79 1.63 1.66 2.68 3.71 3.75 2.93 2.97 2.95 2.81 2.68 2.71 2.11 1.86
 1.77 2.24 2.02 2.16 2.14 2.68 2.05 4.65 4.74 3.38 4.13 2.18 2.35 1.7
 1.74 3.42 2.28 2.22 2.51 2.39 1.93 1.83 2.17 1.96 1.71 1.88 2.13 1.29
 1.52 1.7  1.69 1.82 1.55 1.51 1.38 1.32 2.15 3.9  1.81]","[76.07 44.56 42.03 42.41 41.73 40.9  40.69 41.55 41.27 43.39 50.46 40.21
 43.35 44.46 44.79 43.51 44.99 47.49 48.7  48.51 49.33 78.79 42.01 44.77
 44.59 43.88 42.78 42.17 40.61 40.21 42.81 42.09 42.61 41.93 42.17 42.21
 41.86 45.86 45.8  44.67 44.27 41.92 42.5  40.78 40.54 41.43 41.09 43.
 42.76 42.79 42.59 44.28 40.18 41.64 41.05 49.39 49.18 41.43 40.99 41.42
 41.18 39.97 40.03 45.96 49.67 51.12 47.24 53.96 46.   47.53 45.61 45.12
 44.1  16.23 16.3  16.37 16.52 15.85 15.96 16.06 22.84 16.07 16.07 16.28
 17.37 16.44 15.97 15.79 16.31 16.46 16.22 16.46 16.28 16.01 16.   16.19
 16.05 16.48 16.9  17.46 36.76 31.31 31.72 31.25 32.37 43.28 38.74 33.8
 32.3  32.92 37.11 43.14 43.48 42.52 43.94 83.44 77.49 72.03 55.05 45.97
 33.69 32.19 32.61 35.48 33.91 33.12 31.23 43.78 34.29 31.43 32.68 31.87
 49.84 44.3  34.61 31.64 32.89 34.58 34.89 35.45 61.11 41.11 59.52 50.49
 42.7  39.12 33.29 33.56 32.21 32.11 36.77 33.74 33.55 32.06 33.08 31.78
 50.35 50.26 31.99 33.07 32.58 32.68 32.6  58.51 34.99 43.09 38.21 38.35
 34.73 31.69 34.29 31.97 32.48 45.51 32.23 56.42 48.67 32.65 32.69 32.19
 35.12 37.76 37.54 39.32 61.45 51.18 42.62 38.56 42.91 47.03 54.17 34.13
 23.72 24.08 23.71 42.64 24.43 24.07 24.21 24.19 30.62 24.42 24.53 24.25
 23.93 61.9  24.86 25.24 26.36 28.31 30.7  36.22 23.72 23.93 23.92 29.22
 30.9  24.36 24.51 26.89 41.54 53.24 44.4  23.78 24.04 24.54 30.6  27.23
 46.17 46.69 48.42 50.23 25.29 25.85 26.14 24.88 38.18 24.49 30.74 26.49
 24.31 24.09 24.35 24.49 24.46 24.54 24.18 24.31 24.34 25.53 54.7  24.73
 25.84 25.41 25.54 52.28 24.18 24.68 24.26 25.25 24.89 25.37 24.51 25.89
 25.21 25.35 25.7  26.6   4.86  4.97  4.78  4.9   4.91  4.63  4.28  4.98
  5.08 45.28 41.84 41.77 50.86 43.37 47.93 41.19 41.32 44.89 43.94 46.3
 42.27 46.93 46.9  48.36 49.64 72.64 55.61 59.59 63.46 50.18 44.97 48.75
 48.24 48.06 48.93 45.45 42.44 41.79 44.45 41.33 43.6  43.75 57.26 44.01
 46.71 45.41 50.31 49.34 59.38 59.06 78.84 78.69 51.98 77.18 79.83 44.68
 41.4  42.87 42.59 48.86 42.52 50.85 51.01 53.25 41.68 42.04 44.42 62.86
 62.78 55.71 47.98 49.92 45.43 46.13 43.45 45.6  40.87 40.95 43.07 43.35
 59.61 57.97 54.69 48.95 43.62 42.88 48.08 74.34 57.88 57.76 43.75 45.34
 43.61]","[0.25 0.25 0.25 0.25 0.25 0.25 0.25 0.25 0.25 0.25 0.25 0.25 0.25 0.25
 0.25 0.25 0.25 0.25 0.25 0.25 0.25 0.25 0.25 0.25 0.25 0.25 0.25 0.25
 0.25 0.25 0.25 0.25 0.25 0.25 0.25 0.25 0.25 0.25 0.25 0.25 0.25 0.25
 0.25 0.25 0.25 0.25 0.25 0.25 0.25 0.25 0.25 0.25 0.25 0.25 0.25 0.25
 0.25 0.25 0.25 0.25 0.25 0.25 0.25 0.25 0.25 0.25 0.25 0.25 0.25 0.25
 0.25 0.25 0.25 0.25 0.25 0.25 0.25 0.25 0.25 0.25 0.25 0.25 0.25 0.25
 0.25 0.25 0.25 0.25 0.25 0.25 0.25 0.25 0.25 0.25 0.25 0.25 0.25 0.25
 0.25 0.25 0.25 0.25 0.25 0.25 0.25 0.25 0.25 0.25 0.25 0.25 0.25 0.25
 0.25 0.25 0.25 0.25 0.25 0.25 0.25 0.25 0.25 0.25 0.25 0.25 0.25 0.25
 0.25 0.25 0.25 0.25 0.25 0.25 0.25 0.25 0.25 0.25 0.25 0.25 0.25 0.25
 0.25 0.25 0.25 0.25 0.25 0.25 0.25 0.25 0.25 0.25 0.25 0.25 0.25 0.25
 0.25 0.25 0.25 0.25 0.25 0.25 0.25 0.25 0.25 0.25 0.25 0.25 0.25 0.25
 0.25 0.25 0.25 0.25 0.25 0.25 0.25 0.25 0.25 0.25 0.25 0.25 0.25 0.25
 0.25 0.25 0.25 0.25 0.25 0.25 0.25 0.25 0.25 0.25 0.25 0.25 0.25 0.25
 0.25 0.25 0.25 0.25 0.25 0.25 0.25 0.25 0.25 0.25 0.25 0.25 0.25 0.25
 0.25 0.25 0.25 0.25 0.25 0.25 0.25 0.25 0.25 0.25 0.25 0.25 0.25 0.25
 0.25 0.25 0.25 0.25 0.25 0.25 0.25 0.25 0.25 0.25 0.25 0.25 0.25 0.25
 0.25 0.25 0.25 0.25 0.25 0.25 0.25 0.25 0.25 0.25 0.25 0.25 0.25 0.25
 0.25 0.25 0.25 0.25 0.25 0.25 0.25 0.25 0.25 0.25 0.25 0.25 0.25 0.25
 0.25 0.25 0.25 0.25 0.25 0.25 0.25 0.25 0.25 0.25 0.25 0.25 0.25 0.25
 0.25 0.25 0.25 0.25 0.25 0.25 0.25 0.25 0.25 0.25 0.25 0.25 0.25 0.25
 0.25 0.25 0.25 0.25 0.25 0.25 0.25 0.25 0.25 0.25 0.25 0.25 0.25 0.25
 0.25 0.25 0.25 0.25 0.25 0.25 0.25 0.25 0.25 0.25 0.25 0.25 0.25 0.25
 0.25 0.25 0.25 0.25 0.25 0.25 0.25 0.25 0.25 0.25 0.25 0.25 0.25 0.25
 0.25 0.25 0.25 0.25 0.25 0.25 0.25 0.25 0.25 0.25 0.25 0.25 0.25 0.25
 0.25 0.25 0.25 0.25 0.25 0.25 0.25 0.25 0.25 0.25 0.25]","[30.17 30.14 30.13 30.08 30.11 30.11 30.11 30.09 30.09 30.12 30.15 30.14
 30.07 30.04 29.99 30.04 30.13 30.07 30.03 30.13 30.11 30.15 30.1  30.12
 30.11 30.12 30.09 30.14 30.11 30.12 30.08 30.11 30.1  30.12 30.13 30.14
 30.14 30.1  30.1  30.13 30.14 30.12 30.11 30.11 30.12 30.09 30.1  30.07
 30.08 30.03 30.04 30.13 30.13 30.1  30.12 30.12 30.12 30.12 30.13 30.12
 30.13 30.13 30.13 30.14 30.07 30.02 30.13 30.14 30.12 30.14 30.12 30.11
 29.99 31.54 31.56 31.56 31.51 31.54 31.53 31.53 31.66 31.56 31.53 31.51
 31.58 31.52 31.52 31.41 31.55 31.58 31.54 31.54 31.47 31.51 31.53 31.5
 31.5  31.54 31.57 31.58 31.34 31.33 31.33 31.33 31.3  31.36 31.34 31.28
 31.33 31.31 31.26 31.34 31.35 31.35 31.35 31.41 31.41 31.35 31.36 31.37
 31.31 31.33 31.33 31.34 31.32 31.32 31.32 31.35 31.31 31.32 31.32 31.34
 31.37 31.34 31.27 31.33 31.32 31.35 31.29 31.35 31.37 31.36 30.4  30.38
 30.35 31.34 31.32 31.33 31.32 31.31 31.34 31.31 31.32 31.31 31.29 31.32
 31.33 31.32 31.32 31.3  31.3  31.32 31.31 31.36 31.33 31.34 31.35 31.34
 31.28 31.33 31.29 31.32 31.31 31.36 31.32 31.4  31.37 31.32 31.33 31.32
 31.29 31.32 31.32 31.35 30.37 30.34 30.31 30.42 30.43 30.45 30.47 31.31
 31.53 31.52 31.54 31.6  31.53 31.54 31.52 31.54 31.58 31.53 31.53 31.55
 31.54 31.64 31.53 31.53 30.59 30.62 30.64 30.67 31.54 31.54 31.51 31.58
 31.55 31.5  31.55 31.57 31.62 31.65 31.62 31.53 31.52 31.49 31.6  31.53
 30.65 30.67 30.69 30.7  31.56 31.52 31.52 31.53 31.62 31.5  31.56 31.55
 31.5  31.5  31.5  31.49 31.51 31.53 31.53 31.52 31.53 31.46 31.56 31.51
 31.42 31.42 31.45 31.67 31.53 31.51 31.52 31.47 31.48 31.56 31.54 31.47
 31.51 31.54 31.51 31.49 29.56 29.64 29.51 29.65 29.63 29.41 29.15 29.6
 29.65 31.   31.   31.   31.01 30.99 30.96 31.   31.   30.98 30.99 30.97
 31.   31.   31.01 30.99 30.99 31.03 31.02 31.04 31.02 31.   31.   31.
 30.98 31.02 31.   30.98 31.   31.   30.98 31.01 30.99 31.01 31.02 30.99
 30.12 30.12 30.14 30.13 30.15 30.15 30.17 30.16 30.99 31.04 31.04 31.01
 31.   30.99 31.   30.99 30.99 31.   30.99 31.01 30.99 31.   30.99 31.04
 31.04 31.01 31.02 30.99 31.   30.99 31.01 30.99 31.   31.   31.   30.99
 31.04 31.04 31.03 31.02 30.99 30.99 30.98 31.05 31.03 31.03 30.99 30.97
 30.99]","[0.005 0.005 0.005 0.005 0.005 0.005 0.005 0.005 0.005 0.005 0.005 0.005
 0.005 0.005 0.005 0.005 0.005 0.005 0.005 0.005 0.005 0.005 0.005 0.005
 0.005 0.005 0.005 0.005 0.005 0.005 0.005 0.005 0.005 0.005 0.005 0.005
 0.005 0.005 0.005 0.005 0.005 0.005 0.005 0.005 0.005 0.005 0.005 0.005
 0.005 0.005 0.005 0.005 0.005 0.005 0.005 0.005 0.005 0.005 0.005 0.005
 0.005 0.005 0.005 0.005 0.005 0.005 0.005 0.005 0.005 0.005 0.005 0.005
 0.005 0.005 0.005 0.005 0.005 0.005 0.005 0.005 0.005 0.005 0.005 0.005
 0.005 0.005 0.005 0.005 0.005 0.005 0.005 0.005 0.005 0.005 0.005 0.005
 0.005 0.005 0.005 0.005 0.005 0.005 0.005 0.005 0.005 0.005 0.005 0.005
 0.005 0.005 0.005 0.005 0.005 0.005 0.005 0.005 0.005 0.005 0.005 0.005
 0.005 0.005 0.005 0.005 0.005 0.005 0.005 0.005 0.005 0.005 0.005 0.005
 0.005 0.005 0.005 0.005 0.005 0.005 0.005 0.005 0.005 0.005 0.005 0.005
 0.005 0.005 0.005 0.005 0.005 0.005 0.005 0.005 0.005 0.005 0.005 0.005
 0.005 0.005 0.005 0.005 0.005 0.005 0.005 0.005 0.005 0.005 0.005 0.005
 0.005 0.005 0.005 0.005 0.005 0.005 0.005 0.005 0.005 0.005 0.005 0.005
 0.005 0.005 0.005 0.005 0.005 0.005 0.005 0.005 0.005 0.005 0.005 0.005
 0.005 0.005 0.005 0.005 0.005 0.005 0.005 0.005 0.005 0.005 0.005 0.005
 0.005 0.005 0.005 0.005 0.005 0.005 0.005 0.005 0.005 0.005 0.005 0.005
 0.005 0.005 0.005 0.005 0.005 0.005 0.005 0.005 0.005 0.005 0.005 0.005
 0.005 0.005 0.005 0.005 0.005 0.005 0.005 0.005 0.005 0.005 0.005 0.005
 0.005 0.005 0.005 0.005 0.005 0.005 0.005 0.005 0.005 0.005 0.005 0.005
 0.005 0.005 0.005 0.005 0.005 0.005 0.005 0.005 0.005 0.005 0.005 0.005
 0.005 0.005 0.005 0.005 0.005 0.005 0.005 0.005 0.005 0.005 0.005 0.005
 0.005 0.005 0.005 0.005 0.005 0.005 0.005 0.005 0.005 0.005 0.005 0.005
 0.005 0.005 0.005 0.005 0.005 0.005 0.005 0.005 0.005 0.005 0.005 0.005
 0.005 0.005 0.005 0.005 0.005 0.005 0.005 0.005 0.005 0.005 0.005 0.005
 0.005 0.005 0.005 0.005 0.005 0.005 0.005 0.005 0.005 0.005 0.005 0.005
 0.005 0.005 0.005 0.005 0.005 0.005 0.005 0.005 0.005 0.005 0.005 0.005
 0.005 0.005 0.005 0.005 0.005 0.005 0.005 0.005 0.005 0.005 0.005 0.005
 0.005 0.005 0.005 0.005 0.005 0.005 0.005 0.005 0.005 0.005 0.005 0.005
 0.005]","[1. 1. 1. 1. 1. 1. 1. 1. 1. 1. 1. 1. 1. 1. 1. 1. 1. 1. 1. 1. 1. 1. 1. 1.
 1. 1. 1. 1. 1. 1. 1. 1. 1. 1. 1. 1. 1. 1. 1. 1. 1. 1. 1. 1. 1. 1. 1. 1.
 1. 1. 1. 1. 1. 1. 1. 1. 1. 1. 1. 1. 1. 1. 1. 1. 1. 1. 1. 1. 1. 1. 1. 1.
 1. 1. 1. 1. 1. 1. 1. 1. 1. 1. 1. 1. 1. 1. 1. 1. 1. 1. 1. 1. 1. 1. 1. 1.
 1. 1. 1. 1. 1. 1. 1. 1. 1. 1. 1. 1. 1. 1. 1. 1. 1. 1. 1. 1. 1. 1. 1. 1.
 1. 1. 1. 1. 1. 1. 1. 1. 1. 1. 1. 1. 1. 1. 1. 1. 1. 1. 1. 1. 1. 1. 1. 1.
 1. 1. 1. 1. 1. 1. 1. 1. 1. 1. 1. 1. 1. 1. 1. 1. 1. 1. 1. 1. 1. 1. 1. 1.
 1. 1. 1. 1. 1. 1. 1. 1. 1. 1. 1. 1. 1. 1. 1. 1. 1. 1. 1. 1. 1. 1. 1. 1.
 1. 1. 1. 1. 1. 1. 1. 1. 1. 1. 1. 1. 1. 1. 1. 1. 1. 1. 1. 1. 1. 1. 1. 1.
 1. 1. 1. 1. 1. 1. 1. 1. 1. 1. 1. 1. 1. 1. 1. 1. 1. 1. 1. 1. 1. 1. 1. 1.
 1. 1. 1. 1. 1. 1. 1. 1. 1. 1. 1. 1. 1. 1. 1. 1. 1. 1. 1. 1. 1. 1. 1. 1.
 1. 1. 1. 1. 1. 1. 1. 1. 1. 1. 1. 1. 1. 1. 1. 1. 1. 1. 1. 1. 1. 1. 1. 1.
 1. 1. 1. 1. 1. 1. 1. 1. 1. 1. 1. 1. 1. 1. 1. 1. 1. 1. 1. 1. 1. 1. 1. 1.
 1. 1. 1. 1. 1. 1. 1. 1. 1. 1. 1. 1. 1. 1. 1. 1. 1. 1. 1. 1. 1. 1. 1. 1.
 1. 1. 1. 1. 1. 1. 1. 1. 1. 1. 1. 1. 1. 1. 1. 1. 1. 1. 1. 1. 1. 1. 1. 1.
 1.]","[99.       99.       99.       99.       99.       99.       99.
 99.       99.       99.       99.       25.323122 99.       99.
 99.       99.       99.       99.       99.       99.       99.
 99.       99.       99.       99.       99.       99.       99.
 99.       99.       99.       99.       99.       99.       99.
 99.       99.       99.       99.       99.       99.       99.
 99.       99.       99.       99.       99.       99.       99.
 99.       99.       99.       99.       99.       99.       99.
 99.       99.       99.       99.       99.       99.       99.
 99.       99.       99.       99.       99.       99.       99.
 99.       99.       99.       99.       99.       28.574774 99.
 99.       99.       99.       99.       99.       99.       99.
 99.       99.       99.       99.       99.       99.       99.
 99.       99.       99.       99.       99.       99.       99.
 99.       99.       99.       99.       99.       99.       99.
 99.       99.       99.       26.05845  99.       99.       99.
 99.       99.       99.       99.       99.       99.       99.
 99.       99.       99.       99.       99.       99.       99.
 99.       99.       99.       99.       99.       99.       99.
 99.       99.       99.       99.       99.       99.       99.
 99.       99.       99.       99.       99.       99.       99.
 99.       99.       99.       99.       99.       99.       99.
 99.       99.       99.       99.       99.       99.       99.
 99.       99.       99.       99.       99.       99.       99.
 99.       99.       99.       99.       99.       99.       99.
 99.       99.       99.       99.       99.       99.       99.
 99.       99.       99.       99.       99.       99.       99.
 99.       99.       99.       99.       99.       99.       99.
 99.       99.       24.024075 26.638403 99.       99.       99.
 99.       99.       99.       99.       99.       99.       99.
 99.       99.       99.       99.       99.       99.       99.
 99.       99.       99.       99.       99.       99.       99.
 99.       99.       99.       99.       99.       99.       99.
 99.       99.       99.       99.       99.       99.       99.
 99.       99.       99.       99.       99.       99.       99.
 99.       99.       99.       99.       99.       99.       99.
 99.       99.       99.       99.       99.       99.       99.
 99.       99.       99.       99.       99.       99.       99.
 99.       99.       99.       99.       99.       99.       99.
 99.       99.       99.       99.       99.       99.       99.
 99.       99.       24.134356 25.552727 25.556696 99.       99.
 99.       99.       99.       99.       99.       99.       99.
 99.       99.       99.       99.       99.       99.       99.
 99.       99.       99.       99.       99.       99.       99.
 99.       99.       99.       99.       99.       99.       99.
 99.       99.       99.       99.       99.       99.       99.
 99.       99.       99.       99.       99.       99.       99.
 99.       99.       99.       99.       99.       99.       99.
 99.       99.       99.       99.       99.       99.       99.
 99.       99.       99.       99.       99.       99.       99.
 99.       99.       99.       99.       99.       99.       99.
 99.       99.       99.       99.      ]",322.4408725313024,-21.48088261245937,150,361,1,361,0.037988752,0.0018994376,0.21331127,0.001,0.21213225,0.001,0.0,300.0,1,1,6812540409,0,0.15225463,0.15763,0.21331127,0.001,322.4408105370258,-21.481086499936414,0.76278186,0.84620893,-99.0,8.8225,-9999.0,-9999.0,-9999.0,-9999.0,-9999.0,-9999.0,-9999.0,0.1418,-9,26.079,58460310,0.045454103,0.09058633,0.10847534,0.12654969,0.14125887,0.15375388,0.16918486,0.1865374,0.21102995,0.24664217,0.4331308,23.229074,22.341146,21.814863,21.447153,21.20922,21.172876,0.09705,0.01912,0.01717,0.01711,0.01853,0.02374,0,0,-9.0,-9.0,-9.0,-9.0,-999.0,-999.0,-9.0,-9.0,-9999.0,-9999.0,-9999.0,-9999.0,-9999.0,-9999.0,-9999.0,-9999.0,-9999.0,0,-9999.0,0,999.0,999.0,999.0,999.0,999.0,999.0,999.0,999.0,999.0,999.0,999.0,999.0,-9.0,-9.0,-9.0,-9.0,-9.0,-9.0,-9.0,-9.0,-9.0,-9.0,-9.0,8.956995,19.247454,32.273754,43.030983,53.26275,56.673073,60883.684,60883.297,60883.297,60883.297,SIMSED.KN-K17,7,50,UNKNOWN,238,42590,1,0,5,0.21322462,0.21151946,0.2186,2,130.2123,6812540409,40.09037,-0.0004040203,322.4408874511719,-21.48088264465332,0.03542188,60882.89,60882.49,0.0,0.07958763,3.1,27.843153,24.728193,23.700302,23.78583,23.957829,24.202047,1.0,1.0,1.0,1.0,1.0,1.0,36.111862,4.4043007,2.8654754,4.1337047,5.9948916,7.9877057,-9,,,,,,,,,22.28234,21.75759,21.4655,,,,,,,,,,,,,,,,,,,,,,,
21479478,"[61065.3774 61070.2009 61073.1468 61073.1694 61075.3479 61075.3581
 61078.3233 61078.3462 61102.2505 61102.2731 61104.2612 61104.2837
 61128.083  61131.1995 61134.2147 61159.1484 61159.1488 61187.0751
 61187.0792 61187.0976 61187.1017 61425.1582 61425.1807 61430.3669
 61431.3531 61431.3626 61449.3124 61449.3352 61453.1073 61453.13
 61457.2725 61457.2953 61461.3107 61461.3334 61482.2477 61482.2703
 61483.2163 61484.0965 61484.2576 61484.258  61484.2807 61484.2812
 61508.1556 61509.9844 61514.1331 61514.1558 61516.1208 61516.1435
 61540.0978 61578.9905 61579.0134 61811.3231 61811.3469 61815.3511
 61815.3516 61838.2536 61840.2476 61877.1338 61877.1567 61083.3077
 61096.3045 61097.272  61109.3199 61109.3204 61408.2074 61411.2658
 61439.104  61464.0569 61464.2739 61465.1109 61467.086  61476.0474
 61476.0825 61476.2459 61478.2471 61498.2121 61538.0871 61846.2332
 61041.2764 61042.2873 61050.2901 61067.3577 61069.2034 61072.1931
 61076.1333 61076.3351 61100.0682 61100.2652 61120.1892 61120.2064
 61121.2138 61124.2429 61141.183  61149.9687 61154.973  61156.1327
 61171.0818 61171.0845 61174.0786 61181.0814 61182.0709 61328.3676
 61328.3707 61328.3738 61328.3768 61399.2419 61404.2406 61412.2822
 61416.2322 61417.177  61420.2719 61424.2369 61433.3401 61435.3582
 61437.3735 61439.3457 61443.3273 61446.3199 61452.1147 61452.1458
 61452.3126 61460.2698 61468.2436 61472.0617 61472.2542 61474.2491
 61482.0934 61493.2067 61493.2081 61500.1895 61501.1594 61507.2058
 61517.1401 61525.1282 61526.1567 61527.1251 61539.0673 61539.0847
 61541.0997 61551.0862 61553.045  61561.0965 61816.3271 61848.2508
 61870.1829 61874.1454 61875.1676 61875.1897 60956.376  60956.379
 60956.3821 60956.3852 60964.3696 60964.3727 60964.3758 60964.3789
 61041.3004 61050.2653 61056.3713 61071.3797 61083.3317 61097.2968
 61109.296  61109.2964 61113.2375 61114.0531 61116.2762 61116.2771
 61124.2185 61141.1588 61142.2082 61145.1915 61170.1016 61181.0569
 61399.2658 61400.2538 61400.2542 61404.2647 61408.2313 61411.2907
 61417.37   61420.2457 61427.2126 61435.3466 61437.363  61439.128
 61443.3518 61460.2938 61464.0333 61465.1349 61467.1102 61476.0237
 61476.1066 61478.2221 61482.0692 61488.0035 61491.2064 61493.1822
 61493.1836 61498.2361 61500.1651 61507.1818 61525.1042 61527.1008
 61529.0912 61541.0757 61549.0823 61551.0619 61553.0208 61561.0725
 61816.3028 61835.2636 61846.2574 61848.2264 61874.1212 61113.26
 61114.0299 61116.2991 61116.2999 61142.1855 61145.2145 61147.0118
 61529.0682 61559.0321 61562.0326 61562.033  60960.3702 60960.3733
 60960.3764 60960.3795 61042.3112 61053.369  61065.3655 61067.3691
 61072.2173 61076.1096 61100.0444 61120.2139 61121.2382 61128.0585
 61134.1907 61149.9795 61154.9838 61156.1566 61159.1243 61159.1248
 61171.1065 61171.1091 61182.0949 61396.3213 61396.3227 61407.2455
 61412.3008 61416.2562 61417.1533 61424.2623 61428.3498 61430.3566
 61433.3514 61439.3571 61446.3443 61452.091  61452.1705 61468.268
 61472.038  61475.1236 61475.124  61483.1916 61484.072  61501.1837
 61508.1798 61509.9732 61515.9799 61526.1805 61539.0915 61540.0736
 61546.0796 61688.3732 61688.3763 61688.3794 61688.3825 61697.3739
 61697.3743 61718.3633 61724.3425 61756.3326 61815.3399 61815.3404
 61838.2295 61840.2235 61870.2068 61875.1919]","['Y' 'Y' 'Y' 'Y' 'Y' 'Y' 'Y' 'Y' 'Y' 'Y' 'Y' 'Y' 'Y' 'Y' 'Y' 'Y' 'Y' 'Y'
 'Y' 'Y' 'Y' 'Y' 'Y' 'Y' 'Y' 'Y' 'Y' 'Y' 'Y' 'Y' 'Y' 'Y' 'Y' 'Y' 'Y' 'Y'
 'Y' 'Y' 'Y' 'Y' 'Y' 'Y' 'Y' 'Y' 'Y' 'Y' 'Y' 'Y' 'Y' 'Y' 'Y' 'Y' 'Y' 'Y'
 'Y' 'Y' 'Y' 'Y' 'Y' 'g' 'g' 'g' 'g' 'g' 'g' 'g' 'g' 'g' 'g' 'g' 'g' 'g'
 'g' 'g' 'g' 'g' 'g' 'g' 'i' 'i' 'i' 'i' 'i' 'i' 'i' 'i' 'i' 'i' 'i' 'i'
 'i' 'i' 'i' 'i' 'i' 'i' 'i' 'i' 'i' 'i' 'i' 'i' 'i' 'i' 'i' 'i' 'i' 'i'
 'i' 'i' 'i' 'i' 'i' 'i' 'i' 'i' 'i' 'i' 'i' 'i' 'i' 'i' 'i' 'i' 'i' 'i'
 'i' 'i' 'i' 'i' 'i' 'i' 'i' 'i' 'i' 'i' 'i' 'i' 'i' 'i' 'i' 'i' 'i' 'i'
 'i' 'i' 'i' 'i' 'r' 'r' 'r' 'r' 'r' 'r' 'r' 'r' 'r' 'r' 'r' 'r' 'r' 'r'
 'r' 'r' 'r' 'r' 'r' 'r' 'r' 'r' 'r' 'r' 'r' 'r' 'r' 'r' 'r' 'r' 'r' 'r'
 'r' 'r' 'r' 'r' 'r' 'r' 'r' 'r' 'r' 'r' 'r' 'r' 'r' 'r' 'r' 'r' 'r' 'r'
 'r' 'r' 'r' 'r' 'r' 'r' 'r' 'r' 'r' 'r' 'r' 'r' 'r' 'r' 'r' 'r' 'r' 'u'
 'u' 'u' 'u' 'u' 'u' 'u' 'u' 'u' 'u' 'u' 'z' 'z' 'z' 'z' 'z' 'z' 'z' 'z'
 'z' 'z' 'z' 'z' 'z' 'z' 'z' 'z' 'z' 'z' 'z' 'z' 'z' 'z' 'z' 'z' 'z' 'z'
 'z' 'z' 'z' 'z' 'z' 'z' 'z' 'z' 'z' 'z' 'z' 'z' 'z' 'z' 'z' 'z' 'z' 'z'
 'z' 'z' 'z' 'z' 'z' 'z' 'z' 'z' 'z' 'z' 'z' 'z' 'z' 'z' 'z' 'z' 'z' 'z'
 'z' 'z' 'z' 'z']","[   0    0    0    0    0    0    0    0    0    0    0    0    0    0
    0    0    0    0    0    0    0    0    0    0    0    0    0    0
    0    0    0    0    0    0    0    0    0    0    0    0    0    0
    0    0    0    0    0    0    0    0    0    0    0    0    0    0
    0    0    0    0    0    0    0    0    0    0    0    0    0    0
    0    0    0    0    0    0    0    0    0    0    0    0    0    0
    0    0    0    0    0    0    0    0    0    0    0    0    0    0
    0    0    0    0    0    0    0    0    0    0    0    0    0    0
    0    0    0    0    0    0    0    0    0    0    0    0    0    0
    0    0    0    0    0    0    0    0    0    0    0    0    0    0
    0    0    0    0    0    0    0    0    0    0    0    0    0    0
    0    0    0    0    0    0    0    0    0    0    0 6144    0    0
    0    0    0    0    0    0    0    0    0    0    0    0    0    0
    0    0    0    0    0    0    0    0    0    0    0    0    0    0
    0    0    0    0    0    0    0    0    0    0    0    0    0    0
    0    0    0    0    0    0    0    0    0    0    0    0    0    0
    0    0    0    0    0    0    0    0    0    0    0    0    0    0
    0    0    0    0    0    0    0    0    0    0    0    0    0    0
    0    0    0    0    0    0    0    0    0    0    0    0    0    0
    0    0    0    0    0    0    0    0    0    0    0    0    0    0
    0    0    0    0    0    0    0    0    0    0    0    0]","[-9. -9. -9. -9. -9. -9. -9. -9. -9. -9. -9. -9. -9. -9. -9. -9. -9. -9.
 -9. -9. -9. -9. -9. -9. -9. -9. -9. -9. -9. -9. -9. -9. -9. -9. -9. -9.
 -9. -9. -9. -9. -9. -9. -9. -9. -9. -9. -9. -9. -9. -9. -9. -9. -9. -9.
 -9. -9. -9. -9. -9. -9. -9. -9. -9. -9. -9. -9. -9. -9. -9. -9. -9. -9.
 -9. -9. -9. -9. -9. -9. -9. -9. -9. -9. -9. -9. -9. -9. -9. -9. -9. -9.
 -9. -9. -9. -9. -9. -9. -9. -9. -9. -9. -9. -9. -9. -9. -9. -9. -9. -9.
 -9. -9. -9. -9. -9. -9. -9. -9. -9. -9. -9. -9. -9. -9. -9. -9. -9. -9.
 -9. -9. -9. -9. -9. -9. -9. -9. -9. -9. -9. -9. -9. -9. -9. -9. -9. -9.
 -9. -9. -9. -9. -9. -9. -9. -9. -9. -9. -9. -9. -9. -9. -9. -9. -9. -9.
 -9. -9. -9. -9. -9. -9. -9. -9. -9. -9. -9. -9. -9. -9. -9. -9. -9. -9.
 -9. -9. -9. -9. -9. -9. -9. -9. -9. -9. -9. -9. -9. -9. -9. -9. -9. -9.
 -9. -9. -9. -9. -9. -9. -9. -9. -9. -9. -9. -9. -9. -9. -9. -9. -9. -9.
 -9. -9. -9. -9. -9. -9. -9. -9. -9. -9. -9. -9. -9. -9. -9. -9. -9. -9.
 -9. -9. -9. -9. -9. -9. -9. -9. -9. -9. -9. -9. -9. -9. -9. -9. -9. -9.
 -9. -9. -9. -9. -9. -9. -9. -9. -9. -9. -9. -9. -9. -9. -9. -9. -9. -9.
 -9. -9. -9. -9. -9. -9. -9. -9. -9. -9. -9. -9. -9. -9. -9. -9. -9. -9.
 -9. -9. -9. -9.]","[ 4.17903748e+01 -8.32156086e+00  1.62145119e+01  2.56337452e+01
  1.39225893e+01 -2.60653400e+01  3.97574539e+01 -6.62634125e+01
  3.02146435e+01 -8.78438473e+00  4.73848648e+01  3.32963867e+01
 -3.22399712e+01  1.49014950e+01  2.68505526e+00  9.34147739e+00
  3.83165627e+01 -1.56098557e+01  2.12871456e+01  2.84297371e+01
  2.06857910e+01 -3.72558060e+01  4.89380493e+01 -2.65311165e+01
 -2.40623417e+01 -5.87611809e+01 -5.22007895e+00  1.89149570e+01
 -2.05760994e+01  6.03133278e+01 -2.34290047e+01 -8.55473785e+01
  3.78310966e+00 -1.18921730e+02 -3.99149323e+01 -2.78485632e+00
 -1.95196648e+01  3.64627113e+01  2.21885395e+01  1.80002174e+01
  2.02185192e+01 -3.98772774e+01  7.81065798e+00 -5.68260479e+00
 -1.20514479e+01  2.63973980e+01 -1.62899876e+01 -5.76128998e+01
  4.67840996e+01 -4.70389986e+00 -1.26675129e+01  3.78042374e+01
  2.58272591e+01  6.18103600e+00  7.21242046e+00  1.48210745e+01
 -2.22250977e+01  7.27026701e+00 -3.26662445e+01  5.18146086e+00
  4.23900270e+00 -1.80560660e+00  2.93249111e+01  3.62456818e+01
  4.63092422e+00 -2.77563524e+00 -6.54114342e+00 -1.42233312e+00
 -3.70498252e+00 -1.62201345e+00 -6.38240799e-02 -8.05518270e-01
  4.29740095e+00 -2.12813663e+00 -7.39087820e+00 -1.66654527e+00
 -1.00216274e+01 -1.12690783e+00 -3.28542113e+00 -6.62753868e+00
  8.14519882e+00 -2.13192320e+00  6.91797638e+00 -2.23153362e+01
 -3.02473330e+00 -1.65726204e+01  7.86700106e+00  8.70759773e+00
  1.58728638e+01  9.90876007e+00  6.79710960e+00  1.54790955e+01
 -6.46152353e+00  5.01562881e+00  8.52836514e+00 -1.44710100e+00
 -2.65313148e+00  3.76863033e-01  2.78414035e+00  1.59179735e+01
 -1.83545649e+00  1.00687037e+01  4.24389381e+01 -4.14113922e+01
 -1.44956465e+01  2.75917101e+00  3.58959651e+00 -1.74741352e+00
  1.99869621e+00  1.10935345e+01 -6.29777074e-01 -5.50708103e+00
 -7.07453728e+00 -2.10621786e+00 -1.25615587e+01  6.90680838e+00
  3.76386857e+00 -6.42742205e+00  2.06064153e+00 -2.39014854e+01
 -6.77534819e+00 -7.33307981e+00 -4.70037889e+00  3.21978021e+00
  2.36357713e+00 -2.62436956e-01  1.30304775e+01  1.62004986e+01
  8.13315964e+00 -4.04289055e+00 -2.84279013e+00  5.26657677e+00
  6.51654959e+00  8.64164543e+00  2.77404165e+00 -1.66277897e+00
  2.35029602e+01  3.90580916e+00  6.81479788e+00  1.45604858e+01
  1.51102085e+01  6.22451057e+01 -6.38178825e+00  4.64739513e+00
 -7.97573030e-01 -1.61330676e+00  8.51529777e-01  7.53686309e-01
  4.15082016e+01  1.65739841e+01  1.32231827e+01  1.44514494e+01
 -3.97081947e+00  2.59748440e+01  1.41245794e+01 -6.95488548e+00
  2.06350875e+00 -5.97645342e-01  2.27074838e+00 -4.05545902e+00
  1.34757698e+00  7.32395792e+00  2.97598572e+01  2.34428997e+01
  2.30383472e+01  1.85348778e+01  1.88800297e+01  1.27217474e+01
  1.70819149e+01  1.41784561e+00  6.35042906e+00  7.28795910e+00
  1.93026304e+00 -1.87380111e+00  4.12256765e+00 -2.84701705e+00
 -5.27948618e+00 -9.63730621e+00  1.66963613e+00 -1.28146124e+00
  1.92796576e+00  3.47667027e+00 -1.59361849e+01 -1.24017763e+00
 -4.37634325e+00 -6.87096024e+00  6.89513731e+00  9.03265476e+00
 -1.09739838e+01  9.08129215e+00 -3.45419383e+00  8.84136581e+00
 -8.28118038e+00  7.41269636e+00 -3.00497580e+00  6.63993454e+00
 -2.67045999e+00  4.99905109e+00 -2.20872736e+00 -2.33908439e+00
  2.01457620e+00  5.08562088e+00  2.54519224e+00 -1.14333045e+00
  7.41561699e+00  7.82032394e+00  6.05582619e+00 -1.77915633e+00
  3.48989272e+00  1.24546232e+01 -2.52979062e-02 -7.59299850e+00
 -1.48269581e-02  4.07295132e+00 -5.71751261e+00  8.89472580e+00
 -2.25853729e+00  1.60538216e+01 -1.05903435e+01 -6.54010582e+00
 -1.22029238e+01 -3.00217509e+00 -8.18370342e+00 -8.61382103e+00
  5.01701546e+00  3.17027378e+00 -4.87422028e+01  2.76756859e+01
 -2.03762131e+01  4.37155533e+01 -6.08553934e+00  9.06149387e+00
  1.14281826e+01 -6.56400394e+00  6.96785784e+00 -8.42645836e+00
  1.40578861e+01  9.74518776e+00  2.14812946e+01  5.19515800e+01
  1.10114117e+01  1.63540211e+01  4.79290962e+00 -1.26304007e+01
  1.89469445e+00  8.33739185e+00  1.75349731e+01 -3.60091567e+00
  4.42875528e+00  8.23373646e-02  1.26033611e+01 -2.01427174e+01
  3.32435536e+00 -9.01199043e-01  1.73808651e+01  5.81778669e+00
  6.82139397e-01 -8.70937729e+00 -5.89617109e+00 -5.71710873e+00
 -2.24500103e+01 -5.75269604e+00 -3.21435013e+01 -1.36737280e+01
  2.29383583e+01  8.22266960e+00  5.22189760e+00 -9.56359196e+00
  3.09775829e+01 -1.66933870e+00  1.02959032e+01  2.23997536e+01
 -4.96425056e+00 -1.59613876e+01  2.14127007e+01 -9.44058037e+00
  1.45178804e+01  1.32255363e+01 -1.65863342e+01  6.19003525e+01
 -7.74345779e+01  2.77104301e+01  3.10256958e+00 -1.00441333e-02
 -6.74751091e+00  1.06483164e+01  3.23888092e+01 -3.09801121e+01
 -2.20439091e+01  7.03561115e+00 -9.79623318e+00  1.19407034e+01]","[43.322372  31.276287  34.931526  28.194292  34.98841   35.805565
 23.869215  26.893026  41.609303  44.32425   27.690533  29.693382
 22.01663   29.885008  28.01001   37.13779   36.07122   32.054382
 41.320866  58.282078  51.63573   33.05841   30.398127  36.922367
 22.620312  24.209444  24.455093  23.736315  36.386543  33.143845
 30.53533   39.13599   36.766445  68.8133    23.923756  26.516996
 21.69181   31.253176  38.04629   39.946747  37.18878   39.294334
 21.566982  28.061817  26.826054  28.082188  26.669151  34.195194
 30.224333  33.81164   47.63078   26.444569  30.735191  27.076637
 28.027254  34.54272   21.709095  27.578417  31.793318   2.5616183
  3.282856   2.8529575  7.265826   7.106715   4.5384617  2.2444143
  6.88593    3.0257742  3.5520003  2.5049825  2.4856038  2.7690895
  2.629449   2.4000394  4.9156795  3.6193736  4.3830705  5.610851
  6.8407817 10.262494   8.7932825  6.754126   7.4881525 13.440673
 14.011623  15.94476   10.597696  13.376902   6.4518967  6.5227623
  6.01406    7.8448462  6.8949127 12.986082   7.345392  10.667875
  5.8826284  6.401236  10.966012  11.505685   7.4249125 25.167763
 28.302404  30.734997  36.534004  11.346494   8.51262    6.402166
  8.180341   9.95948    6.6530604  7.246038   8.351283   9.332488
 13.431759   7.507289   6.410826   8.107794   7.968033  10.1788025
  8.300785   9.05796    6.915158  10.979048   7.9438887  6.9763193
  7.836718   7.9326606  7.794893   6.2607117  6.540376   7.6649017
 13.625177   9.628144  11.112141   7.7030354 11.213937  11.5336485
 11.99442    9.535265   8.531587  28.535807   9.567631   9.023262
 13.721903   9.937186   7.862052   9.8608265 32.66266   32.36834
 26.975208  29.931335  10.9565115 12.698768  13.540366  16.800909
  4.016907   5.417311   5.3771873  6.53327    3.9662137  4.6498117
  5.575302   5.762249   4.0887876  3.909968   5.5925493  7.117876
  4.0937524  4.258893   4.5637937  7.9713736  4.330521   3.7310543
  8.736517   9.125996   9.875534  10.189575   6.680795   3.5591395
  6.353887   4.4717402 13.373552   4.598686   6.1404057  8.837034
  5.944522  10.21212    9.247146   4.477194   3.6967096  6.2509985
  4.071436   5.6426806  6.8631344  8.874203   5.557256   6.3561144
  6.094447   4.931293   3.9223545  5.4807496  5.5589     4.039085
  4.5002856  9.424417   9.6302395  6.0756383  4.35563   11.143988
  6.0555325  4.124443   5.2817225  4.5393114  4.908892   8.679057
  7.5882797 12.229882  10.942924   6.0872884 25.59473    7.981821
  7.244923  11.075168  10.308913  10.355339  44.4145    36.548355
 42.463257  54.845562  13.3428755 13.131873  11.486308  11.92674
 15.547494  22.911333  15.247034  10.336387  13.6156845 20.42906
 13.173428  11.908188  11.653292  15.824765  19.379713  19.095478
 10.388238  10.825465  12.613286  10.594261  10.403394  16.845844
  9.224926  11.685183  20.555435  10.374781  22.860388  22.57944
 13.839408  15.204204  13.259843  18.590607  12.732337  14.585233
 20.671186  11.155073  11.06858   12.132289  22.571728  11.196817
 10.3469515 21.06153   17.089949  20.532665  16.611994  16.9369
 29.04947   38.34047   46.13083   51.502888  68.10759   29.337984
 26.261972  35.654102  16.022224  12.307499  15.483736  15.767572
 17.852743  13.223375  18.116537  15.197098 ]","[1.82 2.14 1.91 1.6  2.15 2.16 1.58 1.74 2.35 2.44 1.65 1.72 1.48 1.66
 1.65 2.13 2.11 1.91 2.49 3.3  2.94 1.93 1.88 2.16 1.44 1.5  1.7  1.58
 2.31 2.2  1.71 2.15 2.35 4.17 1.56 1.69 1.43 2.05 2.26 2.31 2.07 2.13
 1.47 1.86 1.62 1.64 1.59 1.99 1.87 2.25 3.02 1.56 1.75 1.64 1.67 2.28
 1.2  1.95 2.18 1.43 2.09 1.86 2.29 2.19 2.73 1.45 3.96 1.79 1.53 1.58
 1.53 1.67 1.67 1.52 3.18 2.28 1.71 1.92 1.4  1.95 1.97 1.7  1.62 2.04
 2.07 2.56 1.67 2.31 1.61 1.63 1.45 1.9  1.69 2.25 1.47 2.05 1.43 1.56
 2.9  2.89 1.72 3.07 3.31 3.25 3.37 1.76 1.64 1.62 2.06 2.29 1.71 1.6
 1.74 2.26 3.16 1.9  1.6  2.11 1.66 2.36 2.16 1.5  1.76 2.78 2.02 1.74
 1.61 1.8  1.78 1.51 1.65 1.82 2.16 2.48 2.73 1.94 2.31 2.38 1.92 2.33
 2.17 6.38 1.85 2.11 1.52 2.1  1.68 2.08 2.86 2.85 2.37 2.39 1.98 2.17
 2.14 2.29 1.27 1.62 1.62 2.16 1.53 1.95 1.61 1.66 1.67 1.55 2.25 2.89
 1.66 1.8  1.8  3.34 1.81 1.47 1.63 1.78 1.89 2.79 2.8  1.51 1.82 1.92
 2.01 1.64 2.48 3.65 2.55 1.97 3.55 1.91 1.51 2.4  1.74 2.46 1.82 1.87
 1.53 2.24 2.16 1.95 1.65 2.32 2.45 1.72 1.94 1.87 2.44 2.62 1.86 4.46
 1.53 1.72 1.52 1.62 1.35 2.14 1.81 2.64 2.36 1.56 5.53 2.21 2.03 2.86
 2.6  2.61 2.98 2.39 2.56 2.81 1.85 1.67 1.63 1.64 1.84 2.4  1.65 1.49
 1.97 2.72 1.54 1.7  1.62 1.98 2.15 2.13 1.45 1.5  1.7  1.52 1.53 2.43
 1.36 1.74 2.53 1.49 2.64 2.66 1.91 2.26 1.94 2.39 1.86 2.17 2.89 1.68
 1.67 1.58 2.69 1.61 1.44 2.07 1.75 2.7  2.18 2.17 3.42 2.65 2.85 2.8
 3.17 2.17 2.07 2.76 1.85 1.59 1.85 1.89 2.36 1.3  1.6  2.04]","[70.7  42.1  51.46 50.36 47.11 47.61 42.92 43.67 52.54 53.54 48.29 49.02
 42.87 51.68 46.74 48.74 48.13 46.17 46.12 47.24 47.31 45.45 44.23 50.56
 44.97 46.52 40.71 41.51 43.6  42.6  52.85 53.45 44.14 45.09 42.48 42.62
 43.22 45.1  47.53 48.01 48.81 49.33 40.93 43.17 48.14 48.92 48.74 49.72
 45.05 41.85 42.82 49.1  50.   45.77 46.2  43.42 51.55 40.4  41.26 18.32
 14.53 14.67 33.23 32.97 14.38 14.42 14.15 14.76 26.7  14.83 14.89 14.93
 14.82 14.84 14.63 14.57 29.7  35.01 39.82 45.81 37.82 30.99 37.87 59.46
 58.94 56.06 54.27 51.72 30.66 30.79 31.21 32.34 31.63 51.   41.59 45.
 30.87 31.24 30.93 32.32 34.33 30.19 31.85 36.36 42.59 55.46 42.99 30.42
 31.45 33.89 30.24 36.96 40.47 34.27 35.57 31.11 30.8  30.71 38.62 36.45
 30.82 52.95 30.81 32.   31.31 31.18 40.93 35.65 35.4  31.39 30.68 32.64
 56.4  31.35 32.7  31.16 42.02 41.73 54.43 32.34 31.23 35.06 44.3  34.64
 82.32 40.29 38.34 39.18 51.34 52.04 53.06 58.97 24.83 26.8  29.66 35.63
 33.16 36.75 36.42 31.51 25.04 22.84 35.5  35.46 22.77 23.07 23.47 23.57
 22.87 22.44 23.28 23.03 22.53 24.   60.93 57.85 58.53 40.56 22.84 22.05
 39.15 22.24 78.49 29.15 24.73 23.06 22.51 59.7  24.16 22.52 22.87 24.52
 22.51 22.47 42.09 52.46 40.   30.03 30.11 23.58 22.44 22.66 22.03 22.11
 22.11 57.93 42.93 22.49 22.27 23.7  44.7  22.89 37.02 28.44 40.37  4.74
  4.52  4.25  4.25  4.63  4.1   4.62  4.64  4.5   4.5   4.51 43.89 45.21
 49.72 59.25 45.98 50.48 43.19 44.89 55.06 60.52 57.28 41.78 42.77 49.1
 54.38 43.11 44.66 50.7  58.94 58.56 42.69 43.48 45.19 42.69 40.99 43.33
 40.37 41.34 48.9  42.44 57.52 55.84 45.91 42.15 42.3  48.43 42.59 41.97
 44.7  40.54 40.44 48.44 55.13 42.13 42.86 67.33 64.06 46.68 48.42 50.21
 55.18 41.28 46.82 54.24 64.2  82.28 78.51 84.23 54.47 48.84 53.37 53.42
 48.81 66.64 73.81 46.62]","[0.25 0.25 0.25 0.25 0.25 0.25 0.25 0.25 0.25 0.25 0.25 0.25 0.25 0.25
 0.25 0.25 0.25 0.25 0.25 0.25 0.25 0.25 0.25 0.25 0.25 0.25 0.25 0.25
 0.25 0.25 0.25 0.25 0.25 0.25 0.25 0.25 0.25 0.25 0.25 0.25 0.25 0.25
 0.25 0.25 0.25 0.25 0.25 0.25 0.25 0.25 0.25 0.25 0.25 0.25 0.25 0.25
 0.25 0.25 0.25 0.25 0.25 0.25 0.25 0.25 0.25 0.25 0.25 0.25 0.25 0.25
 0.25 0.25 0.25 0.25 0.25 0.25 0.25 0.25 0.25 0.25 0.25 0.25 0.25 0.25
 0.25 0.25 0.25 0.25 0.25 0.25 0.25 0.25 0.25 0.25 0.25 0.25 0.25 0.25
 0.25 0.25 0.25 0.25 0.25 0.25 0.25 0.25 0.25 0.25 0.25 0.25 0.25 0.25
 0.25 0.25 0.25 0.25 0.25 0.25 0.25 0.25 0.25 0.25 0.25 0.25 0.25 0.25
 0.25 0.25 0.25 0.25 0.25 0.25 0.25 0.25 0.25 0.25 0.25 0.25 0.25 0.25
 0.25 0.25 0.25 0.25 0.25 0.25 0.25 0.25 0.25 0.25 0.25 0.25 0.25 0.25
 0.25 0.25 0.25 0.25 0.25 0.25 0.25 0.25 0.25 0.25 0.25 0.25 0.25 0.25
 0.25 0.25 0.25 0.25 0.25 0.25 0.25 0.25 0.25 0.25 0.25 0.25 0.25 0.25
 0.25 0.25 0.25 0.25 0.25 0.25 0.25 0.25 0.25 0.25 0.25 0.25 0.25 0.25
 0.25 0.25 0.25 0.25 0.25 0.25 0.25 0.25 0.25 0.25 0.25 0.25 0.25 0.25
 0.25 0.25 0.25 0.25 0.25 0.25 0.25 0.25 0.25 0.25 0.25 0.25 0.25 0.25
 0.25 0.25 0.25 0.25 0.25 0.25 0.25 0.25 0.25 0.25 0.25 0.25 0.25 0.25
 0.25 0.25 0.25 0.25 0.25 0.25 0.25 0.25 0.25 0.25 0.25 0.25 0.25 0.25
 0.25 0.25 0.25 0.25 0.25 0.25 0.25 0.25 0.25 0.25 0.25 0.25 0.25 0.25
 0.25 0.25 0.25 0.25 0.25 0.25 0.25 0.25 0.25 0.25 0.25 0.25 0.25 0.25
 0.25 0.25 0.25 0.25 0.25 0.25 0.25 0.25 0.25 0.25 0.25 0.25]","[30.13 30.11 30.08 30.11 30.11 30.1  30.12 30.1  30.13 30.12 30.12 30.1
 30.14 30.11 30.07 30.07 30.08 30.06 30.06 30.01 30.02 30.02 30.06 30.13
 30.13 30.13 30.11 30.09 30.06 30.09 30.14 30.12 30.08 30.03 30.09 30.06
 30.13 30.14 30.08 30.06 30.04 30.02 30.11 30.11 30.13 30.11 30.13 30.11
 30.08 30.07 30.03 30.13 30.1  30.08 30.07 30.1  30.13 30.11 30.09 31.6
 31.47 31.51 31.58 31.55 31.38 31.51 31.3  31.41 31.69 31.5  31.48 31.45
 31.51 31.51 31.47 31.45 31.69 31.72 31.36 31.37 31.36 31.32 31.35 31.39
 31.35 31.38 31.35 31.38 31.32 31.32 31.32 31.3  31.31 31.37 31.37 31.36
 31.32 31.31 31.3  31.29 31.32 30.41 30.42 30.45 30.47 31.35 31.34 31.32
 31.3  31.26 31.32 31.35 31.36 31.33 31.31 31.31 31.32 31.31 31.32 31.34
 31.31 31.39 31.32 31.29 31.31 31.31 31.37 31.33 31.33 31.31 31.32 31.29
 31.38 31.3  31.28 31.3  31.36 31.35 31.36 31.28 31.3  31.22 31.36 31.31
 31.4  31.35 31.34 31.32 30.61 30.63 30.65 30.66 30.63 30.65 30.67 30.7
 31.61 31.62 31.62 31.55 31.53 31.5  31.56 31.55 31.51 31.5  31.47 31.46
 31.5  31.5  31.46 31.46 31.49 31.52 31.63 31.62 31.61 31.6  31.46 31.52
 31.63 31.5  31.66 31.58 31.51 31.44 31.48 31.64 31.41 31.51 31.51 31.45
 31.52 31.5  31.62 31.6  31.62 31.57 31.58 31.46 31.51 31.48 31.49 31.5
 31.5  31.64 31.58 31.48 31.5  31.43 31.64 31.51 31.59 31.56 31.64 29.51
 29.42 29.24 29.23 29.52 29.18 29.59 29.61 29.48 29.46 29.46 30.14 30.15
 30.16 30.17 31.02 31.03 31.   31.   31.03 30.98 30.98 31.   30.99 31.02
 31.02 31.   31.01 31.   31.02 31.02 30.99 30.99 30.98 31.01 31.   30.98
 31.01 31.   30.93 31.01 31.03 31.02 31.01 30.99 30.99 30.97 31.   30.99
 30.97 31.   31.   31.02 31.02 30.99 30.99 31.03 31.03 30.95 31.   31.01
 31.   30.11 30.12 30.14 30.15 30.93 30.95 31.   30.99 31.02 31.01 31.01
 31.01 31.05 31.02 30.99]","[0.005 0.005 0.005 0.005 0.005 0.005 0.005 0.005 0.005 0.005 0.005 0.005
 0.005 0.005 0.005 0.005 0.005 0.005 0.005 0.005 0.005 0.005 0.005 0.005
 0.005 0.005 0.005 0.005 0.005 0.005 0.005 0.005 0.005 0.005 0.005 0.005
 0.005 0.005 0.005 0.005 0.005 0.005 0.005 0.005 0.005 0.005 0.005 0.005
 0.005 0.005 0.005 0.005 0.005 0.005 0.005 0.005 0.005 0.005 0.005 0.005
 0.005 0.005 0.005 0.005 0.005 0.005 0.005 0.005 0.005 0.005 0.005 0.005
 0.005 0.005 0.005 0.005 0.005 0.005 0.005 0.005 0.005 0.005 0.005 0.005
 0.005 0.005 0.005 0.005 0.005 0.005 0.005 0.005 0.005 0.005 0.005 0.005
 0.005 0.005 0.005 0.005 0.005 0.005 0.005 0.005 0.005 0.005 0.005 0.005
 0.005 0.005 0.005 0.005 0.005 0.005 0.005 0.005 0.005 0.005 0.005 0.005
 0.005 0.005 0.005 0.005 0.005 0.005 0.005 0.005 0.005 0.005 0.005 0.005
 0.005 0.005 0.005 0.005 0.005 0.005 0.005 0.005 0.005 0.005 0.005 0.005
 0.005 0.005 0.005 0.005 0.005 0.005 0.005 0.005 0.005 0.005 0.005 0.005
 0.005 0.005 0.005 0.005 0.005 0.005 0.005 0.005 0.005 0.005 0.005 0.005
 0.005 0.005 0.005 0.005 0.005 0.005 0.005 0.005 0.005 0.005 0.005 0.005
 0.005 0.005 0.005 0.005 0.005 0.005 0.005 0.005 0.005 0.005 0.005 0.005
 0.005 0.005 0.005 0.005 0.005 0.005 0.005 0.005 0.005 0.005 0.005 0.005
 0.005 0.005 0.005 0.005 0.005 0.005 0.005 0.005 0.005 0.005 0.005 0.005
 0.005 0.005 0.005 0.005 0.005 0.005 0.005 0.005 0.005 0.005 0.005 0.005
 0.005 0.005 0.005 0.005 0.005 0.005 0.005 0.005 0.005 0.005 0.005 0.005
 0.005 0.005 0.005 0.005 0.005 0.005 0.005 0.005 0.005 0.005 0.005 0.005
 0.005 0.005 0.005 0.005 0.005 0.005 0.005 0.005 0.005 0.005 0.005 0.005
 0.005 0.005 0.005 0.005 0.005 0.005 0.005 0.005 0.005 0.005 0.005 0.005
 0.005 0.005 0.005 0.005 0.005 0.005 0.005 0.005 0.005 0.005 0.005 0.005
 0.005 0.005 0.005 0.005]","[1. 1. 1. 1. 1. 1. 1. 1. 1. 1. 1. 1. 1. 1. 1. 1. 1. 1. 1. 1. 1. 1. 1. 1.
 1. 1. 1. 1. 1. 1. 1. 1. 1. 1. 1. 1. 1. 1. 1. 1. 1. 1. 1. 1. 1. 1. 1. 1.
 1. 1. 1. 1. 1. 1. 1. 1. 1. 1. 1. 1. 1. 1. 1. 1. 1. 1. 1. 1. 1. 1. 1. 1.
 1. 1. 1. 1. 1. 1. 1. 1. 1. 1. 1. 1. 1. 1. 1. 1. 1. 1. 1. 1. 1. 1. 1. 1.
 1. 1. 1. 1. 1. 1. 1. 1. 1. 1. 1. 1. 1. 1. 1. 1. 1. 1. 1. 1. 1. 1. 1. 1.
 1. 1. 1. 1. 1. 1. 1. 1. 1. 1. 1. 1. 1. 1. 1. 1. 1. 1. 1. 1. 1. 1. 1. 1.
 1. 1. 1. 1. 1. 1. 1. 1. 1. 1. 1. 1. 1. 1. 1. 1. 1. 1. 1. 1. 1. 1. 1. 1.
 1. 1. 1. 1. 1. 1. 1. 1. 1. 1. 1. 1. 1. 1. 1. 1. 1. 1. 1. 1. 1. 1. 1. 1.
 1. 1. 1. 1. 1. 1. 1. 1. 1. 1. 1. 1. 1. 1. 1. 1. 1. 1. 1. 1. 1. 1. 1. 1.
 1. 1. 1. 1. 1. 1. 1. 1. 1. 1. 1. 1. 1. 1. 1. 1. 1. 1. 1. 1. 1. 1. 1. 1.
 1. 1. 1. 1. 1. 1. 1. 1. 1. 1. 1. 1. 1. 1. 1. 1. 1. 1. 1. 1. 1. 1. 1. 1.
 1. 1. 1. 1. 1. 1. 1. 1. 1. 1. 1. 1. 1. 1. 1. 1. 1. 1. 1. 1. 1. 1. 1. 1.
 1. 1. 1. 1.]","[99.       99.       99.       99.       99.       99.       99.
 99.       26.143797 26.1364   25.627012 25.62241  25.202593 25.231598
 25.265995 25.564405 25.564407 25.722807 25.722836 25.722965 25.722996
 31.167315 31.167982 31.321514 31.350704 31.350986 31.881939 31.882614
 31.994112 31.994781 32.117195 32.11787  32.236496 32.237164 32.8545
 32.855167 32.883068 32.90903  32.91378  32.91379  32.914463 32.91448
 33.617985 33.671825 33.793938 33.794605 33.852432 33.8531   34.55734
 35.69806  35.69873  42.43643  42.437115 42.552036 42.552048 43.208515
 43.265606 44.319767 44.32042  99.       64.83306  64.6099   24.176373
 24.176432 46.51799  46.736446 48.72465  50.50772  50.523212 50.582973
 50.723988 51.36377  51.366276 51.37794  51.520805 52.945976 55.7917
 77.75147  99.       99.       99.       99.       99.       99.
 99.       99.       26.834183 26.689507 25.06351  25.063782 25.080187
 25.143847 25.50585  25.703163 25.809254 25.835253 26.117498 26.11753
 26.153877 26.213877 26.221146 28.871965 28.872164 28.87236  28.872553
 31.87715  32.10215  32.463387 32.64049  32.68282  32.82138  32.998688
 33.40487  33.49474  33.584427 33.672127 33.849    33.981766 34.238434
 34.23981  34.24719  34.598686 34.94981  35.11754  35.125988 35.213512
 35.556965 36.041565 36.041626 36.344833 36.38688  36.64858  37.07695
 37.419918 37.463978 37.505447 38.015152 38.015892 38.10159  38.525005
 38.6078   38.947212 48.99369  50.175926 50.981255 51.126286 51.163677
 51.164486 99.       99.       99.       99.       99.       99.
 99.       99.       99.       99.       99.       99.       99.
 99.       24.25349  24.253471 24.274624 24.306644 24.404596 24.404638
 24.832266 25.923204 25.990105 26.178978 27.27932  27.975132 44.433853
 44.575157 44.575214 45.148453 45.714947 46.15161  47.018757 47.428738
 48.421577 49.58019  49.867332 50.119976 50.72136  53.132923 53.66511
 53.82188  54.102978 55.371357 55.383152 55.684166 56.231556 57.075886
 57.531578 57.81268  57.812878 58.53169  58.806114 59.80431  62.353737
 62.63773  62.92084  64.625404 65.76412  66.04566  66.32425  67.46929
 99.       99.       99.       99.       99.       25.512283 25.601944
 25.856192 25.856285 29.31876  29.666643 29.887823 99.       99.
 99.       99.       99.       99.       99.       99.       99.
 99.       99.       99.       99.       99.       27.11829  25.027699
 25.033073 25.09174  25.191267 25.543133 25.630724 25.648642 25.68573
 25.685736 25.788092 25.788109 25.85943  30.270481 30.270523 30.60296
 30.756683 30.876902 30.90416  31.12007  31.244133 31.305021 31.395863
 31.577936 31.789606 31.963564 31.96597  32.452614 32.566444 32.659573
 32.659584 32.902905 32.929443 33.444656 33.654972 33.708855 33.88923
 34.195213 34.581894 34.61128  34.790897 39.000202 39.00029  39.00038
 39.000473 39.263332 39.263344 39.875443 40.049427 40.977352 42.67597
 42.675983 43.330353 43.38724  44.240353 44.381783]",157.6657256615288,-28.582001785402593,130,292,1168780,1169071,0.05535292,0.002767646,0.645892,0.65022,0.647753,0.65022,0.0,300.0,1,2,9625784554,0,0.645892,0.65022,-9.0,-9.0,157.66571275142744,-28.5819973985359,0.043791845,0.07069733,-99.0,10.39535,-9999.0,-9999.0,-9999.0,-9999.0,-9999.0,-9999.0,-9999.0,0.48979,-9,7.89575,1025652936,0.08414577,0.22268388,0.29211184,0.5722071,0.59825623,0.6457366,0.66281796,0.6747253,0.6875463,0.70542216,0.764214,25.364532,24.358747,22.67771,21.531921,21.120972,20.740898,0.85952,0.05095,0.01904,0.01704,0.01752,0.01971,9625185729,0,0.444152,0.44848,0.43714,0.0005,157.6650538120648,-28.5808573985359,4.6345863,5.9431963,9.88003,-9999.0,-9999.0,-9999.0,-9999.0,-9999.0,-9999.0,-9999.0,0.12844,-9,13.1004,1025652943,25.059086,23.51516,22.026743,21.353222,20.981245,20.77758,0.48196,0.0287,0.01735,0.01632,0.0169,0.02007,0.15489455,0.31722745,0.36564133,0.39886066,0.42330098,0.44538763,0.47197303,0.49267927,0.5154512,0.55584073,0.733388,1.0433825,4.2819843,18.511246,52.905514,78.14107,111.66281,61108.527,61114.055,61114.055,61114.055,SIMSED.SNII-NMF,7,30,UNKNOWN,82,9810,1,0,1,0.623352,0.6258396,0.62768,3,-120.342026,9625784554,42.8334,-0.0013126653,157.6657257080078,-28.582002639770508,0.054557435,61106.52,61096.02,0.0,-9.0,-9.0,24.715208,23.907526,24.486418,25.095037,25.20304,25.289589,1.0,1.0,1.0,1.0,1.0,1.0,0.36311045,0.7082189,5.218128,26.123293,42.619366,65.956276,-9,,,,,,,10.39535,-0.82831,,,,,,,,,,,,,,,,,,,,,,,,,,
1067946,"[60804.3538 60804.3543 60804.377  60804.3774 60813.385  60813.4076
 60841.2538 60841.2765 60886.9624 60886.9718 60889.1668 60889.1903
 60897.1272 60897.1499 60922.0441 60922.067  60932.0728 61157.2959
 61157.3189 61161.2594 61161.283  61195.322  61216.1102 61216.1333
 61242.9932 61242.9954 61243.0157 61243.018  61512.2894 61512.3123
 61514.2939 61514.2943 61552.3812 61578.2499 61578.2503 61578.2729
 61578.2733 61606.0581 61633.1278 61633.1509 61672.0733 61870.3212
 61870.3442 60823.3511 60842.0982 60845.2399 60845.2403 60854.1481
 61142.3384 61172.1712 61181.2064 61210.1266 61226.0756 61232.0004
 61232.2134 61236.0366 61236.9945 61292.0426 61479.3532 61479.3555
 61499.3637 61509.3238 61558.153  61559.3098 61559.3181 61561.3355
 61561.3364 61642.1588 61646.0577 61858.3341 61858.3345 61879.247
 61889.2473 60830.2924 60832.2951 60842.2814 60842.3037 60853.0955
 60855.3142 60868.0005 60868.001  60868.1963 60868.1967 60872.0527
 60872.0643 60881.0114 60886.0171 60886.9821 60903.08   60908.1443
 60913.1116 60915.0404 60923.0679 60923.0698 60933.0378 60937.0281
 60937.0285 61141.415  61145.2948 61159.2236 61170.2071 61173.2197
 61182.3321 61183.2133 61209.1054 61209.1227 61210.3064 61212.0824
 61214.1216 61215.1109 61224.0044 61224.0085 61224.0238 61224.2142
 61239.1647 61267.1043 61268.1617 61277.1239 61280.0747 61285.065
 61297.0771 61497.3068 61510.3302 61511.3199 61513.3238 61540.3732
 61541.1857 61551.3153 61560.3512 61560.3539 61614.199  61614.2106
 61618.206  61620.1992 61635.0939 61647.1154 61649.0796 61650.0867
 61667.0013 61667.0219 61850.3759 61853.3566 61858.3762 61867.3034
 61867.3057 61868.2965 61868.2979 61871.3434 61872.3472 61877.4076
 60801.3727 60823.3272 60842.0743 60845.2643 60845.2648 60855.2897
 60856.0996 60872.028  60872.04   60876.2623 60877.199  60878.1727
 60879.012  60913.0876 60915.0651 60923.0439 60923.0457 60933.0135
 60933.019  60937.0037 60937.0041 61142.3135 61145.2708 61170.1833
 61172.195  61173.1957 61210.2822 61223.9807 61223.9847 61226.0996
 61231.9767 61236.0615 61237.0184 61267.0802 61268.1372 61284.0554
 61285.0402 61285.0599 61292.0668 61297.0531 61428.3638 61428.3669
 61428.37   61428.3731 61432.3664 61432.3694 61432.3725 61432.3756
 61479.3775 61479.3797 61510.3058 61513.299  61516.2896 61540.349
 61541.1614 61558.1771 61559.2856 61559.3422 61561.3594 61561.3603
 61614.1752 61614.1869 61620.1754 61642.1349 61646.1015 61647.0916
 61649.0554 61667.0255 61853.3323 61858.3648 61868.2727 61868.2741
 61871.3191 61872.3221 61879.2709 61885.2894 61889.2716 60854.123
 60856.0756 60876.2393 60877.1751 60878.1954 60878.9889 60830.3166
 60832.3195 60842.3054 60853.0714 60867.9768 60867.9772 60880.9876
 60885.993  60887.0062 60903.1049 60908.1683 60932.0485 61068.3672
 61068.3703 61068.3734 61068.3765 61142.418  61142.4184 61152.4071
 61168.3732 61171.4319 61182.3562 61183.238  61195.2979 61209.1299
 61209.1468 61212.1064 61214.1459 61215.1357 61239.1889 61277.1477
 61497.3309 61511.4134 61514.2698 61514.2702 61551.3394 61552.3573
 61560.3752 61560.3779 61606.034  61618.2298 61635.1179 61672.0489
 61824.3727 61827.3945 61850.3874 61867.3277 61877.4194 61878.4147
 61879.4186]","['Y' 'Y' 'Y' 'Y' 'Y' 'Y' 'Y' 'Y' 'Y' 'Y' 'Y' 'Y' 'Y' 'Y' 'Y' 'Y' 'Y' 'Y'
 'Y' 'Y' 'Y' 'Y' 'Y' 'Y' 'Y' 'Y' 'Y' 'Y' 'Y' 'Y' 'Y' 'Y' 'Y' 'Y' 'Y' 'Y'
 'Y' 'Y' 'Y' 'Y' 'Y' 'Y' 'Y' 'g' 'g' 'g' 'g' 'g' 'g' 'g' 'g' 'g' 'g' 'g'
 'g' 'g' 'g' 'g' 'g' 'g' 'g' 'g' 'g' 'g' 'g' 'g' 'g' 'g' 'g' 'g' 'g' 'g'
 'g' 'i' 'i' 'i' 'i' 'i' 'i' 'i' 'i' 'i' 'i' 'i' 'i' 'i' 'i' 'i' 'i' 'i'
 'i' 'i' 'i' 'i' 'i' 'i' 'i' 'i' 'i' 'i' 'i' 'i' 'i' 'i' 'i' 'i' 'i' 'i'
 'i' 'i' 'i' 'i' 'i' 'i' 'i' 'i' 'i' 'i' 'i' 'i' 'i' 'i' 'i' 'i' 'i' 'i'
 'i' 'i' 'i' 'i' 'i' 'i' 'i' 'i' 'i' 'i' 'i' 'i' 'i' 'i' 'i' 'i' 'i' 'i'
 'i' 'i' 'i' 'i' 'i' 'i' 'r' 'r' 'r' 'r' 'r' 'r' 'r' 'r' 'r' 'r' 'r' 'r'
 'r' 'r' 'r' 'r' 'r' 'r' 'r' 'r' 'r' 'r' 'r' 'r' 'r' 'r' 'r' 'r' 'r' 'r'
 'r' 'r' 'r' 'r' 'r' 'r' 'r' 'r' 'r' 'r' 'r' 'r' 'r' 'r' 'r' 'r' 'r' 'r'
 'r' 'r' 'r' 'r' 'r' 'r' 'r' 'r' 'r' 'r' 'r' 'r' 'r' 'r' 'r' 'r' 'r' 'r'
 'r' 'r' 'r' 'r' 'r' 'r' 'r' 'r' 'r' 'r' 'r' 'u' 'u' 'u' 'u' 'u' 'u' 'z'
 'z' 'z' 'z' 'z' 'z' 'z' 'z' 'z' 'z' 'z' 'z' 'z' 'z' 'z' 'z' 'z' 'z' 'z'
 'z' 'z' 'z' 'z' 'z' 'z' 'z' 'z' 'z' 'z' 'z' 'z' 'z' 'z' 'z' 'z' 'z' 'z'
 'z' 'z' 'z' 'z' 'z' 'z' 'z' 'z' 'z' 'z' 'z' 'z' 'z']","[4096 4096 4096 4096 4096 4096 4096 4096 4096 4096 4096 4096 4096 4096
 4096 4096 4096 4096 4096 4096 4096 4096 4096 4096 4096 4096 4096 4096
 4096 4096 4096 4096 4096 4096 4096 4096 4096    0 4096 4096 4096 4096
 4096 4096 4096    0    0 4096 4096    0 4096 4096 4096 4096 4096 4096
 4096 4096    0    0 4096 4096    0 4096 4096 4096 4096 4096 4096 4096
 4096 4096 4096 4096 4096 4096 4096 4096 4096 4096 4096 4096 4096 4096
 4096 4096 4096 4096 4096 4096 4096 4096 4096 4096 4096 4096 4096 4096
 4096 4096 4096 4096 4096 4096 4096 4096 4096 4096 4096 4096 4096 4096
 4096 4096 4096 4096 4096 4096 4096 4096 4096 4096 4096 4096 4096 4096
 4096 4096 4096 4096 4096 4096 4096 4096 4096 4096 4096 4096 4096 4096
 4096 4096 4096 4096 4096 4096 4096 4096 4096 4096 6144 4096 4096 4096
    0 4096 4096 4096 4096 4096 4096 4096 4096 4096 4096 4096 4096 4096
 4096 4096 4096 4096 4096 4096 4096 4096 4096 4096 4096 4096 4096 4096
 4096 4096 4096 4096 4096 4096 4096 4096 4096 4096 4096 4096 4096 4096
    0    0 4096 4096 4096 4096 4096 4096 4096 4096 4096 4096 4096 4096
 4096 4096 4096 4096 4096 4096 4096 4096 4096 4096 4096 4096 4096 4096
 4096 4096 4096    0    0    0    0    0    0 4096 4096 4096 4096 4096
 4096 4096 4096 4096 4096 4096 4096 4096 4096 4096 4096 4096 4096 4096
 4096 4096 4096 4096 4096    0 4096 4096 4096 4096 4096 4096 4096 4096
 4096 4096 4096 4096 4096 4096 4096 4096 4096 4096 4096 4096 4096 4096
 4096 4096 4096]","[-9. -9. -9. -9. -9. -9. -9. -9. -9. -9. -9. -9. -9. -9. -9. -9. -9. -9.
 -9. -9. -9. -9. -9. -9. -9. -9. -9. -9. -9. -9. -9. -9. -9. -9. -9. -9.
 -9. -9. -9. -9. -9. -9. -9. -9. -9. -9. -9. -9. -9. -9. -9. -9. -9. -9.
 -9. -9. -9. -9. -9. -9. -9. -9. -9. -9. -9. -9. -9. -9. -9. -9. -9. -9.
 -9. -9. -9. -9. -9. -9. -9. -9. -9. -9. -9. -9. -9. -9. -9. -9. -9. -9.
 -9. -9. -9. -9. -9. -9. -9. -9. -9. -9. -9. -9. -9. -9. -9. -9. -9. -9.
 -9. -9. -9. -9. -9. -9. -9. -9. -9. -9. -9. -9. -9. -9. -9. -9. -9. -9.
 -9. -9. -9. -9. -9. -9. -9. -9. -9. -9. -9. -9. -9. -9. -9. -9. -9. -9.
 -9. -9. -9. -9. -9. -9. -9. -9. -9. -9. -9. -9. -9. -9. -9. -9. -9. -9.
 -9. -9. -9. -9. -9. -9. -9. -9. -9. -9. -9. -9. -9. -9. -9. -9. -9. -9.
 -9. -9. -9. -9. -9. -9. -9. -9. -9. -9. -9. -9. -9. -9. -9. -9. -9. -9.
 -9. -9. -9. -9. -9. -9. -9. -9. -9. -9. -9. -9. -9. -9. -9. -9. -9. -9.
 -9. -9. -9. -9. -9. -9. -9. -9. -9. -9. -9. -9. -9. -9. -9. -9. -9. -9.
 -9. -9. -9. -9. -9. -9. -9. -9. -9. -9. -9. -9. -9. -9. -9. -9. -9. -9.
 -9. -9. -9. -9. -9. -9. -9. -9. -9. -9. -9. -9. -9. -9. -9. -9. -9. -9.
 -9. -9. -9. -9. -9. -9. -9. -9. -9. -9. -9. -9. -9.]","[-2.53192363e+04 -2.53629297e+04 -2.64861816e+04 -2.65044727e+04
 -4.05667266e+04 -3.93963828e+04 -1.91145762e+04 -1.71574453e+04
 -2.07990410e+04 -2.15631816e+04  1.06078936e+04  9.45830859e+03
  2.93392363e+04  2.94009121e+04  2.52007168e+04  2.36119160e+04
 -3.08100156e+04 -2.92830938e+04 -2.96845215e+04  2.21823975e+03
  4.13144385e+03  1.26772998e+03 -2.13821367e+04 -1.95698594e+04
 -3.84286719e+04 -3.74710039e+04 -3.89571328e+04 -3.91679062e+04
  2.43839185e+03  1.25702087e+03  1.69892129e+04  1.74134082e+04
 -2.31270410e+04  1.35818486e+04  1.36513916e+04  1.18282686e+04
  1.18903740e+04  4.47750977e+02  2.92406797e+04  2.83491406e+04
  7.30780322e+03  2.25300254e+04  2.06257539e+04 -3.47670212e+01
  9.61588364e+01  2.77289343e+00  1.45379906e+01 -1.39318604e+02
  1.20676834e+02 -1.89591503e+01  9.78647308e+01 -1.79684799e+02
 -1.06173645e+02 -1.83277863e+02 -1.98665558e+02  1.10657928e+02
 -7.46569595e+01 -5.50049438e+01 -2.16590958e+01 -2.33856926e+01
 -1.75858917e+02  7.34690704e+01  2.18657131e+01 -1.75401421e+01
 -3.52500801e+01  1.21384964e+02  1.08638115e+02 -6.42638855e+01
 -1.10875679e+02 -1.14103745e+02 -1.13803978e+02 -7.42897491e+01
  1.13128914e+02 -4.24950537e+03 -1.30018115e+04  4.47041650e+03
  4.01108350e+03  8.54859570e+03  2.26061304e+03 -1.13433271e+04
 -1.12988184e+04 -1.36816055e+04 -1.37662803e+04  6.90390527e+03
  7.22870557e+03  1.93430920e+03  9.33908691e+03 -7.23833594e+03
  1.53446863e+03  9.35804590e+03 -4.69757812e+02 -1.35378516e+04
 -1.06146094e+04 -1.06487227e+04  8.53579980e+03 -1.28928369e+04
 -1.28576064e+04 -1.29565664e+04  8.48686816e+03  5.67329102e+03
  6.60936182e+03  1.55761475e+03 -1.24593262e+04 -1.43437854e+03
  5.75164246e+02  2.42722153e+02 -1.32516387e+04 -3.90347363e+03
  9.30146777e+03 -8.70775488e+03 -1.42777939e+04 -1.43187344e+04
 -1.40447510e+04 -1.11310840e+04  5.59043164e+03 -1.65673560e+03
 -1.36823477e+04  3.96822217e+03  7.90967871e+03 -5.74043945e+03
  5.14471680e+03 -6.02741064e+03 -1.21240332e+04  1.02459192e+03
 -1.46542256e+04 -8.82031641e+03 -1.15491592e+04 -7.44054834e+03
 -1.38090469e+04 -1.37758779e+04  2.62003564e+03  2.46688574e+03
 -1.40605010e+04 -6.92458105e+03 -7.24030225e+03  5.91890088e+03
 -9.74039124e+02  1.57858350e+03 -5.82152539e+03 -6.31479150e+03
  1.28627380e+03  6.63295898e+03 -6.95380029e+03  9.14144238e+03
  9.17341699e+03 -7.16909961e+03 -7.14150195e+03 -1.10625576e+04
 -1.24454431e+03 -1.29095898e+04 -1.31468140e+03 -6.60337830e+02
  2.66649683e+03  1.00346077e+02  1.15789886e+02  7.17431641e+02
  1.37053271e+03  2.23011035e+03  2.31523413e+03 -3.60399146e+03
 -8.52065857e+02  1.21801721e+03 -3.61056543e+03 -2.60994720e+02
 -4.50646973e+03 -3.35047168e+03 -3.32721362e+03  2.76386108e+03
  2.69505957e+03 -4.00338330e+03 -4.07683350e+03  2.84583984e+03
  2.72534180e+03  2.22753906e+03 -3.04256744e+02  7.16638428e+02
 -4.28414209e+03 -4.62739209e+03 -4.54814062e+03 -2.62215405e+03
 -4.13042676e+03  2.86891504e+03 -2.01495886e+03 -3.76794098e+02
 -4.42684912e+03 -2.94405127e+03 -2.11370654e+03 -1.91447949e+03
 -1.54471033e+03  1.89121594e+03 -2.11235181e+03 -2.19673633e+03
 -2.20124487e+03 -2.10599707e+03  3.74368958e+02  3.51039459e+02
  3.04509644e+02  2.33900299e+02 -7.14027710e+02 -7.07824646e+02
 -3.83497119e+03 -4.60068994e+03 -4.15256738e+03 -2.67061426e+03
 -3.79639941e+03  4.74840302e+02 -4.80679138e+02 -8.72091064e+02
  2.85151367e+03  2.92694238e+03  1.09172803e+03  1.04518213e+03
 -2.04187988e+03 -1.49500415e+03 -2.47841919e+03  2.16210083e+03
 -4.32205261e+02 -1.99009961e+03  2.12465112e+03 -2.31557715e+03
 -2.09534009e+03 -2.11478076e+03 -3.46754883e+03 -5.46157593e+02
 -1.93637598e+03 -4.22257520e+03  2.59065332e+03 -7.04024982e+00
 -3.30400181e+00  1.99434872e+01 -1.07896881e+01  7.54517174e+00
 -8.56844807e+00 -7.73346484e+03 -2.69351465e+04  7.94102002e+03
  1.88364492e+04 -2.24839238e+04 -2.22212168e+04  4.19934814e+03
  1.89673711e+04 -1.57655977e+04  1.84673523e+03  1.94939785e+04
 -2.18088906e+04  6.37841748e+03  6.48094092e+03  6.24303271e+03
  5.99789990e+03  1.95937715e+04  1.95420273e+04 -2.82845293e+04
 -2.09786543e+04 -2.88699746e+04 -2.60282246e+04 -2.19472266e+03
  1.69164941e+03  6.75093155e+01 -5.55347473e+02 -9.05360352e+03
  1.92028438e+04 -1.86970898e+04  1.01147119e+04  8.15197070e+03
 -1.10448555e+04  6.44410596e+03  1.14598926e+04  1.13195576e+04
 -1.62368311e+04 -1.70469668e+04 -2.79811660e+04 -2.78545020e+04
  1.23044604e+03 -2.89934141e+04 -1.33711553e+04  6.20946094e+03
 -1.99893145e+04 -2.66831504e+04  2.29100391e+03  1.93182695e+04
 -2.66410234e+04  1.98556348e+04 -1.79703594e+04]","[184.06827   179.2965    183.82219   183.89406   233.46977   230.62296
 161.76802   158.31741   171.17844   170.07785   154.21799   154.24948
 210.38025   208.2906    192.2662    187.49301   199.62642   192.32314
 193.99358   141.0753    144.59561   145.36551   171.30608   164.14803
 224.42969   225.46603   226.8007    227.54393   141.43063   139.98608
 166.8408    167.04872   179.77869   160.63162   159.92181   159.65146
 158.84149   143.44197   209.92369   208.02766   155.59552   181.8622
 175.96835     5.065179    6.8637066   6.1025777   6.1309686   5.0031834
   5.8834176   6.385489    5.394878    5.5890594   5.529062    5.7117405
   5.077516    6.4006147   6.143665    5.286989    5.501301    5.304731
   4.4787064   5.3122687   6.809581    5.907729    5.7310266   7.7860756
   7.9024506   6.293302    5.106735    5.800443    5.715579    5.998961
   5.441917   47.690132   73.8633     50.39592    49.596474   62.960384
  47.229485   67.79288    67.76322    76.961044   76.95146    58.11913
  58.42956    45.879093   64.935684   54.16785    45.15867    66.16738
  44.355568   76.53776    65.38121    65.42952    63.582996   73.34925
  73.369225   73.93173    63.122322   54.106533   56.59864    45.57673
  72.1198     44.607063   44.641136   44.462727   75.816635   47.300884
  65.32791    58.70802    80.54321    80.11161    79.31186    67.441444
  53.834984   47.147575   77.521095   55.429745   59.922253   50.691124
  52.974003   51.388004   70.85534    44.667976   80.10745    58.925797
  68.74815    54.65878    78.26677    78.33823    47.967587   47.58962
  79.370186   55.161907   53.802475   55.70542    44.228188   45.703457
  50.661633   52.506943   44.803123   56.489384   53.61417    64.26296
  64.139656   53.965168   54.0056     65.954735   43.493507   73.38336
  22.539606   22.207724   27.9656     22.52909    22.533945   23.699574
  23.946737   27.334599   27.283516   28.228012   22.723183   24.701519
  27.43518    22.340256   29.555115   26.498657   25.563059   28.43664
  28.751759   28.305243   28.145807   27.636873   27.698877   26.651812
  22.879496   23.876719   29.127699   31.854797   31.209143   24.702805
  29.300863   28.215685   25.212664   22.788647   29.515509   25.01775
  23.736275   23.348223   23.024387   25.725266   74.84532    69.64195
  78.42594    80.40523    42.29339    41.73332    44.67518    44.39714
  22.170492   22.29087    27.38617    30.109552   29.358675   24.563398
  27.471071   23.276472   22.420002   23.10453    29.314472   29.402945
  24.12207    23.993923   25.136778   23.217411   24.205116   27.041267
  22.350536   23.842388   26.100471   23.881975   23.885532   23.709377
  26.718851   22.976711   23.415865   28.622515   27.473347    6.312794
   5.9850526  12.310738    9.106116   16.978024    9.041523   78.95962
 141.1585     82.74814   116.37827   123.288635  123.296326   76.93497
 116.92084    99.553505   73.36003   120.101425  121.58511   117.17524
 116.68884   117.42557   117.91455   118.96978   119.09131   145.85413
 117.655975  149.85493   137.2085     72.554375   74.13346    72.157585
  72.225334   81.751755  117.4899    109.20343    89.15376    84.879456
  86.11207    79.66313    91.29278    91.18298   102.18884   104.00798
 147.09563   147.96828    72.6413    149.708      92.39764    80.2249
 114.53128   138.67824    73.3243    117.87577   138.4343    120.25847
 107.33578  ]","[3.6  2.09 2.37 2.38 1.57 1.71 1.85 1.76 1.67 1.74 1.65 1.86 2.93 2.19
 2.03 1.55 2.12 2.64 2.41 1.77 2.35 2.44 2.98 2.45 2.47 2.5  2.23 2.22
 1.55 1.57 1.32 1.33 2.88 2.17 2.15 2.51 2.48 2.66 2.62 2.36 1.79 1.5
 1.48 1.55 2.21 2.33 2.34 1.96 1.85 2.68 1.55 2.48 2.3  2.39 2.06 2.55
 2.57 1.9  1.93 1.75 1.47 1.57 3.08 2.41 2.29 3.57 3.61 2.46 1.93 2.5
 2.47 2.34 1.49 1.96 1.76 1.72 1.78 1.81 1.7  1.56 1.55 1.34 1.35 2.89
 2.46 1.87 1.33 2.11 1.64 2.21 1.74 1.87 2.16 2.17 3.03 1.81 1.78 1.68
 2.85 2.3  1.7  2.12 1.77 2.3  1.95 1.95 1.86 2.54 2.41 1.82 3.17 2.92
 2.41 2.57 2.09 4.53 1.88 3.92 1.36 1.71 2.08 1.87 2.07 1.69 1.43 1.87
 1.63 1.98 3.38 3.48 2.3  2.25 2.64 3.23 1.73 2.86 1.9  1.64 2.02 2.81
 1.75 1.42 1.89 1.32 1.3  1.91 1.88 1.29 1.8  1.62 1.68 1.5  2.12 2.01
 2.01 1.86 1.26 3.2  2.95 2.66 2.12 2.73 2.68 1.69 2.1  1.67 1.09 3.02
 3.55 2.09 1.9  1.5  1.5  1.61 2.24 2.45 1.9  3.71 3.14 2.43 2.3  1.82
 3.96 2.55 1.77 1.32 2.18 1.94 1.98 2.09 5.32 4.93 5.22 5.22 3.01 2.88
 3.37 3.22 1.63 1.89 1.49 1.97 1.53 1.7  1.58 2.34 2.04 2.6  2.71 2.75
 1.94 1.89 3.69 1.87 1.6  3.14 1.8  2.42 1.45 1.71 1.78 1.74 1.44 1.71
 2.01 1.51 1.61 1.7  1.48 2.75 2.39 4.21 2.22 2.05 1.43 1.55 1.91 1.76
 1.72 2.33 1.6  1.63 1.74 2.4  2.52 2.53 2.45 2.51 2.36 1.46 1.58 2.82
 2.19 2.82 1.9  1.96 2.36 1.5  1.75 2.45 1.43 1.5  2.3  1.95 1.62 1.87
 1.6  1.43 2.62 2.15 4.09 4.72 1.89 3.03 1.91 1.78 2.08 1.51 1.58 1.41
 1.92 2.26 2.58]","[40.88 41.   41.   41.03 45.2  46.34 43.84 44.33 76.97 45.46 42.89 43.69
 45.87 46.66 45.99 46.69 42.98 40.56 39.85 48.53 48.14 46.66 43.34 43.07
 42.75 43.04 42.06 42.26 41.66 40.86 43.21 43.4  44.04 45.33 45.56 45.95
 46.02 45.23 48.36 49.46 44.71 46.25 45.8  16.09 26.08 20.33 20.29 16.18
 22.21 15.6  15.96 16.31 15.96 15.71 15.8  15.79 15.75 16.76 17.28 17.14
 16.76 16.05 15.98 16.   16.17 15.84 16.14 15.98 16.19 16.38 16.31 18.66
 15.97 32.06 37.09 43.73 44.44 32.04 35.03 65.95 63.94 66.44 65.31 31.29
 31.42 31.86 32.82 34.78 31.59 33.31 33.1  32.51 57.18 56.52 32.69 33.3
 33.33 41.59 31.8  48.42 34.22 31.66 31.74 31.32 32.26 32.34 33.54 34.9
 37.56 41.8  34.64 33.78 43.43 50.69 31.44 31.65 33.42 64.84 65.52 32.8
 34.2  33.5  31.35 31.5  40.49 32.19 41.62 44.11 32.96 33.49 33.29 33.38
 33.94 33.48 57.82 33.9  32.7  33.45 32.56 33.28 35.61 32.42 31.78 38.93
 38.11 45.01 44.45 60.79 61.47 42.66 23.72 24.17 25.1  28.85 28.79 24.96
 24.8  23.65 23.9  24.98 24.15 23.8  23.96 24.51 25.78 64.32 63.38 24.6
 25.23 25.12 25.39 28.25 24.4  24.27 23.94 23.94 24.64 25.62 25.03 27.35
 25.07 23.73 23.9  23.67 24.26 24.34 24.49 24.27 25.1  25.5  53.62 53.88
 60.42 63.54 37.17 38.79 40.41 43.09 25.46 25.23 24.05 45.08 85.52 23.79
 42.92 23.92 23.91 24.54 24.62 25.12 24.08 24.22 23.98 24.96 24.59 24.8
 24.52 25.12 24.97 24.38 49.62 48.96 73.26 72.26 27.89 23.76 23.75  4.99
  5.34  4.47  4.8   4.62  4.72 42.79 43.37 49.27 42.83 60.63 59.44 42.83
 42.73 42.59 42.03 45.89 43.62 41.33 43.48 49.09 57.64 57.66 58.83 41.48
 48.2  73.56 42.56 40.74 55.81 41.6  41.45 42.93 43.62 45.81 42.01 64.17
 42.53 43.76 50.35 50.7  48.2  46.72 45.21 46.29 56.52 47.46 55.72 45.82
 47.02 54.56 43.31 41.94 58.2  47.69 51.76]","[0.25 0.25 0.25 0.25 0.25 0.25 0.25 0.25 0.25 0.25 0.25 0.25 0.25 0.25
 0.25 0.25 0.25 0.25 0.25 0.25 0.25 0.25 0.25 0.25 0.25 0.25 0.25 0.25
 0.25 0.25 0.25 0.25 0.25 0.25 0.25 0.25 0.25 0.25 0.25 0.25 0.25 0.25
 0.25 0.25 0.25 0.25 0.25 0.25 0.25 0.25 0.25 0.25 0.25 0.25 0.25 0.25
 0.25 0.25 0.25 0.25 0.25 0.25 0.25 0.25 0.25 0.25 0.25 0.25 0.25 0.25
 0.25 0.25 0.25 0.25 0.25 0.25 0.25 0.25 0.25 0.25 0.25 0.25 0.25 0.25
 0.25 0.25 0.25 0.25 0.25 0.25 0.25 0.25 0.25 0.25 0.25 0.25 0.25 0.25
 0.25 0.25 0.25 0.25 0.25 0.25 0.25 0.25 0.25 0.25 0.25 0.25 0.25 0.25
 0.25 0.25 0.25 0.25 0.25 0.25 0.25 0.25 0.25 0.25 0.25 0.25 0.25 0.25
 0.25 0.25 0.25 0.25 0.25 0.25 0.25 0.25 0.25 0.25 0.25 0.25 0.25 0.25
 0.25 0.25 0.25 0.25 0.25 0.25 0.25 0.25 0.25 0.25 0.25 0.25 0.25 0.25
 0.25 0.25 0.25 0.25 0.25 0.25 0.25 0.25 0.25 0.25 0.25 0.25 0.25 0.25
 0.25 0.25 0.25 0.25 0.25 0.25 0.25 0.25 0.25 0.25 0.25 0.25 0.25 0.25
 0.25 0.25 0.25 0.25 0.25 0.25 0.25 0.25 0.25 0.25 0.25 0.25 0.25 0.25
 0.25 0.25 0.25 0.25 0.25 0.25 0.25 0.25 0.25 0.25 0.25 0.25 0.25 0.25
 0.25 0.25 0.25 0.25 0.25 0.25 0.25 0.25 0.25 0.25 0.25 0.25 0.25 0.25
 0.25 0.25 0.25 0.25 0.25 0.25 0.25 0.25 0.25 0.25 0.25 0.25 0.25 0.25
 0.25 0.25 0.25 0.25 0.25 0.25 0.25 0.25 0.25 0.25 0.25 0.25 0.25 0.25
 0.25 0.25 0.25 0.25 0.25 0.25 0.25 0.25 0.25 0.25 0.25 0.25 0.25 0.25
 0.25 0.25 0.25 0.25 0.25 0.25 0.25 0.25 0.25 0.25 0.25 0.25 0.25 0.25
 0.25 0.25 0.25]","[30.11 30.12 30.1  30.1  30.08 30.04 30.13 30.11 30.11 30.09 30.1  30.07
 30.11 30.09 30.13 30.11 30.05 30.12 30.13 30.14 30.14 30.1  30.12 30.13
 30.09 30.08 30.11 30.1  30.12 30.13 30.13 30.13 30.05 30.12 30.13 30.1
 30.11 30.13 30.1  30.08 30.   30.14 30.15 31.52 31.66 31.63 31.63 31.57
 31.67 31.46 31.55 31.54 31.53 31.45 31.52 31.52 31.46 31.55 31.54 31.54
 31.59 31.56 31.51 31.52 31.53 31.48 31.48 31.41 31.55 31.53 31.54 31.55
 31.54 31.32 31.35 31.36 31.35 31.32 31.28 31.37 31.37 31.4  31.4  31.31
 31.32 31.32 31.34 31.33 31.33 31.29 31.31 31.33 31.38 31.38 31.31 31.32
 31.32 31.37 31.31 31.36 31.32 31.32 31.32 31.32 31.32 31.32 31.3  31.32
 31.35 31.37 31.27 31.28 31.32 31.38 31.32 31.3  31.3  31.36 31.4  31.32
 31.3  31.32 31.33 31.33 31.37 31.32 31.35 31.37 31.29 31.28 31.29 31.29
 31.28 31.28 31.39 31.29 31.32 31.31 31.33 31.31 31.34 31.33 31.33 31.35
 31.36 31.36 31.36 31.41 31.41 31.38 31.53 31.53 31.5  31.56 31.56 31.49
 31.55 31.5  31.51 31.43 31.51 31.51 31.51 31.53 31.54 31.66 31.67 31.52
 31.52 31.53 31.54 31.57 31.52 31.5  31.5  31.5  31.52 31.41 31.43 31.56
 31.45 31.53 31.49 31.52 31.51 31.54 31.53 31.53 31.52 31.52 30.54 30.56
 30.58 30.6  30.6  30.62 30.63 30.65 31.54 31.54 31.54 31.64 31.68 31.53
 31.59 31.52 31.53 31.5  31.47 31.47 31.51 31.51 31.48 31.49 31.52 31.5
 31.53 31.52 31.53 31.54 31.61 31.62 31.68 31.67 31.55 31.54 31.53 29.67
 29.68 29.34 29.58 29.47 29.49 30.99 31.   31.   30.99 30.99 30.99 30.99
 31.   31.   31.   30.96 30.99 30.15 30.16 30.17 30.18 31.04 31.04 30.99
 31.01 31.01 30.99 31.   31.02 31.   31.   31.   31.02 31.02 30.99 31.
 31.   31.01 31.02 31.02 31.   31.   30.96 30.95 31.03 30.95 31.02 30.98
 30.98 31.02 31.01 31.01 31.03 31.01 31.02]","[0.005 0.005 0.005 0.005 0.005 0.005 0.005 0.005 0.005 0.005 0.005 0.005
 0.005 0.005 0.005 0.005 0.005 0.005 0.005 0.005 0.005 0.005 0.005 0.005
 0.005 0.005 0.005 0.005 0.005 0.005 0.005 0.005 0.005 0.005 0.005 0.005
 0.005 0.005 0.005 0.005 0.005 0.005 0.005 0.005 0.005 0.005 0.005 0.005
 0.005 0.005 0.005 0.005 0.005 0.005 0.005 0.005 0.005 0.005 0.005 0.005
 0.005 0.005 0.005 0.005 0.005 0.005 0.005 0.005 0.005 0.005 0.005 0.005
 0.005 0.005 0.005 0.005 0.005 0.005 0.005 0.005 0.005 0.005 0.005 0.005
 0.005 0.005 0.005 0.005 0.005 0.005 0.005 0.005 0.005 0.005 0.005 0.005
 0.005 0.005 0.005 0.005 0.005 0.005 0.005 0.005 0.005 0.005 0.005 0.005
 0.005 0.005 0.005 0.005 0.005 0.005 0.005 0.005 0.005 0.005 0.005 0.005
 0.005 0.005 0.005 0.005 0.005 0.005 0.005 0.005 0.005 0.005 0.005 0.005
 0.005 0.005 0.005 0.005 0.005 0.005 0.005 0.005 0.005 0.005 0.005 0.005
 0.005 0.005 0.005 0.005 0.005 0.005 0.005 0.005 0.005 0.005 0.005 0.005
 0.005 0.005 0.005 0.005 0.005 0.005 0.005 0.005 0.005 0.005 0.005 0.005
 0.005 0.005 0.005 0.005 0.005 0.005 0.005 0.005 0.005 0.005 0.005 0.005
 0.005 0.005 0.005 0.005 0.005 0.005 0.005 0.005 0.005 0.005 0.005 0.005
 0.005 0.005 0.005 0.005 0.005 0.005 0.005 0.005 0.005 0.005 0.005 0.005
 0.005 0.005 0.005 0.005 0.005 0.005 0.005 0.005 0.005 0.005 0.005 0.005
 0.005 0.005 0.005 0.005 0.005 0.005 0.005 0.005 0.005 0.005 0.005 0.005
 0.005 0.005 0.005 0.005 0.005 0.005 0.005 0.005 0.005 0.005 0.005 0.005
 0.005 0.005 0.005 0.005 0.005 0.005 0.005 0.005 0.005 0.005 0.005 0.005
 0.005 0.005 0.005 0.005 0.005 0.005 0.005 0.005 0.005 0.005 0.005 0.005
 0.005 0.005 0.005 0.005 0.005 0.005 0.005 0.005 0.005 0.005 0.005 0.005
 0.005 0.005 0.005 0.005 0.005 0.005 0.005]","[1. 1. 1. 1. 1. 1. 1. 1. 1. 1. 1. 1. 1. 1. 1. 1. 1. 1. 1. 1. 1. 1. 1. 1.
 1. 1. 1. 1. 1. 1. 1. 1. 1. 1. 1. 1. 1. 1. 1. 1. 1. 1. 1. 1. 1. 1. 1. 1.
 1. 1. 1. 1. 1. 1. 1. 1. 1. 1. 1. 1. 1. 1. 1. 1. 1. 1. 1. 1. 1. 1. 1. 1.
 1. 1. 1. 1. 1. 1. 1. 1. 1. 1. 1. 1. 1. 1. 1. 1. 1. 1. 1. 1. 1. 1. 1. 1.
 1. 1. 1. 1. 1. 1. 1. 1. 1. 1. 1. 1. 1. 1. 1. 1. 1. 1. 1. 1. 1. 1. 1. 1.
 1. 1. 1. 1. 1. 1. 1. 1. 1. 1. 1. 1. 1. 1. 1. 1. 1. 1. 1. 1. 1. 1. 1. 1.
 1. 1. 1. 1. 1. 1. 1. 1. 1. 1. 1. 1. 1. 1. 1. 1. 1. 1. 1. 1. 1. 1. 1. 1.
 1. 1. 1. 1. 1. 1. 1. 1. 1. 1. 1. 1. 1. 1. 1. 1. 1. 1. 1. 1. 1. 1. 1. 1.
 1. 1. 1. 1. 1. 1. 1. 1. 1. 1. 1. 1. 1. 1. 1. 1. 1. 1. 1. 1. 1. 1. 1. 1.
 1. 1. 1. 1. 1. 1. 1. 1. 1. 1. 1. 1. 1. 1. 1. 1. 1. 1. 1. 1. 1. 1. 1. 1.
 1. 1. 1. 1. 1. 1. 1. 1. 1. 1. 1. 1. 1. 1. 1. 1. 1. 1. 1. 1. 1. 1. 1. 1.
 1. 1. 1. 1. 1. 1. 1. 1. 1. 1. 1. 1. 1. 1. 1. 1. 1. 1. 1.]","[14.404732  14.40487   14.411122  14.411214  14.50662   14.498288
 14.3665285 14.355021  14.37879   14.381848  14.199752  14.207333
 14.106297  14.108027  14.127009  14.134397  14.439234  14.429122
 14.434338  14.245264  14.2354765 14.251007  14.380507  14.36881
 14.48811   14.488718  14.4947195 14.495461  14.243072  14.249018
 14.166283  14.166136  14.391621  14.18484   14.184988  14.193319
 14.193467  14.255062  14.106992  14.110227  14.218944  14.140449
 14.148928  20.573347  20.346785  20.485367  20.485588  20.788969
 20.323     20.543507  20.358255  20.899912  20.703093  20.867052
 20.896923  20.32316   20.652737  20.614996  20.550587  20.551752
 20.860712  20.382849  20.480015  20.559761  20.563969  20.323
 20.323     20.63375   20.732046  20.715336  20.715078  20.647207
 20.329512  15.661723  15.849042  15.4971075 15.504912  15.4301405
 15.537658  15.810054  15.810192  15.868827  15.868919  15.457732
 15.45399   15.544558  15.419159  15.719052  15.549912  15.418773
 15.586081  15.864267  15.793288  15.793726  15.431016  15.844525
 15.844655  15.8502245 15.432511  15.47772   15.462171  15.550784
 15.837105  15.606484  15.5683    15.57388   15.858003  15.651795
 15.419153  15.754404  15.881078  15.8803215 15.877127  15.805363
 15.478679  15.608744  15.868379  15.507315  15.440181  15.691637
 15.487227  15.696849  15.829429  15.558647  15.888272  15.753105
 15.817493  15.725209  15.86824   15.86741   15.530203  15.534366
 15.876505  15.714665  15.719528  15.474513  15.595821  15.548365
 15.691777  15.700321  15.555298  15.46099   15.716069  15.421712
 15.421499  15.7192    15.719716  15.803667  15.601152  15.847607
 16.997051  16.954119  16.756397  16.904394  16.904602  16.868916
 16.82927   16.778696  16.77483   17.168913  16.967693  16.837048
 17.16672   16.92844   17.236488  17.14446   17.145042  16.751734
 16.752747  17.201178  17.201324  16.746513  16.752987  16.777708
 16.93093   16.866198  17.223925  17.246447  17.245708  17.091122
 17.210526  16.743038  17.048676  16.935074  17.234154  17.11567
 17.052916  17.03972   17.013147  16.799332  17.0622    17.060207
 17.058207  17.056206  16.890957  16.8922    16.893486  16.894773
 16.95564   16.956654  17.184559  17.250261  17.21069   17.09422
 17.182692  16.881884  16.94263   16.967243  16.741589  16.741547
 16.843315  16.847628  17.050127  17.009764  17.078787  16.787397
 16.940853  17.04557   16.78181   17.070549  17.05523   17.055809
 17.156948  16.94808   17.04322   17.217688  16.75487   24.909609
 24.435493  24.942204  24.672886  24.466625  24.938705  14.79338
 14.985913  14.663956  14.58007   14.935501  14.935612  14.692881
 14.57807   14.869937  14.711946  14.574985  14.930552  14.673752
 14.674751  14.675752  14.676751  14.572441  14.572423  14.996507
 14.920942  15.002889  14.974397  14.745942  14.713236  14.727203
 14.732655  14.80575   14.57582   14.899261  14.645526  14.660395
 14.825841  14.674706  14.636132  14.635984  14.874571  14.881736
 14.994539  14.993668  14.718211  15.004021  14.846854  14.676396
 14.910997  14.979552  14.708244  14.575472  14.978256  14.572075
 14.890643 ]",264.3988509438062,-34.08946845477652,190,283,8386,8668,2.74636,0.137318,-9.0,-9.0,-9.0,-9.0,0.0,0.0,0,0,0,0,-9.0,-9.0,-9.0,-9.0,-999.0,-999.0,-9.0,-9.0,-99.0,-9999.0,-9999.0,-9999.0,-9999.0,-9999.0,-9999.0,-9999.0,-9999.0,-9999.0,0,-9999.0,0,,,,,,,,,,,,999.0,999.0,999.0,999.0,999.0,999.0,999.0,999.0,999.0,999.0,999.0,999.0,0,0,-9.0,-9.0,-9.0,-9.0,-999.0,-999.0,-9.0,-9.0,-9999.0,-9999.0,-9999.0,-9999.0,-9999.0,-9999.0,-9999.0,-9999.0,-9999.0,0,-9999.0,0,999.0,999.0,999.0,999.0,999.0,999.0,999.0,999.0,999.0,999.0,999.0,999.0,,,,,,,,,,,,-999.0,-999.0,-999.0,-999.0,-999.0,-999.0,60797.703,60801.37,60801.37,61889.273,LCLIB,12,90,ZTFDR3VS,52559,30334,1,0,5,0.0,0.0,0.0,2,-0.0,-9,0.0,0.0,264.39886474609375,-34.08946990966797,0.0,60796.0,-9.0,0.0,-9.0,-9.0,24.774845,20.673775,17.057634,15.7125635,14.855494,14.379494,1.0,1.0,1.0,1.0,1.0,1.0,,,,,,,-9,24.5826,20.510374,16.911985,15.578006,14.727671,14.2570715,,,,,,,,,,,,,,,,,,,,,,,,,,,,
43717842,"[60801.1507 60804.0233 60804.047  61042.3488 61073.2384 61073.2619
 61077.3646 61077.3741 61098.0891 61098.0909 61098.1121 61098.114
 61102.1653 61102.1883 61128.2313 61130.0927 61130.1155 61157.1019
 61157.1246 61186.0689 61186.0915 61455.1817 61455.2047 61483.105
 61483.1278 61485.1168 61485.1398 61515.1405 61517.2035 61782.242
 61782.2652 61814.3481 61814.3581 61836.1929 61836.1933 61839.2281
 61839.2286 61866.0993 61866.1006 61866.1223 61866.1237 61062.2509
 61074.2685 61077.1404 61083.3231 61109.0851 61145.1298 61416.0684
 61432.3138 61432.3152 61436.081  61436.3382 61444.0733 61444.0737
 61444.226  61444.2265 61464.0889 61464.0893 61470.2182 61470.2191
 61476.1303 61524.1437 61550.0407 61778.2883 61788.1196 61796.1015
 61798.3242 61806.3298 61820.0654 61828.0528 60803.0296 60803.0418
 61024.3235 61038.3137 61038.3155 61042.2786 61048.3393 61063.3159
 61066.3399 61068.0672 61068.0681 61072.0852 61072.1793 61100.0902
 61100.2876 61101.2392 61116.0996 61120.1773 61126.0819 61132.2109
 61146.9785 61156.1041 61158.078  61172.0816 61192.0238 61400.2808
 61413.2807 61417.1941 61424.1373 61424.3348 61440.0769 61440.0774
 61440.2252 61440.2256 61447.2449 61452.1327 61474.1274 61481.1319
 61497.0662 61497.0675 61500.0487 61500.0496 61510.0366 61534.9653
 61540.035  61540.0355 61560.0859 61560.0877 61755.2611 61755.2615
 61762.3407 61771.3436 61775.3081 61784.2805 61800.1259 61800.2647
 61803.2289 61808.0733 61808.1826 61812.0738 61812.2213 61850.1253
 61850.1257 61858.1091 61862.1247 61868.1818 61876.2271 61884.0498
 61888.2186 61891.0346 61891.2361 60850.0289 61024.2976 61038.2863
 61038.2881 61042.2542 61047.2997 61047.3028 61063.2915 61066.3158
 61074.2932 61087.2758 61087.2781 61116.0758 61120.153  61126.0578
 61127.1575 61139.9923 61143.1565 61152.0973 61163.9711 61171.132
 61171.1325 61389.3397 61400.305  61413.2565 61416.0923 61416.2807
 61436.0571 61444.0494 61444.0499 61460.3262 61464.111  61464.1114
 61474.1061 61476.1546 61481.1072 61495.1611 61497.0461 61497.0475
 61510.0182 61524.1677 61555.9678 61560.0619 61560.0637 61740.3237
 61746.349  61755.2369 61755.2373 61762.3543 61771.3323 61775.2841
 61778.3122 61788.137  61788.3245 61796.1254 61796.1435 61803.2539
 61854.2078 61856.093  61858.1334 61861.2417 61861.2426 61862.1003
 61868.2059 61876.203  61888.1945 61891.2116 60850.0522 61062.2279
 61087.2528 61087.255  61145.1061 61150.0919 61152.0747 60801.1263
 60803.0537 61016.3193 61042.3342 61068.0911 61068.092  61068.1083
 61068.1092 61072.0614 61100.1146 61100.3118 61101.2633 61128.2073
 61132.235  61146.9893 61156.0792 61158.1022 61172.1056 61192.0482
 61417.2186 61424.1129 61440.0528 61440.0532 61447.2206 61452.157
 61500.0654 61500.0663 61509.1007 61517.1796 61534.9763 61540.0594
 61540.0599 61752.3087 61755.3524 61758.3567 61780.1137 61784.3046
 61800.1021 61808.0496 61812.0498 61836.2172 61836.2177 61839.2041
 61839.2046 61891.059 ]","['Y' 'Y' 'Y' 'Y' 'Y' 'Y' 'Y' 'Y' 'Y' 'Y' 'Y' 'Y' 'Y' 'Y' 'Y' 'Y' 'Y' 'Y'
 'Y' 'Y' 'Y' 'Y' 'Y' 'Y' 'Y' 'Y' 'Y' 'Y' 'Y' 'Y' 'Y' 'Y' 'Y' 'Y' 'Y' 'Y'
 'Y' 'Y' 'Y' 'Y' 'Y' 'g' 'g' 'g' 'g' 'g' 'g' 'g' 'g' 'g' 'g' 'g' 'g' 'g'
 'g' 'g' 'g' 'g' 'g' 'g' 'g' 'g' 'g' 'g' 'g' 'g' 'g' 'g' 'g' 'g' 'i' 'i'
 'i' 'i' 'i' 'i' 'i' 'i' 'i' 'i' 'i' 'i' 'i' 'i' 'i' 'i' 'i' 'i' 'i' 'i'
 'i' 'i' 'i' 'i' 'i' 'i' 'i' 'i' 'i' 'i' 'i' 'i' 'i' 'i' 'i' 'i' 'i' 'i'
 'i' 'i' 'i' 'i' 'i' 'i' 'i' 'i' 'i' 'i' 'i' 'i' 'i' 'i' 'i' 'i' 'i' 'i'
 'i' 'i' 'i' 'i' 'i' 'i' 'i' 'i' 'i' 'i' 'i' 'i' 'i' 'i' 'i' 'r' 'r' 'r'
 'r' 'r' 'r' 'r' 'r' 'r' 'r' 'r' 'r' 'r' 'r' 'r' 'r' 'r' 'r' 'r' 'r' 'r'
 'r' 'r' 'r' 'r' 'r' 'r' 'r' 'r' 'r' 'r' 'r' 'r' 'r' 'r' 'r' 'r' 'r' 'r'
 'r' 'r' 'r' 'r' 'r' 'r' 'r' 'r' 'r' 'r' 'r' 'r' 'r' 'r' 'r' 'r' 'r' 'r'
 'r' 'r' 'r' 'r' 'r' 'r' 'r' 'r' 'r' 'r' 'u' 'u' 'u' 'u' 'u' 'u' 'u' 'z'
 'z' 'z' 'z' 'z' 'z' 'z' 'z' 'z' 'z' 'z' 'z' 'z' 'z' 'z' 'z' 'z' 'z' 'z'
 'z' 'z' 'z' 'z' 'z' 'z' 'z' 'z' 'z' 'z' 'z' 'z' 'z' 'z' 'z' 'z' 'z' 'z'
 'z' 'z' 'z' 'z' 'z' 'z' 'z' 'z']","[4096 4096 4096 4096 4096 4096 4096 4096 4096 4096 4096 4096 4096 4096
 4096 4096 4096 4096 4096 4096 4096 4096 4096 4096 4096 4096 4096 4096
 4096 4096 4096 4096 4096 4096 4096 4096 4096 4096 4096 4096 4096 4096
 4096 4096 4096 4096 4096 4096 4096 4096 4096 4096 4096 4096 4096 4096
 4096 4096 4096 4096 4096 4096 4096 4096 4096 4096 4096 4096 4096 4096
 4096 4096 4096 4096 4096 4096 4096 4096 4096 4096 4096 4096 4096 4096
 4096 4096 4096 4096 4096 4096 4096 4096 4096 4096 4096 4096 4096 4096
 4096 4096 4096 4096 4096 4096 4096 4096 4096 4096 4096 4096 4096 4096
 4096 4096 4096 4096 4096 4096 4096 4096 4096 4096 4096 4096 4096 4096
 4096 4096 4096 4096    0 4096 4096 4096 4096    0 4096 4096 4096 4096
 4096 4096 4096 4096 4096 4096 4096 4096 4096 4096 4096 4096 4096 4096
 4096 4096 4096 4096 4096 4096 4096 4096 4096 4096 4096 4096 4096 4096
 4096 4096 4096 4096 4096 4096 4096 4096 4096 4096 4096 4096 4096 4096
 4096 4096 4096 4096 4096 4096 4096 4096 4096 4096 4096 4096 4096 4096
 4096 4096 4096 4096 4096 4096 4096 4096 4096 4096 4096 4096 4096 4096
 4096 4096 4096 4096 4096 6144 4096 4096 4096 4096 4096 4096 4096 4096
 4096 4096 4096 4096 4096 4096 4096 4096 4096 4096 4096 4096 4096 4096
 4096 4096 4096 4096 4096 4096 4096 4096 4096 4096    0 4096 4096 4096
 4096 4096 4096 4096 4096 4096 4096 4096]","[-9. -9. -9. -9. -9. -9. -9. -9. -9. -9. -9. -9. -9. -9. -9. -9. -9. -9.
 -9. -9. -9. -9. -9. -9. -9. -9. -9. -9. -9. -9. -9. -9. -9. -9. -9. -9.
 -9. -9. -9. -9. -9. -9. -9. -9. -9. -9. -9. -9. -9. -9. -9. -9. -9. -9.
 -9. -9. -9. -9. -9. -9. -9. -9. -9. -9. -9. -9. -9. -9. -9. -9. -9. -9.
 -9. -9. -9. -9. -9. -9. -9. -9. -9. -9. -9. -9. -9. -9. -9. -9. -9. -9.
 -9. -9. -9. -9. -9. -9. -9. -9. -9. -9. -9. -9. -9. -9. -9. -9. -9. -9.
 -9. -9. -9. -9. -9. -9. -9. -9. -9. -9. -9. -9. -9. -9. -9. -9. -9. -9.
 -9. -9. -9. -9. -9. -9. -9. -9. -9. -9. -9. -9. -9. -9. -9. -9. -9. -9.
 -9. -9. -9. -9. -9. -9. -9. -9. -9. -9. -9. -9. -9. -9. -9. -9. -9. -9.
 -9. -9. -9. -9. -9. -9. -9. -9. -9. -9. -9. -9. -9. -9. -9. -9. -9. -9.
 -9. -9. -9. -9. -9. -9. -9. -9. -9. -9. -9. -9. -9. -9. -9. -9. -9. -9.
 -9. -9. -9. -9. -9. -9. -9. -9. -9. -9. -9. -9. -9. -9. -9. -9. -9. -9.
 -9. -9. -9. -9. -9. -9. -9. -9. -9. -9. -9. -9. -9. -9. -9. -9. -9. -9.
 -9. -9. -9. -9. -9. -9. -9. -9. -9. -9. -9. -9. -9. -9. -9. -9. -9. -9.
 -9. -9. -9. -9. -9. -9. -9. -9.]","[  8062.991     3758.8088    2967.483     7404.9517  -10209.303
 -10469.732    -1160.5277   -1243.2943   -6390.191    -6448.9795
  -6901.539    -7120.6743    2594.6536    1986.4866   -9502.53
  -9512.111   -10085.804    -2718.879    -3443.0298   13320.939
  12764.979    -2145.6558   -2908.0605  -11120.334   -11064.686
 -10082.595   -10429.19     -8418.587   -11425.172    14044.214
  13711.508     5081.5664    4988.886    -3839.3577   -3925.47
  11352.13     11362.734     6782.1934    6878.2456    7522.145
   7774.8394    -769.54193   2205.6719     146.12128   1888.488
   -239.24055   1673.0397     908.5849    -645.42896   -723.6391
   2149.3208    2047.0399   -1461.0823   -1497.1754   -1523.8682
  -1551.641     -281.29678   -289.80753   2151.4512    2196.634
  -1553.7007    -958.3526    2380.7246    -989.09424   -934.5409
    836.1293    1136.1534    -917.0688    -600.02997    344.57703
  -2753.8145   -2575.8008   10327.588     4726.1396    4800.0503
   4299.1323   -7837.2725    5695.2363   -6842.7505     784.2586
    869.6841   10018.804    10533.582    -1916.8081   -4689.0557
  -1222.6501   -3167.4255    6474.338    -3737.1775   -5505.1846
   5108.462     5782.627    -1970.2401    7241.4746   -4330.239
   1239.6167    6834.1187   -5940.6772   -4352.9175   -1867.3115
  -4239.341    -4247.189    -2427.2896   -2392.3708    1600.9392
  10327.405    -5392.0923   -3097.812    -3107.761    -3060.5017
   9877.644     9897.199    -6272.6133   -5265.6763   -6551.3887
  -6615.8633   -6120.094    -6342.2593    1464.0498    1487.4106
  -2736.164    -1155.4237   10547.325     8886.852     6532.4116
   9923.654    -1642.7616   -5682.5166   -6705.8184    3264.986
    122.11619   4513.194     4529.8477   -5343.2524    3634.9106
    207.36685  -4293.3413   -1046.3228   -6305.5913    3012.2844
   9065.651    -3728.0024    6597.1733    3244.434     3219.519
   2510.5059    4722.118     4721.055     3746.4558   -4209.49
   5939.227    -2752.717    -2702.9731   -2270.9182    4257.757
  -1992.9791    1333.0106     265.68195    355.38943   2712.5574
  -3203.6472   -4541.371    -4593.782    -3746.0945     298.22668
   4300.6875    2301.1707    -288.53482   5174.8926   -4117.038
  -4124.5366   -4172.543     -785.3612    -852.62634  -3033.4287
  -4670.1426   -1691.2087    3872.6272   -1625.6261   -1697.0398
  -3987.753    -3006.2124   -3590.5186   -3945.464    -3960.3193
  -3253.7224   -1568.5122    1156.9126    1096.5242   -2337.4915
  -1017.7706    6753.7764   -2665.5857   -3016.74     -1658.4799
   2165.12      1951.8914   -1679.3262   -2283.2678   -4617.5425
  -3787.2825   -1109.0378   -1077.0271    2522.885      665.4109
  -2973.1704   -3669.935     5695.969     -397.68945   -185.49413
   -174.07048   -200.1159     487.1204    -101.89567    251.33768
   5140.6343   -2602.5076   -6334.2896    4849.0156     669.58044
    499.0925     327.82285    266.4377    8309.72     -1423.3757
  -3927.2637    -642.9272   -5832.685    -4670.522     4399.13
   4147.452    -1761.6302    6563.2485   -4242.382    -5726.02
  -4934.9688   -4894.7876   -4813.1665     662.75433   9357.819
   9046.484     8981.8       9480.121    -7024.0913   -4210.2695
  -6311.2075   -6279.4497    4534.9893     186.40468  -7202.264
   5815.768     7972.176     4735.349    -4293.0415    3828.3706
  -1877.6604   -1919.8229    7711.959     7646.382     3019.8513 ]","[119.47738   111.510925  105.01346   110.086914  108.74064   107.060905
 107.91329   108.61648   109.308685  106.46645   106.90837   107.24173
 103.900604  106.530495  116.42194   107.254486  107.0237    105.687
 113.24925   132.09337   133.6906    100.44931   100.39364   110.95121
 113.65749   108.5284    110.036644  105.9126    120.12393   130.07878
 126.60382   109.422295  110.48416   100.9167    100.90157   119.76646
 118.757744  109.76889   110.510155  112.587074  112.03537    15.03184
  21.086708   18.253746   19.719196   15.440777   20.04012    21.237177
  15.6262455  17.061098   22.57389    20.168211   16.330786   16.443155
  15.843049   15.763868   15.21271    15.12893    21.11353    21.18469
  15.891402   17.167097   22.873497   14.968487   15.959712   17.684874
  17.68692    15.234832   15.677526   16.315409   42.26102    42.291943
  67.9686     49.66611    49.684475   48.142838   53.827347   51.77643
  51.593605   45.686417   45.645252   68.286415   68.95673    41.803684
  47.03317    41.460373   43.349655   54.57941    43.807423   49.33319
  50.680866   52.3226     42.349995   57.24053    47.65529    42.200493
  55.763542   49.25297    45.793297   42.08427    46.88209    46.906803
  43.234173   43.28392    43.69486    67.95057    47.35049    42.88497
  43.217155   43.22449    66.27369    66.26846    49.39665    46.94726
  50.23421    50.174225   51.634758   51.607582   42.802677   42.821007
  42.683647   41.55323    68.62959    61.577393   55.47399    65.994644
  41.954998   48.814716   50.585518   47.026894   41.361675   49.00695
  49.053684   47.36318    46.692223   42.009766   46.64833    41.780415
  52.134605   45.54697    66.279655   33.29618    45.88203    33.687927
  33.61119    31.27883    37.125065   37.050526   34.842804   33.429993
  42.254875   30.090515   30.043285   28.851234   36.835514   27.622704
  28.232275   28.342781   28.433168   33.12863    29.76499    34.985725
  35.194565   31.636805   26.660297   36.927948   33.925117   28.08275
  41.371872   35.172714   36.15566    33.22265    27.635975   27.604681
  29.897943   34.273373   27.29667    35.760357   28.139204   28.089584
  32.418304   31.808485   31.72694    34.037224   33.659428   30.631401
  27.663538   28.649904   28.786625   28.156422   27.536564   45.77705
  29.24255    30.806799   27.716166   31.470278   30.761831   28.389427
  29.134726   34.319664   32.118286   29.165161   28.99647    31.650639
  28.746508   30.399189   32.988274   44.04158    32.16924    21.887133
  24.286074   24.542261   28.996359   22.843021   27.405245   56.84257
  49.007057   57.29956    55.363956   53.091225   52.71353    52.717426
  52.71461    68.243324   48.207733   52.346436   51.83094    55.134308
  54.86513    54.492165   53.355537   50.5547     61.60786    53.398495
  54.29066    53.18615    56.208145   55.873943   48.90124    67.97838
  66.61251    66.34524    68.33743    58.63717    51.294907   54.580498
  54.29968    55.494816   49.13844    56.678356   59.347157   62.743412
  56.109894   52.223312   55.269283   48.73353    48.72265    62.404438
  62.318596   51.88571  ]","[1.96 3.02 1.83 1.6  1.9  1.37 2.31 2.19 2.89 2.21 2.44 2.41 1.8  2.44
 2.68 1.82 1.57 2.4  3.41 2.47 2.68 1.67 1.67 2.04 2.76 1.93 2.16 1.39
 2.29 2.3  1.84 1.51 1.74 1.65 1.66 1.27 1.25 1.95 1.98 2.13 1.77 1.91
 1.67 3.25 1.65 2.35 3.02 3.95 2.39 3.17 3.28 2.06 2.13 2.18 1.77 1.76
 1.62 1.6  1.61 1.78 1.98 4.54 3.5  1.51 2.01 1.67 1.67 1.64 2.08 1.81
 1.55 1.77 1.75 2.07 1.88 1.99 1.79 1.55 2.15 3.07 3.03 2.38 2.42 1.76
 2.28 1.76 1.65 2.14 1.52 1.96 2.37 1.9  2.17 1.63 2.83 1.62 1.92 1.89
 1.87 1.67 2.77 2.8  2.61 2.65 2.3  2.38 1.78 1.64 1.72 1.78 1.48 1.6
 1.3  1.79 1.78 1.75 3.01 2.98 1.53 1.54 1.68 1.47 1.65 1.4  1.92 1.39
 1.67 1.99 1.51 1.9  1.7  1.66 1.68 1.62 1.71 1.79 1.92 1.67 2.49 1.92
 2.77 2.8  3.19 1.68 1.72 2.08 1.42 1.58 1.42 2.67 1.62 2.3  2.23 1.55
 2.45 1.65 1.65 2.34 2.   3.13 1.66 2.29 2.37 1.87 1.48 1.82 3.02 2.48
 2.6  4.53 5.33 1.88 1.46 1.45 1.32 1.82 1.72 1.89 1.61 1.59 2.51 3.39
 2.44 3.9  3.2  1.51 2.14 1.69 1.7  1.53 1.47 1.74 1.43 2.03 2.23 1.58
 1.6  1.89 1.58 2.   1.95 2.53 2.47 1.69 1.88 2.03 2.46 2.85 3.71 2.19
 3.36 3.4  3.17 2.38 3.35 1.85 1.71 2.95 1.81 2.91 2.89 3.01 3.   2.55
 1.65 2.31 2.86 2.3  2.13 1.88 1.55 2.56 2.6  2.35 2.3  1.88 3.1  2.96
 1.7  2.15 1.59 1.56 1.83 2.22 2.14 1.77 1.73 2.03 1.63 1.41 1.84 1.41
 1.83 1.73 1.87 1.76 1.77 1.52 1.5  1.83]","[45.22 43.37 43.95 43.8  45.84 45.93 45.18 48.2  42.45 42.59 42.08 42.1
 46.85 47.02 44.59 44.2  44.43 43.48 43.99 44.77 45.52 43.25 43.22 42.58
 42.45 44.45 44.66 48.03 48.75 46.23 45.91 45.89 46.16 41.53 41.53 44.87
 44.46 41.94 42.12 42.16 42.39 13.57 64.84 42.68 18.14 13.6  13.57 13.44
 40.63 40.77 13.61 20.59 13.71 13.77 13.54 13.56 13.73 13.68 13.66 13.65
 13.56 13.54 13.47 13.82 13.74 13.77 13.63 13.72 13.74 13.78 43.59 43.88
 32.11 30.4  30.72 46.59 40.49 30.75 31.14 41.71 41.72 56.78 53.49 46.32
 48.44 53.05 30.66 30.89 35.99 73.11 33.82 39.96 46.81 32.21 57.26 45.78
 30.45 31.54 42.69 30.65 33.18 33.38 30.12 30.38 30.37 36.72 30.38 35.94
 30.72 30.32 30.69 30.59 36.31 33.11 40.51 40.52 33.94 34.21 46.04 46.31
 32.43 31.56 30.51 47.64 32.08 30.36 30.56 43.04 39.54 64.97 59.13 30.34
 30.57 30.51 30.76 51.73 40.94 30.54 35.16 31.53 37.09 23.4  23.53 21.86
 22.02 53.04 43.83 44.14 21.67 21.64 59.8  21.69 21.79 21.85 21.57 33.18
 37.96 22.19 22.16 21.72 34.66 22.83 22.95 22.66 49.42 21.73 23.68 21.48
 23.4  23.01 23.29 53.6  21.89 21.82 21.73 21.62 33.04 21.92 21.79 21.64
 33.29 22.76 22.05 22.71 22.86 22.65 27.93 50.03 50.49 31.23 21.86 21.73
 21.8  22.66 34.06 22.56 22.3  21.56 22.31 21.52 21.67 23.12 22.87 21.69
 58.97 35.47 23.26 24.02  3.59  4.46  4.35  4.33  4.37  4.43  4.53 48.52
 48.23 48.3  46.19 48.92 49.1  47.8  48.09 59.34 48.63 51.78 53.5  49.06
 67.73 42.25 45.72 50.46 45.15 57.35 42.19 50.74 47.6  47.8  41.26 43.74
 41.53 41.38 43.31 58.44 41.27 47.74 47.19 53.24 68.17 75.39 54.93 49.29
 45.25 51.85 63.91 43.54 43.53 50.9  50.49 42.28]","[0.25 0.25 0.25 0.25 0.25 0.25 0.25 0.25 0.25 0.25 0.25 0.25 0.25 0.25
 0.25 0.25 0.25 0.25 0.25 0.25 0.25 0.25 0.25 0.25 0.25 0.25 0.25 0.25
 0.25 0.25 0.25 0.25 0.25 0.25 0.25 0.25 0.25 0.25 0.25 0.25 0.25 0.25
 0.25 0.25 0.25 0.25 0.25 0.25 0.25 0.25 0.25 0.25 0.25 0.25 0.25 0.25
 0.25 0.25 0.25 0.25 0.25 0.25 0.25 0.25 0.25 0.25 0.25 0.25 0.25 0.25
 0.25 0.25 0.25 0.25 0.25 0.25 0.25 0.25 0.25 0.25 0.25 0.25 0.25 0.25
 0.25 0.25 0.25 0.25 0.25 0.25 0.25 0.25 0.25 0.25 0.25 0.25 0.25 0.25
 0.25 0.25 0.25 0.25 0.25 0.25 0.25 0.25 0.25 0.25 0.25 0.25 0.25 0.25
 0.25 0.25 0.25 0.25 0.25 0.25 0.25 0.25 0.25 0.25 0.25 0.25 0.25 0.25
 0.25 0.25 0.25 0.25 0.25 0.25 0.25 0.25 0.25 0.25 0.25 0.25 0.25 0.25
 0.25 0.25 0.25 0.25 0.25 0.25 0.25 0.25 0.25 0.25 0.25 0.25 0.25 0.25
 0.25 0.25 0.25 0.25 0.25 0.25 0.25 0.25 0.25 0.25 0.25 0.25 0.25 0.25
 0.25 0.25 0.25 0.25 0.25 0.25 0.25 0.25 0.25 0.25 0.25 0.25 0.25 0.25
 0.25 0.25 0.25 0.25 0.25 0.25 0.25 0.25 0.25 0.25 0.25 0.25 0.25 0.25
 0.25 0.25 0.25 0.25 0.25 0.25 0.25 0.25 0.25 0.25 0.25 0.25 0.25 0.25
 0.25 0.25 0.25 0.25 0.25 0.25 0.25 0.25 0.25 0.25 0.25 0.25 0.25 0.25
 0.25 0.25 0.25 0.25 0.25 0.25 0.25 0.25 0.25 0.25 0.25 0.25 0.25 0.25
 0.25 0.25 0.25 0.25 0.25 0.25 0.25 0.25 0.25 0.25 0.25 0.25 0.25 0.25
 0.25 0.25 0.25 0.25 0.25 0.25 0.25 0.25]","[29.98 30.09 30.09 30.11 30.11 30.12 30.03 30.02 30.08 30.07 30.09 30.08
 30.11 30.11 30.01 30.11 30.11 30.07 30.05 30.03 29.99 30.11 30.11 30.1
 30.1  30.11 30.11 30.08 29.97 30.1  30.11 30.04 30.03 30.1  30.1  30.08
 30.1  30.11 30.1  30.1  30.09 31.46 31.76 31.69 31.52 31.44 31.41 31.09
 31.71 31.72 31.31 31.57 31.37 31.35 31.46 31.47 31.44 31.45 31.45 31.45
 31.45 31.35 31.38 31.48 31.34 31.35 31.45 31.43 31.38 31.4  31.36 31.36
 31.31 31.31 31.3  31.36 31.35 31.31 31.29 31.25 31.25 31.31 31.36 31.36
 31.33 31.37 31.31 31.3  31.34 31.35 31.31 31.33 31.36 31.29 31.35 31.36
 31.3  31.29 31.31 31.31 31.25 31.25 31.3  31.3  31.3  31.33 31.31 31.34
 31.31 31.31 31.31 31.31 31.34 31.33 31.34 31.34 31.24 31.24 31.34 31.34
 31.32 31.32 31.31 31.38 31.28 31.32 31.31 31.3  31.35 31.34 31.39 31.31
 31.31 31.31 31.31 31.35 31.25 31.31 31.2  31.31 31.15 31.39 31.48 31.49
 31.49 31.63 31.63 31.63 31.5  31.47 31.64 31.47 31.47 31.49 31.48 31.59
 31.6  31.48 31.47 31.46 31.59 31.43 31.41 31.5  31.64 31.48 31.34 31.48
 31.38 31.4  31.38 31.57 31.49 31.49 31.5  31.49 31.59 31.48 31.49 31.49
 31.58 31.41 31.48 31.42 31.42 31.49 31.55 31.58 31.57 31.58 31.5  31.49
 31.5  31.44 31.58 31.45 31.46 31.48 31.47 31.49 31.48 31.41 31.42 31.49
 31.58 31.51 31.39 31.34 28.85 29.5  29.46 29.44 29.45 29.48 29.48 30.97
 31.   30.99 31.01 30.95 30.96 30.96 30.96 30.95 31.01 30.98 31.   30.98
 30.98 30.99 31.   31.   30.96 30.99 30.98 30.96 30.93 30.93 30.99 31.
 30.99 31.   30.99 30.98 30.99 30.99 31.   31.01 31.03 31.04 30.95 31.02
 30.96 30.95 30.97 30.99 30.99 31.01 31.01 30.99]","[0.005 0.005 0.005 0.005 0.005 0.005 0.005 0.005 0.005 0.005 0.005 0.005
 0.005 0.005 0.005 0.005 0.005 0.005 0.005 0.005 0.005 0.005 0.005 0.005
 0.005 0.005 0.005 0.005 0.005 0.005 0.005 0.005 0.005 0.005 0.005 0.005
 0.005 0.005 0.005 0.005 0.005 0.005 0.005 0.005 0.005 0.005 0.005 0.005
 0.005 0.005 0.005 0.005 0.005 0.005 0.005 0.005 0.005 0.005 0.005 0.005
 0.005 0.005 0.005 0.005 0.005 0.005 0.005 0.005 0.005 0.005 0.005 0.005
 0.005 0.005 0.005 0.005 0.005 0.005 0.005 0.005 0.005 0.005 0.005 0.005
 0.005 0.005 0.005 0.005 0.005 0.005 0.005 0.005 0.005 0.005 0.005 0.005
 0.005 0.005 0.005 0.005 0.005 0.005 0.005 0.005 0.005 0.005 0.005 0.005
 0.005 0.005 0.005 0.005 0.005 0.005 0.005 0.005 0.005 0.005 0.005 0.005
 0.005 0.005 0.005 0.005 0.005 0.005 0.005 0.005 0.005 0.005 0.005 0.005
 0.005 0.005 0.005 0.005 0.005 0.005 0.005 0.005 0.005 0.005 0.005 0.005
 0.005 0.005 0.005 0.005 0.005 0.005 0.005 0.005 0.005 0.005 0.005 0.005
 0.005 0.005 0.005 0.005 0.005 0.005 0.005 0.005 0.005 0.005 0.005 0.005
 0.005 0.005 0.005 0.005 0.005 0.005 0.005 0.005 0.005 0.005 0.005 0.005
 0.005 0.005 0.005 0.005 0.005 0.005 0.005 0.005 0.005 0.005 0.005 0.005
 0.005 0.005 0.005 0.005 0.005 0.005 0.005 0.005 0.005 0.005 0.005 0.005
 0.005 0.005 0.005 0.005 0.005 0.005 0.005 0.005 0.005 0.005 0.005 0.005
 0.005 0.005 0.005 0.005 0.005 0.005 0.005 0.005 0.005 0.005 0.005 0.005
 0.005 0.005 0.005 0.005 0.005 0.005 0.005 0.005 0.005 0.005 0.005 0.005
 0.005 0.005 0.005 0.005 0.005 0.005 0.005 0.005 0.005 0.005 0.005 0.005
 0.005 0.005 0.005 0.005 0.005 0.005 0.005 0.005]","[1. 1. 1. 1. 1. 1. 1. 1. 1. 1. 1. 1. 1. 1. 1. 1. 1. 1. 1. 1. 1. 1. 1. 1.
 1. 1. 1. 1. 1. 1. 1. 1. 1. 1. 1. 1. 1. 1. 1. 1. 1. 1. 1. 1. 1. 1. 1. 1.
 1. 1. 1. 1. 1. 1. 1. 1. 1. 1. 1. 1. 1. 1. 1. 1. 1. 1. 1. 1. 1. 1. 1. 1.
 1. 1. 1. 1. 1. 1. 1. 1. 1. 1. 1. 1. 1. 1. 1. 1. 1. 1. 1. 1. 1. 1. 1. 1.
 1. 1. 1. 1. 1. 1. 1. 1. 1. 1. 1. 1. 1. 1. 1. 1. 1. 1. 1. 1. 1. 1. 1. 1.
 1. 1. 1. 1. 1. 1. 1. 1. 1. 1. 1. 1. 1. 1. 1. 1. 1. 1. 1. 1. 1. 1. 1. 1.
 1. 1. 1. 1. 1. 1. 1. 1. 1. 1. 1. 1. 1. 1. 1. 1. 1. 1. 1. 1. 1. 1. 1. 1.
 1. 1. 1. 1. 1. 1. 1. 1. 1. 1. 1. 1. 1. 1. 1. 1. 1. 1. 1. 1. 1. 1. 1. 1.
 1. 1. 1. 1. 1. 1. 1. 1. 1. 1. 1. 1. 1. 1. 1. 1. 1. 1. 1. 1. 1. 1. 1. 1.
 1. 1. 1. 1. 1. 1. 1. 1. 1. 1. 1. 1. 1. 1. 1. 1. 1. 1. 1. 1. 1. 1. 1. 1.
 1. 1. 1. 1. 1. 1. 1. 1. 1. 1. 1. 1. 1. 1. 1. 1. 1. 1. 1. 1.]","[14.932639  14.977422  14.984436  14.938701  15.135499  15.139435
 15.030336  15.031929  15.09069   15.091192  15.097087  15.097617
 14.98912   14.995035  15.129132  15.128354  15.133337  15.048829
 15.053902  14.878358  14.885506  15.042635  15.04865   15.147737
 15.14539   15.134627  15.138482  15.115417  15.150716  14.871818
 14.875936  14.962322  14.965914  15.06047   15.060358  14.898813
 14.898981  14.9452305 14.944722  14.936236  14.935689  18.078112
 17.636492  17.918377  17.67488   17.988258  17.70166   17.811852
 18.064508  18.065674  17.641705  17.654587  18.221785  18.221851
 18.239     18.239     17.996758  17.997086  17.63938   17.638826
 18.235966  18.116077  17.615467  18.125425  18.111502  17.81803
 17.776655  18.10758   18.056446  17.890612  15.765869  15.762461
 15.51025   15.61134   15.612245  15.620178  15.882776  15.59562
 15.858314  15.690607  15.690959  15.515109  15.507723  15.748484
 15.810584  15.731661  15.774366  15.580642  15.787997  15.828282
 15.606488  15.592279  15.7499075 15.565034  15.801924  15.681222
 15.572917  15.838137  15.801153  15.746019  15.7976675 15.7975
 15.758164  15.758053  15.674665  15.510853  15.823623  15.773272
 15.771847  15.771483  15.517533  15.517734  15.847511  15.821795
 15.852014  15.851846  15.844103  15.844505  15.676021  15.676177
 15.764545  15.732226  15.507038  15.536069  15.576715  15.518115
 15.741237  15.830852  15.857669  15.640496  15.703473  15.614832
 15.614587  15.824159  15.634312  15.702095  15.798981  15.729783
 15.846396  15.646481  15.5351305 16.64416   16.225582  16.344084
 16.345291  16.37307   16.29028   16.292185  16.327688  16.666946
 16.245409  16.596985  16.595957  16.574083  16.310228  16.56173
 16.419285  16.463037  16.458223  16.36396   16.617456  16.689436
 16.689493  16.642372  16.461407  16.307266  16.37955   16.486385
 16.275972  16.66337   16.663483  16.665073  16.508966  16.509167
 16.607643  16.690273  16.547937  16.320507  16.545769  16.545456
 16.658823  16.608398  16.63641   16.65474   16.655142  16.62052
 16.540905  16.426994  16.427217  16.578138  16.516659  16.222
 16.59032   16.608532  16.545412  16.384378  16.395487  16.548384
 16.575153  16.69004   16.647589  16.520802  16.5205    16.37367
 16.447485  16.606098  16.641281  16.255772  20.047867  19.838198
 19.844627  19.842472  19.33211   19.799643  19.474573  15.534778
 15.679137  15.760622  15.537326  15.617824  15.618075  15.622628
 15.62288   15.479271  15.656108  15.707913  15.642813  15.749539
 15.726603  15.547545  15.553795  15.661796  15.509551  15.716288
 15.747104  15.729275  15.726288  15.726176  15.616392  15.462853
 15.467448  15.467599  15.46      15.778049  15.715042  15.757576
 15.757464  15.543001  15.625979  15.78      15.522412  15.485695
 15.540409  15.715478  15.55896   15.666422  15.666254  15.489769
 15.489936  15.572353 ]",148.33749112662065,-56.14274185643751,190,260,6449,6708,2.3871846,0.11935923,-9.0,-9.0,-9.0,-9.0,0.0,0.0,0,0,0,0,-9.0,-9.0,-9.0,-9.0,-999.0,-999.0,-9.0,-9.0,-99.0,-9999.0,-9999.0,-9999.0,-9999.0,-9999.0,-9999.0,-9999.0,-9999.0,-9999.0,0,-9999.0,0,,,,,,,,,,,,999.0,999.0,999.0,999.0,999.0,999.0,999.0,999.0,999.0,999.0,999.0,999.0,0,0,-9.0,-9.0,-9.0,-9.0,-999.0,-999.0,-9.0,-9.0,-9999.0,-9999.0,-9999.0,-9999.0,-9999.0,-9999.0,-9999.0,-9999.0,-9999.0,0,-9999.0,0,999.0,999.0,999.0,999.0,999.0,999.0,999.0,999.0,999.0,999.0,999.0,999.0,,,,,,,,,,,,-999.0,-999.0,-999.0,-999.0,-999.0,-999.0,60796.203,60801.125,60801.125,61891.234,LCLIB,12,90,ZTFDR3VS,82729,32668,1,0,5,0.0,0.0,0.0,2,-0.0,-9,0.0,0.0,148.33749389648438,-56.14274215698242,0.0,60796.0,-9.0,0.0,-9.0,-9.0,19.822075,18.081614,16.596539,15.8231535,15.741769,15.1277685,1.0,1.0,1.0,1.0,1.0,1.0,,,,,,,-9,19.671278,17.947903,16.473877,15.706943,15.629219,15.017132,,,,,,,,,,,,,,,,,,,,,,,,,,,,
53523206,"[60801.0379 60801.0617 60802.0244 60802.0488 60808.3141 60808.3367
 61075.3766 61100.2408 61102.1611 61102.1616 61102.1841 61102.1846
 61104.3566 61128.2399 61130.1109 61157.1124 61157.1129 61157.1352
 61157.1357 61186.0656 61186.0883 61216.0771 61216.1002 61455.1876
 61455.2106 61457.3178 61457.3408 61483.115  61483.1379 61509.1194
 61517.1957 61517.1998 61782.2503 61782.2729 61841.2599 60796.0442
 60796.0447 60796.2474 60796.2613 60797.0336 60800.0471 60800.0476
 61089.2634 61089.2647 61096.2883 61109.0718 61112.0446 61112.1251
 61116.0161 61417.2351 61432.3097 61436.0904 61436.3478 61444.0832
 61444.0836 61444.2362 61444.2367 61464.0839 61470.2136 61476.1225
 61524.1495 61550.0366 61778.3037 61788.1142 61796.1117 61798.3059
 61806.3261 61820.0525 61820.0529 61828.0411 61857.2308 60801.2991
 60802.9608 60803.1326 60804.1864 60843.0086 60857.9874 61047.3119
 61063.3118 61066.3353 61083.3664 61088.1161 61088.3471 61100.0825
 61100.2799 61101.2258 61107.3553 61120.0455 61120.241  61126.0918
 61127.1758 61128.0275 61132.2177 61143.1757 61146.9744 61158.0725
 61164.0756 61171.1509 61192.2163 61212.0198 61212.0266 61215.0372
 61413.2766 61442.3485 61448.074  61456.1838 61456.1901 61460.3458
 61474.1415 61481.1465 61484.0173 61484.0218 61485.2104 61485.2108
 61493.2413 61500.0438 61511.1884 61540.0396 61556.0889 61557.2291
 61560.094  61762.3475 61775.3253 61784.2956 61785.3238 61799.3394
 61799.3403 61800.1344 61800.2734 61808.0885 61808.194  61812.081
 61812.2286 61815.2937 61840.0466 61840.0661 61854.2274 61868.1904
 61876.2226 61888.2123 61891.2307 60800.0228 60800.0233 60842.9845
 60850.0339 60852.0441 60852.0491 61047.2877 61063.2874 61066.3112
 61083.355  61089.2881 61096.3124 61101.2017 61109.0927 61112.0205
 61114.1121 61116.0402 61116.2463 61121.3695 61126.0677 61127.1516
 61143.1515 61150.1078 61150.1082 61152.1147 61171.1266 61210.9917
 61413.2524 61416.3411 61417.259  61432.334  61436.0665 61440.3323
 61444.0593 61444.0597 61460.3217 61464.106  61470.2378 61474.1202
 61476.1468 61481.1223 61484.0416 61484.0461 61484.238  61484.2425
 61524.1736 61550.0607 61556.0649 61557.205  61560.07   61755.2517
 61775.3013 61787.3728 61788.1316 61788.319  61796.1357 61796.1538
 61798.3302 61806.3503 61820.0765 61820.077  61820.3603 61820.3608
 61828.0649 61828.1724 61854.2033 61857.255  61868.2145 61876.1985
 61888.1882 61891.2062 60796.0686 60796.0691 60796.2707 60797.0573
 60850.0568 60852.0212 60852.0258 61121.3458 61121.3499 61150.0842
 61150.0846 61152.0908 60801.3229 60802.9716 60858.0116 61067.3721
 61076.3542 61088.0921 61100.0587 61103.311  61120.0215 61120.0316
 61128.2159 61146.9852 61158.0968 61164.0999 61191.9647 61192.2402
 61212.0438 61212.0506 61418.3678 61427.3699 61428.3427 61429.3658
 61442.3599 61448.05   61456.208  61456.2144 61493.2654 61500.0605
 61509.0951 61517.1718 61517.1759 61560.9686 61724.3336 61756.3226
 61780.3426 61785.3352 61799.3507 61799.3517 61800.1105 61808.0648
 61812.057  61815.3184 61824.098  61840.0228]","['Y' 'Y' 'Y' 'Y' 'Y' 'Y' 'Y' 'Y' 'Y' 'Y' 'Y' 'Y' 'Y' 'Y' 'Y' 'Y' 'Y' 'Y'
 'Y' 'Y' 'Y' 'Y' 'Y' 'Y' 'Y' 'Y' 'Y' 'Y' 'Y' 'Y' 'Y' 'Y' 'Y' 'Y' 'Y' 'g'
 'g' 'g' 'g' 'g' 'g' 'g' 'g' 'g' 'g' 'g' 'g' 'g' 'g' 'g' 'g' 'g' 'g' 'g'
 'g' 'g' 'g' 'g' 'g' 'g' 'g' 'g' 'g' 'g' 'g' 'g' 'g' 'g' 'g' 'g' 'g' 'i'
 'i' 'i' 'i' 'i' 'i' 'i' 'i' 'i' 'i' 'i' 'i' 'i' 'i' 'i' 'i' 'i' 'i' 'i'
 'i' 'i' 'i' 'i' 'i' 'i' 'i' 'i' 'i' 'i' 'i' 'i' 'i' 'i' 'i' 'i' 'i' 'i'
 'i' 'i' 'i' 'i' 'i' 'i' 'i' 'i' 'i' 'i' 'i' 'i' 'i' 'i' 'i' 'i' 'i' 'i'
 'i' 'i' 'i' 'i' 'i' 'i' 'i' 'i' 'i' 'i' 'i' 'i' 'i' 'i' 'i' 'r' 'r' 'r'
 'r' 'r' 'r' 'r' 'r' 'r' 'r' 'r' 'r' 'r' 'r' 'r' 'r' 'r' 'r' 'r' 'r' 'r'
 'r' 'r' 'r' 'r' 'r' 'r' 'r' 'r' 'r' 'r' 'r' 'r' 'r' 'r' 'r' 'r' 'r' 'r'
 'r' 'r' 'r' 'r' 'r' 'r' 'r' 'r' 'r' 'r' 'r' 'r' 'r' 'r' 'r' 'r' 'r' 'r'
 'r' 'r' 'r' 'r' 'r' 'r' 'r' 'r' 'r' 'r' 'r' 'r' 'r' 'r' 'u' 'u' 'u' 'u'
 'u' 'u' 'u' 'u' 'u' 'u' 'u' 'u' 'z' 'z' 'z' 'z' 'z' 'z' 'z' 'z' 'z' 'z'
 'z' 'z' 'z' 'z' 'z' 'z' 'z' 'z' 'z' 'z' 'z' 'z' 'z' 'z' 'z' 'z' 'z' 'z'
 'z' 'z' 'z' 'z' 'z' 'z' 'z' 'z' 'z' 'z' 'z' 'z' 'z' 'z' 'z' 'z']","[4096 4096 4096 4096 4096 4096 4096 4096 4096 4096 4096 4096 4096 4096
 4096 4096 4096 4096 4096 4096 4096    0 4096 4096 4096 4096    0 4096
 4096 4096 4096 4096 4096 4096 4096 6144 4096 4096 4096 4096 4096 4096
 4096 4096 4096 4096 4096 4096 4096 4096 4096 4096 4096 4096 4096 4096
 4096 4096 4096 4096 4096 4096 4096 4096 4096 4096 4096 4096 4096 4096
 4096 4096 4096 4096 4096 4096 4096 4096 4096 4096 4096 4096 4096 4096
 4096 4096 4096 4096 4096 4096 4096 4096 4096 4096 4096 4096 4096 4096
 4096 4096 4096 4096 4096 4096 4096 4096 4096 4096 4096 4096 4096 4096
 4096 4096 4096 4096 4096 4096 4096 4096 4096 4096 4096 4096 4096 4096
 4096 4096 4096 4096 4096 4096 4096 4096 4096 4096 4096 4096 4096 4096
 4096 4096 4096 4096 4096 4096 4096 4096 4096 4096 4096 4096 4096 4096
 4096 4096 4096 4096 4096 4096 4096 4096 4096 4096 4096 4096 4096 4096
 4096 4096 4096 4096 4096 4096 4096 4096 4096 4096 4096 4096 4096 4096
 4096 4096 4096 4096 4096 4096 4096 4096 4096 4096 4096 4096 4096 4096
 4096 4096 4096 4096 4096 4096 4096 4096 4096 4096 4096 4096 4096 4096
 4096 4096    0    0    0    0    0    0 4096    0    0    0 4096    0
 4096 4096 4096 4096 4096 4096 4096 4096 4096 4096 4096 4096 4096 4096
 4096 4096 4096 4096 4096 4096 4096 4096 4096 4096 4096 4096 4096 4096
 4096 4096 4096 4096 4096 4096 4096    0 4096 4096 4096 4096 4096 4096
 4096 4096]","[-9. -9. -9. -9. -9. -9. -9. -9. -9. -9. -9. -9. -9. -9. -9. -9. -9. -9.
 -9. -9. -9. -9. -9. -9. -9. -9. -9. -9. -9. -9. -9. -9. -9. -9. -9. -9.
 -9. -9. -9. -9. -9. -9. -9. -9. -9. -9. -9. -9. -9. -9. -9. -9. -9. -9.
 -9. -9. -9. -9. -9. -9. -9. -9. -9. -9. -9. -9. -9. -9. -9. -9. -9. -9.
 -9. -9. -9. -9. -9. -9. -9. -9. -9. -9. -9. -9. -9. -9. -9. -9. -9. -9.
 -9. -9. -9. -9. -9. -9. -9. -9. -9. -9. -9. -9. -9. -9. -9. -9. -9. -9.
 -9. -9. -9. -9. -9. -9. -9. -9. -9. -9. -9. -9. -9. -9. -9. -9. -9. -9.
 -9. -9. -9. -9. -9. -9. -9. -9. -9. -9. -9. -9. -9. -9. -9. -9. -9. -9.
 -9. -9. -9. -9. -9. -9. -9. -9. -9. -9. -9. -9. -9. -9. -9. -9. -9. -9.
 -9. -9. -9. -9. -9. -9. -9. -9. -9. -9. -9. -9. -9. -9. -9. -9. -9. -9.
 -9. -9. -9. -9. -9. -9. -9. -9. -9. -9. -9. -9. -9. -9. -9. -9. -9. -9.
 -9. -9. -9. -9. -9. -9. -9. -9. -9. -9. -9. -9. -9. -9. -9. -9. -9. -9.
 -9. -9. -9. -9. -9. -9. -9. -9. -9. -9. -9. -9. -9. -9. -9. -9. -9. -9.
 -9. -9. -9. -9. -9. -9. -9. -9. -9. -9. -9. -9. -9. -9. -9. -9. -9. -9.
 -9. -9. -9. -9. -9. -9. -9. -9. -9. -9. -9. -9. -9. -9. -9. -9.]","[-1.27012793e+04 -1.22665635e+04  1.39533584e+04  1.30455195e+04
 -3.09105195e+04 -3.06319688e+04  1.43655869e+04  1.25288252e+04
 -4.82247510e+03 -4.72297803e+03 -3.29105737e+03 -3.29302441e+03
 -1.23474580e+04 -2.95269746e+04  1.05239150e+04  1.42800801e+04
  1.46991846e+04  1.36400547e+04  1.35619463e+04 -1.02266719e+04
 -9.48788184e+03 -6.55627991e+02  2.74494324e+02  1.73394121e+04
  1.67953555e+04 -1.70002063e+03 -5.14789543e+01 -2.95141660e+04
 -3.05824668e+04  1.54958799e+04  1.30066172e+04  1.30625518e+04
 -1.30073750e+04 -1.27369395e+04 -2.66427500e+04  2.27498489e+02
  2.28104218e+02  5.57508972e+02  5.62285522e+02 -3.74750061e+02
 -9.08968262e+02 -8.85743225e+02  6.92032593e+02  7.12581055e+02
 -4.46396973e+02 -8.81938660e+02 -8.19502747e+02 -6.78574524e+02
  4.02365814e+02  6.92632996e+02 -4.68989685e+02  6.68386230e+02
  5.88482910e+02  4.73003784e+02  5.08109100e+02  6.65117249e+02
  6.78191895e+02 -8.31181274e+02 -4.98380280e+02 -2.93882812e+02
 -7.16532166e+02  6.98599915e+02 -3.78168610e+02  1.08692062e+02
 -1.44320740e+02 -4.37162292e+02 -4.86975891e+02 -4.32600952e+02
 -4.24744324e+02 -4.76594940e+02 -9.03506592e+02 -1.05768066e+03
 -9.41478125e+03 -7.75936768e+03  2.54756934e+03 -1.21218103e+03
 -4.01798169e+03 -4.84955078e+03 -8.19013916e+03 -4.49848389e+03
  2.11439697e+03 -4.11846338e+03 -4.06403345e+03  6.25713428e+03
  4.07394336e+03 -8.57695410e+03 -4.03093311e+03 -9.98786914e+03
 -8.35210938e+03 -4.15338623e+03  6.40527344e+03 -9.54795801e+03
  3.21158984e+03  5.19398975e+03 -9.29611621e+03 -9.30911914e+03
 -4.07596167e+03 -5.09993066e+03  6.29127246e+03 -9.20711230e+03
 -9.35112500e+03 -8.91815137e+03 -4.63727637e+03 -7.71209424e+03
 -9.81598633e+03 -9.94526660e+03 -9.91745996e+03  5.39151123e+03
  6.23770996e+03 -4.21969385e+03 -4.22476660e+03 -4.26744727e+03
  3.95146948e+03  3.98711133e+03  5.33143994e+03 -4.48322119e+03
 -4.20633789e+03 -9.40799707e+03 -5.49459326e+03 -4.09868359e+03
 -3.71887549e+03 -9.60519824e+03  2.58695361e+03 -8.84306934e+03
 -2.95294830e+02  6.38452148e+03  6.37336621e+03 -7.18628369e+03
 -9.60404688e+03 -3.05897119e+03 -5.74360742e+03 -4.10683643e+03
 -3.46689868e+03  2.87322314e+03  6.40555713e+03  6.39291162e+03
 -4.60741455e+03 -1.00112920e+04 -9.90681641e+03 -2.49094263e+03
  3.63215381e+03 -2.98921631e+03 -2.93991919e+03 -2.19970383e+02
 -6.91959229e+02 -1.88737280e+03 -1.84284558e+03 -1.61283423e+03
 -2.63072168e+03 -1.53391248e+03  5.94522034e+02  2.09598413e+03
 -1.36251526e+03 -2.76125000e+03 -3.05718359e+03 -2.84679077e+03
 -6.73408936e+02  1.55602820e+03  2.10701245e+03  1.05257520e+03
 -1.40643896e+03  2.14916772e+03  1.52618079e+03 -2.30609473e+03
 -2.28773804e+03 -1.07528088e+03 -1.38072583e+03  1.78967175e+03
 -1.59531934e+03 -1.32133350e+03  2.08723730e+03 -1.39497009e+03
  2.06028101e+03 -1.61523083e+03  1.64454150e+03  1.63263489e+03
  1.54110364e+03 -2.82988354e+03 -1.42881873e+03  2.16691577e+03
 -9.22975952e+02 -1.39987231e+03 -1.35349365e+03 -1.34724719e+03
 -1.05786523e+03 -1.01324304e+03 -2.35363525e+03  2.13617114e+03
 -1.50522681e+03 -1.41026562e+03 -1.20192102e+03 -1.17231433e+03
  1.05022681e+03 -1.48485547e+03  4.96235443e+02  1.63596179e+03
 -3.07458099e+02 -1.89977982e+02 -1.37417554e+03 -1.50941223e+03
 -1.33302917e+03 -1.33465027e+03 -1.09812134e+03 -1.05858789e+03
 -1.41757947e+03 -1.32508508e+03 -1.24083179e+03 -3.09249585e+03
 -3.06322070e+03 -3.01559985e+03 -8.67187256e+02  9.80946533e+02
  6.03316927e+00  2.85242617e-01  7.99608307e+01 -3.29484901e+01
 -3.25140774e-01 -3.69020271e+01 -2.77771244e+01 -2.95017033e+01
  2.41842670e+01 -2.83560886e+01 -3.79946899e+01  5.91831636e+00
 -1.20469434e+03 -1.83001934e+04 -7.47011865e+03  1.15697246e+04
 -1.31283740e+04 -7.92702197e+03  1.17090957e+04 -6.23199756e+03
 -1.98825098e+04 -1.98209922e+04 -1.89835605e+04 -1.85492070e+04
 -1.76778535e+04 -7.61771240e+03  9.82504004e+03  1.14569668e+04
 -1.86059570e+04 -1.86161133e+04 -1.69040430e+04 -5.24978613e+03
  5.31133789e+03 -1.40115244e+04 -1.55923730e+04 -1.93808301e+04
 -1.91206523e+04 -1.89298633e+04  9.06940723e+03 -8.31313770e+03
  9.11418848e+03  7.61807422e+03  7.55694873e+03  1.03398730e+04
 -1.77816504e+04  5.72787842e+03  1.19875459e+04 -3.94877396e+01
  1.19203438e+04  1.19976348e+04 -1.33073711e+04 -4.78580127e+03
 -8.20060547e+03  6.47640381e+03  5.61499902e+03  1.18154453e+04]","[146.08003   145.82294   159.90175   155.98085   224.63947   237.581
 161.97507   153.89903   141.0069    139.55756   138.36911   137.60704
 149.2661    193.35858   150.91733   175.02559   175.19246   165.1624
 166.07489   148.23679   148.9853    149.512     162.24094   167.11708
 165.91385   137.6502    139.59116   196.06534   194.54651   161.76906
 158.2758    160.28806   154.04424   150.78139   181.56839    13.439808
  13.51037    15.383525   15.566466   12.202452   12.792136   12.797453
  14.1854315  14.295142   12.618382   13.490885   14.178294   12.744422
  14.768351   14.969081   14.700243   17.768194   13.83436    16.16849
  16.66179    14.4002905  14.39015    13.097328   12.5838785  12.878346
  15.781297   15.725564   12.627121   15.9236965  14.54798    12.533517
  12.495121   14.340794   14.272267   14.110528   12.62429    47.367344
  60.49565    55.27743    46.632328   44.310776   46.52678    47.301487
  56.645588   47.290764   45.519253   47.373375   47.054188   55.774807
  49.915203   57.36502    46.606304   63.2192     56.95711    46.29366
  54.473255   61.38246    47.975304   51.87788    60.645782   60.570442
  46.003975   48.69096    61.13275    60.60059    60.710117   59.3281
  48.235855   55.236824   63.230705   62.276028   62.210712   52.165768
  55.093613   46.37528    48.90621    48.73075    47.96661    47.988094
  52.932816   47.379498   46.515682   60.39991    49.848503   50.99005
  47.111454   61.648495   46.518673   58.27661    42.669132   55.496407
  55.482403   55.222805   61.16163    47.15581    50.14244    49.741703
  45.028206   46.0751     56.497528   55.565666   47.257126   62.443336
  62.454796   45.13358    49.43229    25.589127   25.286484   22.59434
  23.475325   23.928274   23.84248    22.421604   24.543995   23.386929
  23.172268   25.992844   23.249334   25.264053   25.999454   26.70201
  22.33872    25.485832   26.489746   26.292383   22.55767    26.067389
  24.83533    24.167555   24.064264   23.381954   22.839176   25.282585
  23.441977   22.746355   26.690075   22.613129   29.269825   23.325682
  28.250347   29.00551    24.849937   25.30977    23.098629   26.291338
  22.781916   22.509434   24.27304    23.664936   23.337307   23.110046
  24.731262   29.647364   23.647232   25.085142   23.78091    24.001913
  23.998495   22.782042   25.100214   25.282467   23.685509   25.447134
  22.906834   22.810677   24.11218    24.107641   22.385998   22.53814
  23.708427   22.651518   22.422087   26.330353   26.076332   25.24818
  23.049807   24.594112   12.3794775  12.704605   19.708838   10.438027
  16.440285   11.966674   12.754197   34.396687   28.796793   11.169029
  10.850094   16.318956   74.92338   105.33689    75.99832    89.31723
  89.621796   77.97409    90.95306    73.82769   111.31687   110.72226
 108.43727   106.69505   104.44028    74.62191    84.69553    99.8379
 107.233665  107.27431   100.78422    70.69138    76.18474    90.897575
  95.7724    111.507996  108.490135  108.49337    84.630875   76.125336
  82.93342    79.08411    79.90364    91.02184   104.95742    75.37594
  90.34949    67.86874    90.36811    90.37693    91.025406   74.35031
  80.20791    76.02834    75.551445   92.07227  ]","[1.63 1.64 2.18 1.69 2.97 3.49 2.25 1.64 2.04 1.99 1.79 1.75 1.81 2.46
 1.82 5.12 5.13 3.67 3.7  2.85 3.05 2.75 4.04 1.77 2.08 1.82 1.87 3.29
 2.4  1.81 1.98 2.24 2.62 2.2  1.69 2.06 2.09 2.46 2.63 1.48 2.26 2.3
 1.46 1.59 1.66 2.59 3.4  1.93 2.24 2.26 2.75 4.18 2.29 3.27 3.41 1.89
 1.78 1.67 1.85 1.81 6.21 4.16 1.7  2.45 1.98 1.69 1.67 2.26 2.25 2.4
 1.71 2.29 1.55 2.01 1.87 2.36 2.08 1.48 1.45 2.03 1.72 1.83 2.27 2.09
 2.65 1.6  1.84 2.46 2.   1.72 1.5  1.73 1.89 1.77 2.03 2.23 1.72 1.86
 2.7  2.94 2.91 2.06 2.35 1.43 1.95 1.91 1.94 1.66 1.64 1.69 2.75 2.65
 1.52 1.53 2.42 1.74 1.79 1.68 2.18 3.19 2.68 1.71 1.8  1.7  1.47 2.1
 2.09 2.29 2.01 1.95 2.14 2.03 1.61 1.55 1.93 1.61 1.65 1.87 1.89 2.23
 2.03 2.47 2.15 1.74 2.95 2.38 2.21 1.42 1.65 2.69 2.03 1.63 2.45 1.86
 2.17 3.26 1.49 2.1  2.18 3.42 1.88 2.24 1.88 2.03 1.99 3.01 1.67 1.94
 2.19 1.91 2.32 1.99 3.04 2.24 3.58 3.84 1.82 1.65 2.18 1.55 2.01 1.88
 2.23 1.98 2.21 2.15 2.65 5.91 2.71 3.08 3.31 1.87 1.77 1.78 2.2  2.62
 1.92 4.15 2.14 1.72 2.31 2.31 1.81 1.85 1.87 1.42 1.41 2.83 1.9  1.76
 2.34 2.33 2.15 2.19 2.75 1.65 2.97 2.   2.18 6.54 5.46 1.88 1.85 3.4
 2.42 1.69 2.45 1.81 2.46 2.57 1.81 2.32 2.2  2.13 2.24 2.22 2.48 1.57
 2.1  3.41 2.61 2.12 1.81 1.6  3.04 1.69 1.45 2.05 2.11 2.33 3.06 1.52
 1.95 2.09 2.22 4.81 2.22 1.81 1.69 1.52 1.51 1.51 2.18 1.85 2.1  1.59
 1.9  1.64]","[42.68 42.7  43.18 43.14 53.48 51.03 50.71 43.59 47.3  47.67 47.14 47.48
 47.43 43.5  44.73 43.   43.03 43.19 43.4  43.46 43.89 46.04 46.58 44.15
 43.76 47.17 47.44 43.31 43.11 42.   47.77 48.   48.19 47.52 48.36 13.9
 13.78 13.81 13.79 15.78 28.25 28.27 13.91 13.83 13.78 13.72 13.68 13.72
 14.02 14.14 41.09 13.64 21.83 13.58 13.72 13.72 13.96 13.85 13.66 13.71
 13.62 13.55 14.44 13.5  13.75 14.06 13.86 13.67 13.64 13.74 13.85 36.86
 53.28 45.2  52.17 31.8  35.64 43.   31.57 31.36 33.31 33.47 31.63 48.49
 45.39 50.7  48.04 33.43 31.58 37.04 38.6  43.71 72.62 31.67 42.9  46.35
 52.07 32.37 70.84 35.   34.77 44.42 32.52 31.87 36.26 54.74 54.45 49.95
 31.74 36.97 49.8  49.74 53.51 54.02 37.26 32.07 40.   40.03 32.2  36.15
 32.22 39.04 31.76 47.65 44.89 31.59 31.18 34.63 31.5  47.46 42.52 67.13
 57.87 46.23 58.1  57.29 31.6  49.43 39.02 32.69 33.85 31.17 31.1  22.18
 22.53 22.57 22.79 44.71 22.43 22.14 25.21 22.15 22.22 57.87 22.58 23.42
 22.46 23.07 22.06 23.44 34.15 37.1  22.19 22.14 22.03 21.98 22.44 25.75
 23.21 22.53 22.84 42.24 24.31 22.08 23.75 24.27 53.4  22.89 21.92 22.47
 22.06 34.24 52.62 52.93 51.6  51.58 22.44 24.82 22.17 23.71 22.19 51.9
 22.79 53.21 24.16 35.88 23.76 23.33 22.27 22.26 23.51 23.45 26.54 26.77
 23.43 22.26 22.2  22.25 54.94 35.19 22.52 22.92  4.5   4.44  3.69  4.73
  4.16  4.36  4.33  3.81  3.88  4.47  4.51  4.33 52.07 50.27 46.11 48.61
 49.85 47.31 54.31 57.88 47.33 46.02 47.39 45.93 49.62 53.12 57.39 70.93
 45.85 45.48 64.51 61.92 52.08 54.14 43.66 51.63 53.56 53.6  46.45 43.35
 43.98 58.07 58.45 42.8  58.51 49.62 43.37 48.67 43.08 42.7  49.48 57.24
 68.28 49.89 46.33 60.15]","[0.25 0.25 0.25 0.25 0.25 0.25 0.25 0.25 0.25 0.25 0.25 0.25 0.25 0.25
 0.25 0.25 0.25 0.25 0.25 0.25 0.25 0.25 0.25 0.25 0.25 0.25 0.25 0.25
 0.25 0.25 0.25 0.25 0.25 0.25 0.25 0.25 0.25 0.25 0.25 0.25 0.25 0.25
 0.25 0.25 0.25 0.25 0.25 0.25 0.25 0.25 0.25 0.25 0.25 0.25 0.25 0.25
 0.25 0.25 0.25 0.25 0.25 0.25 0.25 0.25 0.25 0.25 0.25 0.25 0.25 0.25
 0.25 0.25 0.25 0.25 0.25 0.25 0.25 0.25 0.25 0.25 0.25 0.25 0.25 0.25
 0.25 0.25 0.25 0.25 0.25 0.25 0.25 0.25 0.25 0.25 0.25 0.25 0.25 0.25
 0.25 0.25 0.25 0.25 0.25 0.25 0.25 0.25 0.25 0.25 0.25 0.25 0.25 0.25
 0.25 0.25 0.25 0.25 0.25 0.25 0.25 0.25 0.25 0.25 0.25 0.25 0.25 0.25
 0.25 0.25 0.25 0.25 0.25 0.25 0.25 0.25 0.25 0.25 0.25 0.25 0.25 0.25
 0.25 0.25 0.25 0.25 0.25 0.25 0.25 0.25 0.25 0.25 0.25 0.25 0.25 0.25
 0.25 0.25 0.25 0.25 0.25 0.25 0.25 0.25 0.25 0.25 0.25 0.25 0.25 0.25
 0.25 0.25 0.25 0.25 0.25 0.25 0.25 0.25 0.25 0.25 0.25 0.25 0.25 0.25
 0.25 0.25 0.25 0.25 0.25 0.25 0.25 0.25 0.25 0.25 0.25 0.25 0.25 0.25
 0.25 0.25 0.25 0.25 0.25 0.25 0.25 0.25 0.25 0.25 0.25 0.25 0.25 0.25
 0.25 0.25 0.25 0.25 0.25 0.25 0.25 0.25 0.25 0.25 0.25 0.25 0.25 0.25
 0.25 0.25 0.25 0.25 0.25 0.25 0.25 0.25 0.25 0.25 0.25 0.25 0.25 0.25
 0.25 0.25 0.25 0.25 0.25 0.25 0.25 0.25 0.25 0.25 0.25 0.25 0.25 0.25
 0.25 0.25 0.25 0.25 0.25 0.25 0.25 0.25 0.25 0.25 0.25 0.25 0.25 0.25
 0.25 0.25]","[30.08 30.08 30.07 30.08 29.68 29.55 30.07 30.09 30.06 30.08 30.08 30.09
 30.03 30.06 30.08 30.07 30.07 30.07 30.06 30.06 30.05 29.98 29.94 30.07
 30.08 30.09 30.07 30.05 30.07 30.08 30.06 30.05 30.03 30.05 30.08 31.44
 31.43 31.28 31.27 31.51 31.64 31.65 31.46 31.45 31.43 31.35 31.31 31.42
 31.31 31.38 31.69 31.16 31.59 31.22 31.18 31.43 31.43 31.34 31.44 31.41
 31.39 31.4  31.44 31.09 31.19 31.45 31.45 31.2  31.21 31.24 31.44 31.15
 31.35 31.34 31.32 31.28 31.3  31.34 31.31 31.3  31.3  31.26 31.29 31.3
 31.34 31.36 31.32 31.26 31.29 31.32 31.34 31.31 31.37 31.3  31.3  31.35
 31.36 31.28 31.21 31.29 31.3  31.32 31.28 31.3  31.2  31.35 31.35 31.34
 31.3  31.32 31.29 31.29 31.37 31.37 31.31 31.29 31.32 31.34 31.28 31.16
 31.27 31.32 31.29 31.35 31.35 31.3  31.3  31.23 31.29 31.23 31.32 31.25
 31.36 31.35 31.3  31.32 31.3  31.35 31.31 31.27 31.25 31.54 31.55 31.47
 31.44 31.44 31.44 31.59 31.48 31.47 31.5  31.48 31.46 31.62 31.45 31.39
 31.48 31.43 31.46 31.36 31.55 31.58 31.48 31.47 31.48 31.46 31.47 31.51
 31.45 31.48 31.45 31.6  31.27 31.47 31.31 31.28 31.61 31.44 31.47 31.47
 31.46 31.56 31.55 31.56 31.6  31.61 31.45 31.48 31.45 31.34 31.45 31.5
 31.47 31.62 31.33 31.57 31.38 31.38 31.48 31.48 31.38 31.38 31.51 31.5
 31.4  31.48 31.49 31.45 31.6  31.56 31.45 31.43 29.49 29.45 28.91 29.54
 29.25 29.39 29.36 29.02 29.07 29.47 29.5  29.41 30.84 31.   30.97 31.
 31.   30.94 30.96 31.   30.95 30.96 30.99 30.97 31.   31.01 31.01 30.86
 30.97 30.97 31.02 31.02 31.   31.01 30.99 30.89 31.   31.   30.98 30.98
 30.99 31.01 31.   30.97 30.95 30.98 30.99 31.   30.99 30.99 30.92 30.89
 30.91 31.   30.96 30.95]","[0.005 0.005 0.005 0.005 0.005 0.005 0.005 0.005 0.005 0.005 0.005 0.005
 0.005 0.005 0.005 0.005 0.005 0.005 0.005 0.005 0.005 0.005 0.005 0.005
 0.005 0.005 0.005 0.005 0.005 0.005 0.005 0.005 0.005 0.005 0.005 0.005
 0.005 0.005 0.005 0.005 0.005 0.005 0.005 0.005 0.005 0.005 0.005 0.005
 0.005 0.005 0.005 0.005 0.005 0.005 0.005 0.005 0.005 0.005 0.005 0.005
 0.005 0.005 0.005 0.005 0.005 0.005 0.005 0.005 0.005 0.005 0.005 0.005
 0.005 0.005 0.005 0.005 0.005 0.005 0.005 0.005 0.005 0.005 0.005 0.005
 0.005 0.005 0.005 0.005 0.005 0.005 0.005 0.005 0.005 0.005 0.005 0.005
 0.005 0.005 0.005 0.005 0.005 0.005 0.005 0.005 0.005 0.005 0.005 0.005
 0.005 0.005 0.005 0.005 0.005 0.005 0.005 0.005 0.005 0.005 0.005 0.005
 0.005 0.005 0.005 0.005 0.005 0.005 0.005 0.005 0.005 0.005 0.005 0.005
 0.005 0.005 0.005 0.005 0.005 0.005 0.005 0.005 0.005 0.005 0.005 0.005
 0.005 0.005 0.005 0.005 0.005 0.005 0.005 0.005 0.005 0.005 0.005 0.005
 0.005 0.005 0.005 0.005 0.005 0.005 0.005 0.005 0.005 0.005 0.005 0.005
 0.005 0.005 0.005 0.005 0.005 0.005 0.005 0.005 0.005 0.005 0.005 0.005
 0.005 0.005 0.005 0.005 0.005 0.005 0.005 0.005 0.005 0.005 0.005 0.005
 0.005 0.005 0.005 0.005 0.005 0.005 0.005 0.005 0.005 0.005 0.005 0.005
 0.005 0.005 0.005 0.005 0.005 0.005 0.005 0.005 0.005 0.005 0.005 0.005
 0.005 0.005 0.005 0.005 0.005 0.005 0.005 0.005 0.005 0.005 0.005 0.005
 0.005 0.005 0.005 0.005 0.005 0.005 0.005 0.005 0.005 0.005 0.005 0.005
 0.005 0.005 0.005 0.005 0.005 0.005 0.005 0.005 0.005 0.005 0.005 0.005
 0.005 0.005 0.005 0.005 0.005 0.005 0.005 0.005 0.005 0.005 0.005 0.005
 0.005 0.005 0.005 0.005]","[1. 1. 1. 1. 1. 1. 1. 1. 1. 1. 1. 1. 1. 1. 1. 1. 1. 1. 1. 1. 1. 1. 1. 1.
 1. 1. 1. 1. 1. 1. 1. 1. 1. 1. 1. 1. 1. 1. 1. 1. 1. 1. 1. 1. 1. 1. 1. 1.
 1. 1. 1. 1. 1. 1. 1. 1. 1. 1. 1. 1. 1. 1. 1. 1. 1. 1. 1. 1. 1. 1. 1. 1.
 1. 1. 1. 1. 1. 1. 1. 1. 1. 1. 1. 1. 1. 1. 1. 1. 1. 1. 1. 1. 1. 1. 1. 1.
 1. 1. 1. 1. 1. 1. 1. 1. 1. 1. 1. 1. 1. 1. 1. 1. 1. 1. 1. 1. 1. 1. 1. 1.
 1. 1. 1. 1. 1. 1. 1. 1. 1. 1. 1. 1. 1. 1. 1. 1. 1. 1. 1. 1. 1. 1. 1. 1.
 1. 1. 1. 1. 1. 1. 1. 1. 1. 1. 1. 1. 1. 1. 1. 1. 1. 1. 1. 1. 1. 1. 1. 1.
 1. 1. 1. 1. 1. 1. 1. 1. 1. 1. 1. 1. 1. 1. 1. 1. 1. 1. 1. 1. 1. 1. 1. 1.
 1. 1. 1. 1. 1. 1. 1. 1. 1. 1. 1. 1. 1. 1. 1. 1. 1. 1. 1. 1. 1. 1. 1. 1.
 1. 1. 1. 1. 1. 1. 1. 1. 1. 1. 1. 1. 1. 1. 1. 1. 1. 1. 1. 1. 1. 1. 1. 1.
 1. 1. 1. 1. 1. 1. 1. 1. 1. 1. 1. 1. 1. 1. 1. 1. 1. 1. 1. 1. 1. 1. 1. 1.
 1. 1. 1. 1.]","[14.419524  14.418149  14.261834  14.266497  14.543728  14.540914
 14.260724  14.270018  14.3706045 14.3704405 14.362196  14.362008
 14.416366  14.534005  14.281289  14.259261  14.259356  14.2635355
 14.263629  14.404748  14.399627  14.346858  14.338219  14.244091
 14.246867  14.351214  14.342592  14.532892  14.538227  14.253707
 14.267451  14.266489  14.421     14.421     14.51344   18.295246
 18.295012  18.223516  18.220255  18.43758   18.579273  18.579367
 18.191496  18.191557  18.455     18.58019   18.557865  18.52261
 18.250717  18.191     18.459635  18.200745  18.212248  18.228563
 18.22847   18.198631  18.19856   18.555437  18.4644    18.420128
 18.52345   18.191648  18.435728  18.317888  18.380247  18.456
 18.466135  18.455     18.455     18.462519  18.581274  15.653182
 15.832861  15.793728  15.583754  15.655467  15.711205  15.7299595
 15.805481  15.722435  15.592303  15.715257  15.715434  15.516771
 15.554442  15.812202  15.712746  15.843965  15.804635  15.715
 15.515744  15.836244  15.570256  15.536197  15.829004  15.830813
 15.714     15.73442   15.514982  15.825599  15.827709  15.820981
 15.726166  15.794148  15.839945  15.8425665 15.841975  15.532152
 15.515561  15.716244  15.716258  15.716468  15.5580845 15.558215
 15.531655  15.722764  15.716     15.832864  15.74398   15.717
 15.707335  15.839629  15.582461  15.81777   15.63797   15.514473
 15.514431  15.781979  15.834435  15.693224  15.74914   15.716
 15.700382  15.576929  15.514     15.51463   15.724145  15.845129
 15.843833  15.679596  15.56391   17.159718  17.159811  16.961906
 16.99213   17.07532   17.073912  17.058607  17.133095  17.050535
 16.910894  16.82096   17.04      17.143066  17.16858   17.149515
 16.9926    16.852854  16.81832   16.8836    17.041172  16.816
 16.851643  17.109013  17.108883  17.02098   17.041775  16.834827
 17.054707  17.035467  16.818077  17.043179  16.821913  17.060226
 16.846155  16.846062  16.846575  17.148687  17.046665  16.816
 17.009438  17.043379  17.038605  17.038393  17.018612  17.017767
 17.112192  16.816479  17.051632  17.039     17.029716  17.028124
 16.880783  17.048376  16.913166  16.845968  16.967554  16.9605
 17.040754  17.048012  17.04      17.04      17.019457  17.019363
 17.045288  17.04      17.030727  17.16986   17.167744  17.164928
 17.005705  16.884483  21.52187   21.521612  21.444668  21.706364
 21.641613  21.73225   21.731821  21.525381  21.523264  21.768631
 21.768423  21.66757   14.88128   15.062329  14.943899  14.76342
 15.005464  14.9483795 14.762544  14.931747  15.07789   15.076942
 15.070575  15.064047  15.056824  14.946688  14.779231  14.764198
 15.064554  15.066224  15.046539  14.921758  14.81994   15.013696
 15.030951  15.07459   15.070941  15.07004   14.784714  14.952293
 14.7840805 14.799462  14.798313  14.773115  15.054818  14.815789
 14.760499  14.870705  14.76      14.76      15.0052395 14.916572
 14.951     14.808845  14.818005  14.76     ]",172.95387712530436,-63.31438304079037,190,268,5922,6189,2.7926736,0.13963369,-9.0,-9.0,-9.0,-9.0,0.0,0.0,0,0,0,0,-9.0,-9.0,-9.0,-9.0,-999.0,-999.0,-9.0,-9.0,-99.0,-9999.0,-9999.0,-9999.0,-9999.0,-9999.0,-9999.0,-9999.0,-9999.0,-9999.0,0,-9999.0,0,,,,,,,,,,,,999.0,999.0,999.0,999.0,999.0,999.0,999.0,999.0,999.0,999.0,999.0,999.0,0,0,-9.0,-9.0,-9.0,-9.0,-999.0,-999.0,-9.0,-9.0,-9999.0,-9999.0,-9999.0,-9999.0,-9999.0,-9999.0,-9999.0,-9999.0,-9999.0,0,-9999.0,0,999.0,999.0,999.0,999.0,999.0,999.0,999.0,999.0,999.0,999.0,999.0,999.0,,,,,,,,,,,,-999.0,-999.0,-999.0,-999.0,-999.0,-999.0,60796.586,60796.043,60796.043,61891.23,LCLIB,12,90,ZTFDR3VS,74163,4868,1,0,5,0.0,0.0,0.0,2,0.0,-9,0.0,0.0,172.95387268066406,-63.31438446044922,0.0,60796.0,-9.0,0.0,-9.0,-9.0,21.55954,18.31695,16.919655,15.604655,14.843655,14.31636,1.0,1.0,1.0,1.0,1.0,1.0,,,,,,,-9,21.589474,18.345043,16.946863,15.631495,14.869566,14.342072,,,,,,,,,,,,,,,,,,,,,,,,,,,,
135511375,"[60801.1511 60802.0382 60802.0626 60804.0233 60804.047  61073.2389
 61073.2393 61073.2624 61073.2628 61077.3641 61077.3736 61098.0891
 61098.1121 61130.0931 61130.0936 61130.1159 61130.1164 61186.0693
 61186.0919 61426.2612 61455.1794 61455.2024 61483.1241 61485.1173
 61485.1403 61515.14   61517.203  61782.2425 61782.243  61782.2657
 61782.2661 61814.3476 61814.3576 61836.1952 61841.1693 61841.1923
 61866.1002 61866.1232 61074.268  61077.1395 61083.3235 61083.3244
 61089.2697 61109.0659 61145.1303 61416.0675 61432.3143 61432.3157
 61436.0783 61436.3354 61444.0733 61444.226  61464.0893 61470.2191
 61476.1298 61550.0416 61778.2879 61788.12   61788.1205 61796.1006
 61798.3242 61806.3302 61820.0431 60803.0414 61024.3225 61038.3168
 61048.3393 61063.3178 61068.0676 61072.0914 61072.1856 61101.2396
 61116.0978 61126.0814 61132.2109 61146.9789 61156.105  61158.0775
 61164.0784 61172.0816 61192.0243 61400.2808 61401.3282 61417.1946
 61424.1314 61424.3293 61440.0747 61440.2229 61448.0682 61448.0686
 61452.1327 61474.1279 61481.131  61481.1314 61493.2476 61493.2481
 61497.0689 61500.0501 61510.0371 61534.9644 61540.0346 61755.2629
 61762.3412 61771.3423 61771.3427 61800.1263 61800.2652 61803.2298
 61812.0743 61812.2217 61850.1055 61862.1265 61868.1822 61884.0309
 61888.2181 60850.0289 61024.2967 61038.2894 61042.2565 61047.2993
 61063.2933 61066.318  61074.2927 61080.0676 61087.2786 61109.0868
 61116.074  61126.0573 61143.1561 61152.0973 61171.1325 61376.3259
 61389.3397 61400.305  61401.3167 61413.2574 61416.0914 61416.2798
 61436.0544 61444.0494 61460.3267 61464.1114 61474.1066 61476.1541
 61481.1063 61481.1068 61495.1611 61497.0489 61510.0187 61555.9669
 61740.3242 61746.349  61746.3494 61755.2387 61762.3548 61764.2923
 61771.3309 61771.3314 61778.3118 61788.1375 61788.1379 61788.3249
 61788.3254 61796.1245 61796.1426 61803.2548 61820.0672 61820.3509
 61854.2078 61856.093  61861.2422 61862.1021 61868.2063 61876.2044
 61888.1941 60850.0522 61062.2487 61062.2492 61087.2554 61145.1066
 61150.0914 61152.0747 60801.1267 61016.3188 61068.0916 61068.1088
 61072.0677 61101.2637 61132.235  61146.9898 61156.0801 61158.1018
 61164.1026 61172.1056 61192.0486 61417.219  61424.107  61426.2368
 61440.0505 61448.0441 61448.0446 61452.157  61500.0668 61517.1791
 61534.9753 61540.0589 61755.3515 61758.3567 61800.1025 61812.0503
 61850.1298 61884.0553]","['Y' 'Y' 'Y' 'Y' 'Y' 'Y' 'Y' 'Y' 'Y' 'Y' 'Y' 'Y' 'Y' 'Y' 'Y' 'Y' 'Y' 'Y'
 'Y' 'Y' 'Y' 'Y' 'Y' 'Y' 'Y' 'Y' 'Y' 'Y' 'Y' 'Y' 'Y' 'Y' 'Y' 'Y' 'Y' 'Y'
 'Y' 'Y' 'g' 'g' 'g' 'g' 'g' 'g' 'g' 'g' 'g' 'g' 'g' 'g' 'g' 'g' 'g' 'g'
 'g' 'g' 'g' 'g' 'g' 'g' 'g' 'g' 'g' 'i' 'i' 'i' 'i' 'i' 'i' 'i' 'i' 'i'
 'i' 'i' 'i' 'i' 'i' 'i' 'i' 'i' 'i' 'i' 'i' 'i' 'i' 'i' 'i' 'i' 'i' 'i'
 'i' 'i' 'i' 'i' 'i' 'i' 'i' 'i' 'i' 'i' 'i' 'i' 'i' 'i' 'i' 'i' 'i' 'i'
 'i' 'i' 'i' 'i' 'i' 'i' 'i' 'r' 'r' 'r' 'r' 'r' 'r' 'r' 'r' 'r' 'r' 'r'
 'r' 'r' 'r' 'r' 'r' 'r' 'r' 'r' 'r' 'r' 'r' 'r' 'r' 'r' 'r' 'r' 'r' 'r'
 'r' 'r' 'r' 'r' 'r' 'r' 'r' 'r' 'r' 'r' 'r' 'r' 'r' 'r' 'r' 'r' 'r' 'r'
 'r' 'r' 'r' 'r' 'r' 'r' 'r' 'r' 'r' 'r' 'r' 'r' 'r' 'u' 'u' 'u' 'u' 'u'
 'u' 'u' 'z' 'z' 'z' 'z' 'z' 'z' 'z' 'z' 'z' 'z' 'z' 'z' 'z' 'z' 'z' 'z'
 'z' 'z' 'z' 'z' 'z' 'z' 'z' 'z' 'z' 'z' 'z' 'z' 'z' 'z']","[   0 6144 4096 4096 4096    0 4096 4096 4096 4096 4096 4096 4096 4096
 4096 4096 4096 4096 4096 4096 4096 4096 4096 4096 4096 4096 4096 4096
 4096 4096 4096 4096 4096 4096 4096 4096 4096 4096 4096 4096 4096 4096
 4096 4096 4096 4096 4096 4096    0 4096 4096 4096 4096 4096 4096 4096
 4096 4096 4096 4096 4096 4096 4096 4096 4096 4096 4096 4096 4096 4096
 4096 4096 4096 4096 4096 4096 4096 4096    0 4096 4096 4096 4096 4096
 4096 4096 4096 4096 4096 4096 4096 4096 4096 4096 4096 4096    0 4096
 4096 4096    0 4096 4096 4096 4096 4096 4096 4096 4096 4096 4096 4096
 4096 4096 4096 4096 4096 4096 4096 4096 4096 4096 4096 4096 4096 4096
 4096 4096 4096 4096 4096 4096 4096 4096 4096 4096 4096 4096 4096 4096
 4096 4096 4096 4096 4096 4096 4096 4096 4096 4096 4096 4096 4096 4096
 4096 4096 4096 4096 4096 4096 4096 4096 4096 4096 4096 4096 4096 4096
 4096 4096 4096 4096 4096 4096 4096 4096 4096 4096 4096 4096 4096 4096
    0 4096 4096 4096 4096 4096 4096 4096 4096 4096    0 4096 4096 4096
 4096 4096 4096 4096 4096 4096 4096 4096 4096 4096 4096 4096 4096 4096
 4096 4096]","[-9. -9. -9. -9. -9. -9. -9. -9. -9. -9. -9. -9. -9. -9. -9. -9. -9. -9.
 -9. -9. -9. -9. -9. -9. -9. -9. -9. -9. -9. -9. -9. -9. -9. -9. -9. -9.
 -9. -9. -9. -9. -9. -9. -9. -9. -9. -9. -9. -9. -9. -9. -9. -9. -9. -9.
 -9. -9. -9. -9. -9. -9. -9. -9. -9. -9. -9. -9. -9. -9. -9. -9. -9. -9.
 -9. -9. -9. -9. -9. -9. -9. -9. -9. -9. -9. -9. -9. -9. -9. -9. -9. -9.
 -9. -9. -9. -9. -9. -9. -9. -9. -9. -9. -9. -9. -9. -9. -9. -9. -9. -9.
 -9. -9. -9. -9. -9. -9. -9. -9. -9. -9. -9. -9. -9. -9. -9. -9. -9. -9.
 -9. -9. -9. -9. -9. -9. -9. -9. -9. -9. -9. -9. -9. -9. -9. -9. -9. -9.
 -9. -9. -9. -9. -9. -9. -9. -9. -9. -9. -9. -9. -9. -9. -9. -9. -9. -9.
 -9. -9. -9. -9. -9. -9. -9. -9. -9. -9. -9. -9. -9. -9. -9. -9. -9. -9.
 -9. -9. -9. -9. -9. -9. -9. -9. -9. -9. -9. -9. -9. -9. -9. -9. -9. -9.
 -9. -9. -9. -9. -9. -9. -9. -9. -9. -9. -9. -9. -9. -9.]","[  -772.7468   -15996.734    -16668.994     -1082.718     -1797.1594
   -989.337     -1309.0582    -1829.1033    -1836.3926   -15736.075
 -15717.369     -6530.596     -5680.0317     8926.816      9079.361
   8640.647      9032.989    -17913.438    -17818.07     -12570.072
 -18400.531    -18213.525     -6165.913      8028.6406     8180.2915
 -15137.647     -2364.371     -9801.616     -9743.739     -9577.649
  -9604.371      4401.6816     4545.2646   -18057.826     -6090.4995
  -6331.1187     8859.797      8935.95      -5776.7603    -5733.6626
  -3885.7258    -3909.9177    -2277.5518    -4164.766     -3055.2388
    430.50372   -5691.105     -5604.8154      -39.03275    3492.5933
  -4593.242     -3560.6616    -4689.541     -1947.852      -490.82617
  -4580.981     -4427.9443    -2000.1609    -1985.1177    -5468.892
  -4274.7695      515.1689     2594.6406    -9107.773     10081.593
  15661.522    -25854.361    -16110.125    -16114.095    -12784.942
 -10958.446     11694.328      3374.3672   -23283.934    -13312.193
   6090.8447     8232.544    -11739.836       178.39185  -17938.383
 -21193.135    -15922.198    -14595.857    -11266.193    -17438.652
 -13338.62     -10753.257    -13108.238     15076.198     15234.372
 -25131.994      1675.0703   -25834.385    -25965.625     -9639.243
  -9537.462       394.54282   -5183.9175   -17778.578    -18015.344
     42.948643 -13094.642    -12352.163      6779.854      6821.49
  14945.761     16768.04      14168.607      2177.7385    -5063.0137
 -20883.342    -23565.86     -14255.73     -11341.126    -14360.654
  -4433.538      5562.397      7822.3486    -8477.077      3236.4114
  -8000.295     -6035.1826   -12788.105    -12463.094      6131.4824
  -8423.849      2130.9094   -11225.237    -11944.381     -7750.3755
  -8545.705      8866.556    -12741.569     -9060.621     -7113.25
   1523.5099      592.9998     6433.7754    -1731.7446   -10132.474
  -7778.859     -9882.39       1324.8358    -1655.212    -12078.874
 -12049.717    -12662.107       478.64883   -8660.02      -7155.1724
   4759.135     -2480.7036    -2415.0205    -7042.1895    -4978.1484
 -11944.135      3847.7476     3888.0125    -8505.332     -4956.7754
  -4944.8545    -1800.8857    -1773.528    -12180.353    -12202.749
   6836.231      5445.2754     8424.04      -1573.5851   -12869.293
  -7262.4272   -11226.614     -6366.5405   -12919.086     -7057.984
  -1449.7206    -2485.9058    -2533.0938     1765.655     -1723.7512
   2564.5269    -2086.717      -111.55466  -10407.797    -13437.003
 -13955.495    -13008.107     10516.48     -12879.651      4817.5195
   8560.719    -12136.978       165.23613  -15447.548    -18830.209
  -9772.444    -16494.28     -18281.328     -8720.722     13798.269
  13874.248    -23595.889     -5229.435     -2381.919    -14881.536
   -732.0373   -11342.027    -14485.986     11439.942      3345.484
 -19227.213     -9871.712   ]","[125.52823  135.45753  135.54256  121.18564  115.90324  114.76126
 115.38583  112.91064  113.53016  138.36856  138.48114  122.58355
 119.23876  125.84135  125.31561  126.21371  125.73795  144.79419
 147.58731  123.577805 138.29454  138.13187  118.74966  125.32882
 126.68198  132.2967   129.72163  122.87824  122.28332  120.43102
 119.85169  123.36476  125.91557  137.27498  116.174034 116.22226
 127.16143  127.27165   38.346867  39.655132  33.037235  32.913692
  30.080639  34.54784   32.331795  33.993637  38.426483  38.23426
  31.12897   34.878475  36.219994  32.663586  35.946507  29.584166
  28.553226  36.32581   34.714577  30.718039  30.739634  39.24264
  34.8668    29.804186  34.439312  83.18025   90.27219  107.4459
 142.35222  104.756    107.25271   94.38302   88.30425   93.75198
  76.31525  131.79579   95.66324   80.911255  84.9187    90.44961
  72.89345  111.82937  123.735115 103.57905   99.262184  90.31325
 109.76347   96.03553   89.74978   96.17709  107.58529  107.286224
 139.23172   74.65952  141.74588  141.68976   87.43341   87.058685
  73.88752   76.85887  110.21988  110.962906  73.004265  94.72579
  92.94083   81.93914   81.99652  106.48369  111.69005  103.75508
  74.475586  74.67317  123.85133  132.59425   98.81553   90.24202
 103.517624  50.284313  53.640945  60.707672  57.995476  45.399075
  57.42064   52.27865   74.213165  75.10813   56.08418   58.98057
  46.085434  67.79467   72.51516   57.398037  60.123688  63.635754
  75.0608    59.18517   52.99436   45.210567  47.35482   56.593258
  46.75234   66.7138    56.457134  64.11247   44.540245  44.3644
  71.32083   71.30286   74.40573   44.333122  59.371334  55.020576
  51.51793   44.012165  43.846275  53.172726  47.511368  71.52219
  49.124893  49.162224  59.19972   49.665813  49.65639   43.28547
  42.762444  73.25822   72.50686   57.17753   53.8032    62.986713
  44.630013  75.37428   56.703682  68.912544  52.045662  75.49954
  56.708054  77.78439   53.845413  53.777233  69.02653   58.322895
  70.81619   56.941265  84.974625  95.191284 103.7566   104.94576
 102.78639  100.80463  102.06233   87.86526   94.28121   99.03916
  83.67945  109.51312  118.289185  93.65081  111.1097   115.05006
  93.92291  108.733086 108.33043  133.40614   85.63741   86.30399
 105.9094    84.05044   96.09731  103.88306  102.063805  87.277435
 118.677246  93.29564 ]","[2.03 2.24 1.68 3.02 1.83 1.87 1.92 1.33 1.36 2.36 2.25 2.89 2.44 1.59
 1.57 1.59 1.56 2.52 2.75 1.51 1.77 1.65 2.37 1.95 2.16 1.42 2.39 2.28
 2.26 1.83 1.81 1.55 1.79 1.67 1.69 1.57 1.97 1.77 1.66 3.48 1.69 1.68
 1.78 3.19 3.29 3.41 2.52 2.33 3.87 2.01 2.13 1.77 1.6  1.78 1.97 3.27
 1.49 1.88 1.99 1.53 1.67 1.77 1.88 1.8  1.57 1.87 1.79 1.4  2.95 2.22
 2.35 1.78 1.61 1.43 1.96 2.33 1.93 2.19 1.86 1.63 2.88 1.62 1.53 1.85
 2.01 1.55 2.67 3.08 1.77 1.72 2.38 1.69 1.65 1.63 2.63 2.57 1.68 1.6
 1.28 1.8  1.82 1.57 1.68 1.49 1.47 1.96 1.42 1.64 1.85 1.69 2.15 1.67
 1.77 1.76 2.62 2.8  2.37 1.7  2.13 1.4  1.42 2.95 1.62 1.87 2.25 2.02
 1.74 1.64 2.03 3.13 2.37 2.12 1.87 1.48 1.98 1.79 2.96 2.35 2.71 4.53
 1.91 1.45 1.3  1.82 1.73 1.71 1.89 1.59 2.47 2.48 1.48 2.14 2.1  1.66
 1.54 1.55 1.49 1.47 1.51 1.98 1.95 2.26 1.95 1.54 1.6  1.71 1.79 2.01
 1.58 2.   2.56 1.87 1.87 2.09 2.56 3.71 1.94 1.93 3.28 3.18 2.4  3.35
 1.9  2.83 2.82 2.93 2.56 2.9  2.13 1.85 1.57 2.59 1.65 2.6  2.45 2.26
 1.89 1.45 2.47 1.53 1.48 2.15 1.66 2.29 2.16 1.86 1.61 1.41 1.59 1.8
 1.89 1.65]","[45.56 42.59 43.21 43.37 43.95 45.69 45.67 45.99 45.99 45.74 48.68 42.45
 42.08 44.02 44.05 44.31 44.34 45.16 46.07 42.92 42.95 43.07 42.34 44.5
 44.72 48.03 49.28 45.84 45.86 45.57 45.58 46.37 46.69 41.62 47.97 48.24
 42.22 42.62 65.17 41.77 18.07 18.08 13.65 13.47 13.51 13.65 40.25 40.53
 13.58 20.54 13.71 13.54 13.68 13.65 13.49 13.53 13.67 13.69 13.81 13.83
 13.63 13.65 13.84 43.76 31.62 30.44 40.49 30.91 40.72 55.22 53.15 53.33
 30.32 35.73 73.11 32.69 40.33 46.73 47.95 32.21 57.38 45.78 42.77 31.31
 42.79 30.95 33.12 30.34 33.46 32.83 36.72 30.3  35.97 35.88 39.12 38.6
 30.28 30.32 36.17 34.29 40.62 45.6  32.53 31.39 31.25 31.73 30.57 30.24
 64.08 59.31 30.32 30.65 51.92 30.4  36.11 23.4  23.12 21.73 52.69 43.68
 21.65 21.56 60.22 22.65 21.9  21.68 21.58 32.94 22.32 21.72 22.95 28.6
 22.66 49.42 44.84 21.62 23.52 21.46 23.38 23.01 53.19 21.82 21.68 21.56
 33.04 33.   21.92 21.55 33.32 22.14 22.49 27.93 28.26 49.94 32.24 22.04
 21.86 21.67 21.59 22.4  22.57 33.67 33.93 22.44 22.18 21.46 22.42 26.8
 22.31 21.52 23.13 21.53 58.75 35.59 23.58  3.59  4.51  4.52  4.33  4.35
  4.41  4.53 49.18 47.62 48.   47.01 56.51 54.08 67.73 41.54 46.27 50.77
 51.89 45.15 57.87 41.92 50.72 48.59 47.4  47.01 45.98 43.74 41.08 58.91
 41.75 47.88 63.99 75.39 44.58 62.39 41.4  41.68]","[0.25 0.25 0.25 0.25 0.25 0.25 0.25 0.25 0.25 0.25 0.25 0.25 0.25 0.25
 0.25 0.25 0.25 0.25 0.25 0.25 0.25 0.25 0.25 0.25 0.25 0.25 0.25 0.25
 0.25 0.25 0.25 0.25 0.25 0.25 0.25 0.25 0.25 0.25 0.25 0.25 0.25 0.25
 0.25 0.25 0.25 0.25 0.25 0.25 0.25 0.25 0.25 0.25 0.25 0.25 0.25 0.25
 0.25 0.25 0.25 0.25 0.25 0.25 0.25 0.25 0.25 0.25 0.25 0.25 0.25 0.25
 0.25 0.25 0.25 0.25 0.25 0.25 0.25 0.25 0.25 0.25 0.25 0.25 0.25 0.25
 0.25 0.25 0.25 0.25 0.25 0.25 0.25 0.25 0.25 0.25 0.25 0.25 0.25 0.25
 0.25 0.25 0.25 0.25 0.25 0.25 0.25 0.25 0.25 0.25 0.25 0.25 0.25 0.25
 0.25 0.25 0.25 0.25 0.25 0.25 0.25 0.25 0.25 0.25 0.25 0.25 0.25 0.25
 0.25 0.25 0.25 0.25 0.25 0.25 0.25 0.25 0.25 0.25 0.25 0.25 0.25 0.25
 0.25 0.25 0.25 0.25 0.25 0.25 0.25 0.25 0.25 0.25 0.25 0.25 0.25 0.25
 0.25 0.25 0.25 0.25 0.25 0.25 0.25 0.25 0.25 0.25 0.25 0.25 0.25 0.25
 0.25 0.25 0.25 0.25 0.25 0.25 0.25 0.25 0.25 0.25 0.25 0.25 0.25 0.25
 0.25 0.25 0.25 0.25 0.25 0.25 0.25 0.25 0.25 0.25 0.25 0.25 0.25 0.25
 0.25 0.25 0.25 0.25 0.25 0.25 0.25 0.25 0.25 0.25 0.25 0.25 0.25 0.25
 0.25 0.25]","[29.95 30.08 30.07 30.09 30.09 30.12 30.11 30.12 30.11 30.02 30.01 30.08
 30.09 30.11 30.12 30.1  30.11 30.01 29.97 30.12 30.11 30.11 30.1  30.11
 30.11 30.06 29.93 30.1  30.11 30.11 30.12 30.02 30.   30.1  30.12 30.11
 30.1  30.09 31.76 31.7  31.5  31.51 31.44 31.42 31.4  31.15 31.7  31.71
 31.32 31.57 31.37 31.46 31.45 31.45 31.46 31.38 31.48 31.36 31.36 31.38
 31.45 31.41 31.37 31.35 31.31 31.31 31.35 31.31 31.26 31.34 31.38 31.36
 31.31 31.34 31.35 31.31 31.33 31.35 31.35 31.29 31.35 31.36 31.37 31.3
 31.31 31.31 31.26 31.3  31.28 31.29 31.33 31.31 31.34 31.34 31.26 31.27
 31.31 31.31 31.35 31.33 31.34 31.35 31.32 31.32 31.32 31.29 31.32 31.31
 31.35 31.39 31.3  31.31 31.34 31.31 31.18 31.39 31.49 31.49 31.63 31.63
 31.49 31.46 31.64 31.44 31.46 31.48 31.49 31.59 31.46 31.46 31.41 31.54
 31.5  31.64 31.63 31.49 31.37 31.48 31.39 31.4  31.56 31.49 31.51 31.49
 31.59 31.59 31.48 31.49 31.58 31.48 31.49 31.55 31.56 31.59 31.59 31.49
 31.5  31.5  31.5  31.45 31.45 31.57 31.59 31.46 31.47 31.49 31.46 31.46
 31.47 31.49 31.41 31.49 31.57 31.49 31.37 28.85 29.55 29.55 29.43 29.44
 29.47 29.48 30.97 31.   30.96 30.97 30.97 30.99 30.98 30.99 31.   30.99
 31.   30.96 30.98 30.99 30.96 31.02 30.94 30.96 30.97 31.   31.   30.97
 30.99 30.99 31.03 31.04 30.97 30.98 30.99 30.99]","[0.005 0.005 0.005 0.005 0.005 0.005 0.005 0.005 0.005 0.005 0.005 0.005
 0.005 0.005 0.005 0.005 0.005 0.005 0.005 0.005 0.005 0.005 0.005 0.005
 0.005 0.005 0.005 0.005 0.005 0.005 0.005 0.005 0.005 0.005 0.005 0.005
 0.005 0.005 0.005 0.005 0.005 0.005 0.005 0.005 0.005 0.005 0.005 0.005
 0.005 0.005 0.005 0.005 0.005 0.005 0.005 0.005 0.005 0.005 0.005 0.005
 0.005 0.005 0.005 0.005 0.005 0.005 0.005 0.005 0.005 0.005 0.005 0.005
 0.005 0.005 0.005 0.005 0.005 0.005 0.005 0.005 0.005 0.005 0.005 0.005
 0.005 0.005 0.005 0.005 0.005 0.005 0.005 0.005 0.005 0.005 0.005 0.005
 0.005 0.005 0.005 0.005 0.005 0.005 0.005 0.005 0.005 0.005 0.005 0.005
 0.005 0.005 0.005 0.005 0.005 0.005 0.005 0.005 0.005 0.005 0.005 0.005
 0.005 0.005 0.005 0.005 0.005 0.005 0.005 0.005 0.005 0.005 0.005 0.005
 0.005 0.005 0.005 0.005 0.005 0.005 0.005 0.005 0.005 0.005 0.005 0.005
 0.005 0.005 0.005 0.005 0.005 0.005 0.005 0.005 0.005 0.005 0.005 0.005
 0.005 0.005 0.005 0.005 0.005 0.005 0.005 0.005 0.005 0.005 0.005 0.005
 0.005 0.005 0.005 0.005 0.005 0.005 0.005 0.005 0.005 0.005 0.005 0.005
 0.005 0.005 0.005 0.005 0.005 0.005 0.005 0.005 0.005 0.005 0.005 0.005
 0.005 0.005 0.005 0.005 0.005 0.005 0.005 0.005 0.005 0.005 0.005 0.005
 0.005 0.005 0.005 0.005 0.005 0.005 0.005 0.005]","[1. 1. 1. 1. 1. 1. 1. 1. 1. 1. 1. 1. 1. 1. 1. 1. 1. 1. 1. 1. 1. 1. 1. 1.
 1. 1. 1. 1. 1. 1. 1. 1. 1. 1. 1. 1. 1. 1. 1. 1. 1. 1. 1. 1. 1. 1. 1. 1.
 1. 1. 1. 1. 1. 1. 1. 1. 1. 1. 1. 1. 1. 1. 1. 1. 1. 1. 1. 1. 1. 1. 1. 1.
 1. 1. 1. 1. 1. 1. 1. 1. 1. 1. 1. 1. 1. 1. 1. 1. 1. 1. 1. 1. 1. 1. 1. 1.
 1. 1. 1. 1. 1. 1. 1. 1. 1. 1. 1. 1. 1. 1. 1. 1. 1. 1. 1. 1. 1. 1. 1. 1.
 1. 1. 1. 1. 1. 1. 1. 1. 1. 1. 1. 1. 1. 1. 1. 1. 1. 1. 1. 1. 1. 1. 1. 1.
 1. 1. 1. 1. 1. 1. 1. 1. 1. 1. 1. 1. 1. 1. 1. 1. 1. 1. 1. 1. 1. 1. 1. 1.
 1. 1. 1. 1. 1. 1. 1. 1. 1. 1. 1. 1. 1. 1. 1. 1. 1. 1. 1. 1. 1. 1. 1. 1.
 1. 1. 1. 1. 1. 1. 1. 1. 1. 1. 1. 1. 1. 1. 1. 1. 1. 1. 1. 1.]","[14.731603  14.870356  14.875771  14.733788  14.740098  14.733681
 14.733788  14.739939  14.740045  14.865977  14.863866  14.782413
 14.775265  14.652     14.652     14.652409  14.6524315 14.887832
 14.88524   14.835858  14.891778  14.892     14.7790575 14.65868
 14.656079  14.861778  14.745414  14.809964  14.809942  14.809
 14.809     14.689488  14.686203  14.888018  14.78      14.78008
 14.652416  14.652     16.867085  16.866505  16.760265  16.759947
 16.67572   16.772177  16.717833  16.547153  16.863062  16.862907
 16.567362  16.414968  16.798182  16.745613  16.807106  16.661592
 16.58907   16.798088  16.790035  16.66269   16.662512  16.85434
 16.78693   16.544027  16.452778  14.524217  14.398058  14.365168
 14.6495695 14.574631  14.575859  14.5512085 14.538707  14.388566
 14.440372  14.6294775 14.55407   14.423265  14.410009  14.543017
 14.461733  14.588407  14.612106  14.573947  14.565267  14.540521
 14.584466  14.555231  14.535372  14.553987  14.366205  14.366276
 14.642934  14.45093   14.64831   14.648238  14.528155  14.528044
 14.460342  14.497691  14.587632  14.588201  14.46237   14.553987
 14.54838   14.4182    14.418021  14.367734  14.357451  14.371429
 14.449076  14.496523  14.612616  14.630119  14.562279  14.541094
 14.563885  15.539458  15.374081  15.339546  15.613045  15.410266
 15.603717  15.566089  15.698991  15.695733  15.363797  15.611584
 15.426681  15.665822  15.683363  15.599146  15.612156  15.3247595
 15.69868   15.622801  15.585889  15.437928  15.452575  15.359557
 15.491639  15.644946  15.599549  15.641212  15.4406805 15.490159
 15.6836815 15.683593  15.694456  15.45278   15.619053  15.587177
 15.38504   15.503116  15.503257  15.583942  15.547431  15.680289
 15.399093  15.398848  15.614667  15.54624   15.546168  15.492239
 15.49204   15.687547  15.684336  15.35557   15.375528  15.332591
 15.487654  15.699831  15.590655  15.6665325 15.572133  15.699358
 15.586466  17.65739   17.80727   17.807514  17.315157  17.696117
 17.237585  17.7463    14.412973  14.480239  14.501155  14.504961
 14.498654  14.349     14.4976225 14.38308   14.359778  14.491191
 14.412499  14.516853  14.537372  14.477178  14.5218935 14.535284
 14.470054  14.329447  14.329514  14.572314  14.447134  14.42824
 14.511616  14.419235  14.488182  14.509414  14.342956  14.3919115
 14.541401  14.477558 ]",143.73395676731676,-55.78642237486585,190,212,1167,1378,1.3790938,0.06895469,-9.0,-9.0,-9.0,-9.0,0.0,0.0,0,0,0,0,-9.0,-9.0,-9.0,-9.0,-999.0,-999.0,-9.0,-9.0,-99.0,-9999.0,-9999.0,-9999.0,-9999.0,-9999.0,-9999.0,-9999.0,-9999.0,-9999.0,0,-9999.0,0,,,,,,,,,,,,999.0,999.0,999.0,999.0,999.0,999.0,999.0,999.0,999.0,999.0,999.0,999.0,0,0,-9.0,-9.0,-9.0,-9.0,-999.0,-999.0,-9.0,-9.0,-9999.0,-9999.0,-9999.0,-9999.0,-9999.0,-9999.0,-9999.0,-9999.0,-9999.0,0,-9999.0,0,999.0,999.0,999.0,999.0,999.0,999.0,999.0,999.0,999.0,999.0,999.0,999.0,,,,,,,,,,,,-999.0,-999.0,-999.0,-999.0,-999.0,-999.0,60795.203,60802.04,60802.04,61888.22,LCLIB,12,90,ZTFDR3VS,84618,8217,1,0,5,0.0,0.0,0.0,2,0.0,-9,0.0,0.0,143.7339630126953,-55.78642272949219,0.0,60796.0,-9.0,0.0,-9.0,-9.0,17.84561,16.806578,15.622579,14.578062,14.499547,14.793062,1.0,1.0,1.0,1.0,1.0,1.0,,,,,,,-9,17.491592,16.566174,15.46185,14.462646,14.413071,14.725238,,,,,,,,,,,,,,,,,,,,,,,,,,,,
155481312,"[60806.3677 60813.3359 60813.3593 60841.2556 60841.2784 60868.18
 60868.1805 60897.1294 60897.1522 60922.0593 60922.0821 61132.3275
 61154.3689 61154.3763 61154.3791 61154.3864 61161.2661 61168.3642
 61195.3262 61242.994  61243.0166 61486.2472 61486.2698 61513.2606
 61515.2673 61515.291  61549.3446 61549.3671 61552.3834 61596.2416
 61606.0632 61842.365  61871.2957 60815.369  60823.3856 60830.0616
 60843.2388 60844.2095 60845.2511 60854.1464 61171.3517 61172.1766
 61175.1921 61198.1276 61210.1058 61230.0305 61232.0387 61232.1677
 61236.0243 61236.9815 61252.1116 61284.0631 61479.346  61499.363
 61558.1602 61559.3168 61619.1388 61619.1407 61643.0419 61646.0371
 61839.3479 61849.3127 61879.2524 61879.2529 61889.2564 61889.2569
 60816.3318 60830.3016 60832.2946 60842.1067 60847.9783 60847.9788
 60881.0196 60884.0311 60886.0221 60903.0912 60903.0926 60911.0412
 60912.1173 60913.1157 60915.0533 60923.0775 61140.2826 61145.2934
 61145.2938 61152.3675 61159.2029 61170.2085 61173.2179 61182.3339
 61198.2995 61206.2659 61209.1063 61215.109  61215.1095 61223.2052
 61223.2071 61224.0121 61224.211  61239.1722 61267.1121 61268.1022
 61277.0467 61278.0505 61285.0672 61497.314  61505.3114 61507.4051
 61516.3012 61540.3204 61541.1874 61551.3176 61553.2956 61613.0321
 61614.1999 61615.2411 61635.0786 61653.0222 61675.0773 61825.3755
 61853.3579 61854.3626 61867.2871 61868.3015 61871.3424 61872.3368
 61884.3092 60815.3928 60816.3078 60817.3043 60823.4094 60830.0854
 60843.2631 60844.234  60845.2755 60856.1005 60876.2615 60878.1572
 60879.0174 60912.0933 60913.0917 60915.0779 60923.0535 61140.2587
 61140.3938 61145.2694 61145.2699 61170.1846 61173.1939 61173.2152
 61175.2168 61198.1038 61206.2411 61210.1298 61223.9883 61230.0544
 61232.1925 61236.0489 61237.0053 61252.086  61267.088  61268.1265
 61278.0748 61282.0582 61284.0385 61285.0425 61428.365  61428.3681
 61428.3712 61428.3743 61479.37   61505.2872 61511.2772 61516.2763
 61530.2224 61540.3453 61541.1632 61558.1844 61559.2926 61614.1761
 61615.2172 61619.1629 61619.1647 61643.0664 61646.0613 61647.1015
 61647.1019 61675.0533 61788.361  61788.3641 61788.3672 61788.3703
 61839.3717 61849.3392 61853.3336 61868.2776 61871.3182 61872.3123
 61879.2764 61879.2768 61885.3797 61889.2807 61889.2812 60849.343
 60854.1216 60856.0764 60876.2385 60878.1811 60878.9939 60806.3436
 60832.319  60842.1316 60848.0021 60848.0025 60848.2103 60848.2108
 60868.1557 60868.1562 60880.9957 60884.0559 60885.9976 60903.116
 60903.1173 60911.0654 61132.3034 61142.4169 61152.3927 61159.2267
 61168.3401 61182.358  61195.3022 61198.2753 61209.1308 61215.1337
 61215.1341 61223.2293 61223.2311 61239.1963 61277.0708 61424.3626
 61424.3657 61424.3687 61424.3718 61462.3977 61497.3381 61507.4175
 61513.2845 61551.3417 61552.3595 61553.3198 61596.2176 61606.039
 61613.0569 61635.1025 61652.9972 61825.3868 61842.3765 61854.3741
 61867.3111 61871.2714 61884.2839]","['Y' 'Y' 'Y' 'Y' 'Y' 'Y' 'Y' 'Y' 'Y' 'Y' 'Y' 'Y' 'Y' 'Y' 'Y' 'Y' 'Y' 'Y'
 'Y' 'Y' 'Y' 'Y' 'Y' 'Y' 'Y' 'Y' 'Y' 'Y' 'Y' 'Y' 'Y' 'Y' 'Y' 'g' 'g' 'g'
 'g' 'g' 'g' 'g' 'g' 'g' 'g' 'g' 'g' 'g' 'g' 'g' 'g' 'g' 'g' 'g' 'g' 'g'
 'g' 'g' 'g' 'g' 'g' 'g' 'g' 'g' 'g' 'g' 'g' 'g' 'i' 'i' 'i' 'i' 'i' 'i'
 'i' 'i' 'i' 'i' 'i' 'i' 'i' 'i' 'i' 'i' 'i' 'i' 'i' 'i' 'i' 'i' 'i' 'i'
 'i' 'i' 'i' 'i' 'i' 'i' 'i' 'i' 'i' 'i' 'i' 'i' 'i' 'i' 'i' 'i' 'i' 'i'
 'i' 'i' 'i' 'i' 'i' 'i' 'i' 'i' 'i' 'i' 'i' 'i' 'i' 'i' 'i' 'i' 'i' 'i'
 'i' 'r' 'r' 'r' 'r' 'r' 'r' 'r' 'r' 'r' 'r' 'r' 'r' 'r' 'r' 'r' 'r' 'r'
 'r' 'r' 'r' 'r' 'r' 'r' 'r' 'r' 'r' 'r' 'r' 'r' 'r' 'r' 'r' 'r' 'r' 'r'
 'r' 'r' 'r' 'r' 'r' 'r' 'r' 'r' 'r' 'r' 'r' 'r' 'r' 'r' 'r' 'r' 'r' 'r'
 'r' 'r' 'r' 'r' 'r' 'r' 'r' 'r' 'r' 'r' 'r' 'r' 'r' 'r' 'r' 'r' 'r' 'r'
 'r' 'r' 'r' 'r' 'r' 'u' 'u' 'u' 'u' 'u' 'u' 'z' 'z' 'z' 'z' 'z' 'z' 'z'
 'z' 'z' 'z' 'z' 'z' 'z' 'z' 'z' 'z' 'z' 'z' 'z' 'z' 'z' 'z' 'z' 'z' 'z'
 'z' 'z' 'z' 'z' 'z' 'z' 'z' 'z' 'z' 'z' 'z' 'z' 'z' 'z' 'z' 'z' 'z' 'z'
 'z' 'z' 'z' 'z' 'z' 'z' 'z' 'z' 'z']","[4096 4096 4096 4096 4096 4096 4096 4096 4096 4096 4096 4096 4096 4096
 4096 4096 4096 4096    0 4096 4096 4096 4096 4096 4096 4096 4096 4096
 4096 4096 4096 4096 4096 4096 4096 4096 4096 4096 4096 4096 4096 4096
 4096 4096 4096 4096 4096 4096 4096 4096 4096 4096 4096 4096 4096 4096
 4096 4096 4096 4096 4096 4096 4096 4096 4096 4096 4096 4096 4096    0
 4096 4096 4096 4096 4096 4096 4096 4096 4096 4096 4096 4096 4096 4096
 4096 4096 4096 4096 4096 4096 4096 4096 4096 4096 4096 4096 4096 4096
 4096 4096 4096 4096 4096 4096 4096 4096 4096 4096 4096 4096 4096 4096
 4096 4096 4096 4096 4096 4096 4096 4096 4096 4096 4096 4096 4096 4096
 4096 4096 4096 4096 4096 4096 4096 4096 4096 4096 4096 4096 4096 4096
 4096 4096 4096 4096 4096 4096 4096 4096 4096 4096 4096 4096 4096 4096
 4096 4096 4096 4096 4096 4096 4096 4096 4096 4096 4096 4096 4096 4096
 4096 4096 4096 4096 4096 4096 4096 4096 4096 4096 4096 4096 4096 4096
 4096 4096 4096 4096 4096 4096 4096 4096 4096 4096 4096 4096 4096 4096
 4096 4096 4096 4096 4096 4096 4096 4096 4096 4096    0 4096 4096 6144
 4096 4096 4096 4096 4096 4096 4096 4096 4096 4096 4096 4096 4096 4096
 4096 4096 4096 4096 4096 4096 4096 4096 4096 4096 4096 4096 4096 4096
 4096 4096 4096 4096 4096 4096 4096 4096 4096 4096 4096 4096 4096 4096
 4096 4096 4096 4096 4096 4096 4096 4096 4096]","[-9. -9. -9. -9. -9. -9. -9. -9. -9. -9. -9. -9. -9. -9. -9. -9. -9. -9.
 -9. -9. -9. -9. -9. -9. -9. -9. -9. -9. -9. -9. -9. -9. -9. -9. -9. -9.
 -9. -9. -9. -9. -9. -9. -9. -9. -9. -9. -9. -9. -9. -9. -9. -9. -9. -9.
 -9. -9. -9. -9. -9. -9. -9. -9. -9. -9. -9. -9. -9. -9. -9. -9. -9. -9.
 -9. -9. -9. -9. -9. -9. -9. -9. -9. -9. -9. -9. -9. -9. -9. -9. -9. -9.
 -9. -9. -9. -9. -9. -9. -9. -9. -9. -9. -9. -9. -9. -9. -9. -9. -9. -9.
 -9. -9. -9. -9. -9. -9. -9. -9. -9. -9. -9. -9. -9. -9. -9. -9. -9. -9.
 -9. -9. -9. -9. -9. -9. -9. -9. -9. -9. -9. -9. -9. -9. -9. -9. -9. -9.
 -9. -9. -9. -9. -9. -9. -9. -9. -9. -9. -9. -9. -9. -9. -9. -9. -9. -9.
 -9. -9. -9. -9. -9. -9. -9. -9. -9. -9. -9. -9. -9. -9. -9. -9. -9. -9.
 -9. -9. -9. -9. -9. -9. -9. -9. -9. -9. -9. -9. -9. -9. -9. -9. -9. -9.
 -9. -9. -9. -9. -9. -9. -9. -9. -9. -9. -9. -9. -9. -9. -9. -9. -9. -9.
 -9. -9. -9. -9. -9. -9. -9. -9. -9. -9. -9. -9. -9. -9. -9. -9. -9. -9.
 -9. -9. -9. -9. -9. -9. -9. -9. -9. -9. -9. -9. -9. -9. -9. -9. -9. -9.
 -9. -9. -9. -9. -9. -9. -9. -9. -9.]","[ 25985.363   -30080.738   -29985.379   -29586.285   -28794.996
 -12767.002   -12971.255   -20210.35    -19680.117    28459.799
  28860.111   -20605.664   -23788.172   -24469.78    -23981.18
 -24082.793    24307.646   -28665.055      724.19354 -20766.635
 -20600.543   -15769.215   -16966.834    11281.406   -16616.094
 -16449.867    28807.89     29263.76     -9084.088    12449.242
 -11182.371   -24451.209    19771.23      6075.106    -3294.076
   2166.9824    5413.2563     461.25662  -5174.6045   -3662.6157
   2169.5188   -2509.4287    5816.785     6243.532    -4864.1035
   6885.2153   -1966.4825   -2774.5312    1633.1384   -3896.8474
  -5160.4883   -4887.8926    6266.183     -995.07874   5112.491
   -957.1108    -211.89722   -194.40979  -4809.8906    3853.708
   5776.7217    2185.0054   -5309.724    -5373.865     6843.246
   6777.8633   16020.228    13514.073   -20897.496       67.23254
  21272.816    21478.557    13969.208    16644.053     3412.9385
  22230.7      22268.549   -13531.952    21522.357    17359.904
 -21986.738     -907.6293  -14115.619   -22593.738   -22297.498
  21455.078   -22754.174    19839.824   -22425.47    -22874.66
  22268.404   -10485.489    -3426.6936  -21219.277   -21127.834
 -11226.56    -11351.399   -22193.465   -21404.822    16847.168
  20483.438    19069.137    20677.393     3139.1746   10743.016
  14083.036   -22339.387    21879.121    21551.102    17730.45
  -3688.9392  -22665.787    22215.12     20464.053    16471.715
 -12010.9     -15279.589   -21801.51     -8047.7896   21965.111
  21421.297     8386.627    20940.076     5545.976    21062.008
  18426.902    -6331.63     13214.157     6835.3696   -7322.5835
  -7062.5874    7523.435    12317.573     3641.4983  -11383.493
   9030.036     6814.062   -11676.829     3652.1938   13112.424
   7615.817   -11688.793    -2380.9644   -9103.526   -10846.276
 -12483.08    -12443.916    12986.646   -11926.253   -11873.034
  12956.766    13287.575    -5865.475   -11808.1455  -11663.818
  12785.292    -4424.5303    6313.0684   -7428.7944  -11832.316
  12949.462     8346.391     -958.75586   7553.5396  -11683.607
   9607.47     13080.554    12760.246    12831.894    12909.112
  13133.967   -11821.551    12753.081    13182.9795   13142.865
   7522.002    -3971.165    11898.266      794.1938    6988.1724
  -7905.2666    2061.5513    2003.9749  -10314.329    10244.394
  -1876.9043   -1907.2363   -6010.434    13196.991    13081.366
  13120.406    13255.056    12711.312     7482.129    12199.721
    971.9764   12986.127     8342.763   -12067.646   -11981.577
  13142.136    10907.062    11030.735     -531.0452    -697.8375
   1209.42        87.39114   -759.8801     629.4099   29812.86
 -28472.879    -4826.0254   29932.72     29924.305    30416.168
  30182.201   -15900.848   -15810.479    25174.863    17277.475
  10508.993    29940.672    29689.348   -18743.75    -24423.27
  20069.742    30043.236   -32807.55    -31249.584   -32863.31
  -1469.987    30119.373    -1152.7943  -28394.314   -28268.424
 -13474.875   -13563.719    17634.701    30217.998    30088.688
  30150.299    30031.297    29744.438    14413.215    12244.112
  30084.094     8195.247   -32742.264    -6068.5864   28940.55
  11332.794   -14259.449    26072.758   -20723.672   -31573.736
  28761.352   -28273.045    16259.153    30074.477    24713.586
 -14115.204  ]","[199.95073  200.80624  201.07268  196.56038  196.75412  156.05756
 154.97821  177.4012   176.07416  210.0675   212.44987  170.48773
 180.99777  180.80876  183.27786  183.09842  192.25348  196.51204
 152.5989   175.43018  172.4961   172.34846  169.75682  160.23848
 162.84634  160.74112  214.91475  220.41599  164.72963  170.01599
 155.63197  183.26282  179.10707   43.69547   32.307926  30.478798
  40.24829   25.920456  36.332897  31.634577  29.898605  29.672035
  44.015465  45.002094  35.693027  49.111485  28.331186  29.51646
  30.06279   33.495747  40.764103  35.65382   45.452805  26.75365
  40.83228   27.90222   28.153517  28.20173   35.826897  36.11033
  41.727795  29.625608  37.186783  37.084774  47.785748  47.69822
 106.81427   97.57331  120.64076   67.87647  129.41443  129.7354
  98.44545  108.52404   70.77706  131.14763  131.16554   92.2557
 128.6618   112.034744 123.634995  68.75281   94.47423  126.51719
 126.55893  127.394066 127.15396  120.746864 125.919464 127.5215
 130.27043   84.19041   69.84288  119.765854 119.76478   84.6746
  84.84306  125.48709  122.273766 109.875114 124.334404 117.25351
 123.13894   69.31487   88.38788   98.295425 124.98077  128.8384
 126.753006 112.66661   69.210335 126.8041   129.90802  124.04212
 108.67585   90.307686  97.92561  123.086655  79.62122  130.38733
 127.28102   81.53777  124.977684  73.602264 123.94901  113.7265
  73.12133   81.48836   56.884758  54.770245  56.571358  59.042015
  77.10987   47.900738  69.39857   64.060974  60.010937  71.37079
  49.07012   81.69511   60.2558    71.0133    44.064068  60.07746
  66.188126  73.75735   73.75972   80.482216  71.83546   71.54293
  80.31622   81.95554   51.136143  71.44182   72.098854  80.42238
  48.262383  55.99134   56.65872   70.02145   81.054214  63.115158
  42.669518  58.492245  70.80085   67.299904 110.06717  108.01162
 108.20003  114.18831   81.144     71.62383   79.53651   80.02177
  81.62519   59.414646  45.733467  76.06208   45.016342  58.5577
  58.772846  46.809444  47.09597   66.043755  69.42525   45.55159
  45.552395  52.6158   102.10903  101.430176 101.31121  101.21415
  79.50402   58.955376  76.598335  43.225925  79.455574  60.760773
  71.78265   71.78383   81.24488   72.630775  72.68748   43.0201
  26.679241  35.735195  38.909866  30.969536  34.59263  171.50668
 159.4727    95.99508  173.80756  174.19502  173.7874   173.23227
 117.08267  116.58295  154.09492  126.61892  108.513176 171.29791
 171.62067  125.58774  143.06628  135.46863  172.92744  175.41006
 169.63077  177.00172   96.408905 170.98294   94.73598  157.74324
 157.73854  110.43675  111.047935 130.2785   172.21115  208.89539
 208.48798  208.05237  208.49931  121.009285 112.64964  171.34491
 103.41449  176.4557    99.08223  169.6822   113.394806 112.635864
 156.95755  131.62065  171.22113  167.60252  157.557    123.325424
 171.64827  151.39227  112.7771  ]","[1.52 2.66 2.03 1.74 1.81 1.69 1.5  3.07 2.52 1.95 1.96 1.56 2.35 1.98
 2.64 2.27 1.91 2.57 2.07 2.4  2.19 2.28 1.97 1.54 1.54 1.62 2.79 3.52
 3.11 2.73 2.89 2.21 1.59 1.86 2.05 1.77 1.8  1.35 2.54 1.9  2.36 2.39
 2.71 2.08 2.91 3.85 1.75 1.67 2.49 3.81 4.07 1.5  1.58 1.46 2.18 2.38
 3.   2.67 2.39 1.9  1.52 1.93 2.03 2.   1.99 1.98 1.72 1.99 1.65 1.77
 3.42 3.51 1.84 2.3  1.35 2.43 2.47 2.6  2.09 2.25 1.72 2.26 1.87 3.09
 3.11 2.81 2.33 1.65 2.08 1.82 2.44 1.94 1.9  1.78 1.8  1.79 1.82 2.76
 2.7  2.58 4.06 1.69 2.51 1.48 1.77 1.7  1.32 1.54 1.69 1.61 1.59 2.3
 1.99 2.38 2.42 3.08 2.08 1.94 1.82 2.44 1.4  2.16 1.98 1.72 1.29 1.63
 1.3  2.11 1.71 1.41 2.1  1.6  2.08 1.96 2.21 1.25 2.77 3.09 2.13 1.79
 1.68 2.16 2.17 1.69 1.57 1.51 1.46 1.53 2.37 2.33 2.17 2.3  1.73 2.28
 3.04 2.61 2.01 2.   3.97 1.55 2.66 1.91 1.85 1.8  1.54 2.24 4.78 4.49
 4.51 5.4  1.58 2.39 1.72 1.38 2.33 1.68 1.49 2.1  2.47 2.02 3.12 2.52
 2.92 2.54 1.7  2.3  2.32 1.68 3.28 3.02 3.08 2.94 1.49 2.6  1.42 1.95
 1.42 1.67 1.94 1.92 1.42 1.71 1.7  3.74 1.85 1.46 3.26 3.34 2.01 1.8
 1.47 1.46 2.72 2.78 2.95 2.51 1.83 1.52 2.43 1.94 1.58 2.24 2.28 1.55
 1.73 1.6  3.03 2.39 1.97 1.97 2.57 2.48 1.47 1.48 1.49 1.36 1.43 3.29
 1.5  2.66 2.5  2.27 2.13 3.18 1.38 1.61 1.52 2.36 2.12 2.96 3.16 2.14
 2.62 1.55 2.19 1.71 2.1  1.55 1.33 1.4  1.32]","[47.81 43.32 44.13 43.83 44.56 46.62 46.78 46.03 47.01 46.15 47.01 46.41
 40.33 40.27 40.51 40.42 49.06 42.89 46.7  42.27 41.77 49.41 48.32 42.86
 46.36 45.83 47.36 48.51 45.08 42.58 44.22 43.97 47.32 29.78 15.7  32.11
 34.43 24.3  21.34 15.69 22.2  15.53 15.51 16.03 15.73 15.34 15.52 15.52
 15.28 15.53 64.84 16.2  16.25 16.11 15.8  15.96 15.4  15.21 15.79 15.95
 36.92 28.87 18.63 18.35 15.23 15.6  34.23 32.29 37.45 37.74 35.76 36.44
 31.11 31.09 32.39 31.79 32.02 31.39 33.56 33.67 33.27 55.59 39.38 31.22
 30.9  30.96 49.44 33.27 31.09 32.28 37.98 32.38 31.69 42.5  42.1  59.1
 57.72 33.07 49.54 31.79 32.06 32.17 57.39 56.26 33.1  32.4  31.38 31.64
 71.76 31.46 41.18 42.96 35.65 30.83 33.69 35.67 55.66 34.15 36.97 34.46
 31.75 31.23 39.   43.83 61.68 64.23 30.96 34.17 28.39 25.94 25.47 34.43
 36.62 31.24 29.36 24.3  25.01 23.46 23.26 24.25 24.37 25.85 61.   37.86
 37.31 23.8  23.46 23.8  23.37 23.39 23.34 24.3  23.89 23.57 24.65 23.27
 23.55 23.09 23.44 58.99 23.59 24.15 66.36 49.81 24.27 24.37 54.04 54.08
 56.23 58.42 24.13 23.48 23.43 89.38 23.35 23.78 42.83 23.53 24.05 24.01
 24.44 23.85 23.73 23.88 24.13 24.69 24.6  26.48 35.49 36.46 40.35 45.1
 24.41 33.49 24.13 48.18 75.44 77.56 27.4  26.96 23.5  22.98 23.34  3.77
  4.9   5.31  4.31  4.59  4.78 58.93 43.65 45.24 46.39 47.37 41.2  41.01
 56.58 57.29 41.64 40.52 41.81 42.99 43.48 42.14 58.72 55.3  41.45 49.8
 46.63 43.84 54.63 44.16 41.11 45.9  45.81 57.2  56.78 43.23 56.45 48.05
 52.12 58.55 74.29 69.05 41.63 54.71 46.77 48.62 47.9  44.3  42.83 53.32
 40.41 54.98 42.35 45.93 51.   40.96 43.8  60.68 40.99]","[0.25 0.25 0.25 0.25 0.25 0.25 0.25 0.25 0.25 0.25 0.25 0.25 0.25 0.25
 0.25 0.25 0.25 0.25 0.25 0.25 0.25 0.25 0.25 0.25 0.25 0.25 0.25 0.25
 0.25 0.25 0.25 0.25 0.25 0.25 0.25 0.25 0.25 0.25 0.25 0.25 0.25 0.25
 0.25 0.25 0.25 0.25 0.25 0.25 0.25 0.25 0.25 0.25 0.25 0.25 0.25 0.25
 0.25 0.25 0.25 0.25 0.25 0.25 0.25 0.25 0.25 0.25 0.25 0.25 0.25 0.25
 0.25 0.25 0.25 0.25 0.25 0.25 0.25 0.25 0.25 0.25 0.25 0.25 0.25 0.25
 0.25 0.25 0.25 0.25 0.25 0.25 0.25 0.25 0.25 0.25 0.25 0.25 0.25 0.25
 0.25 0.25 0.25 0.25 0.25 0.25 0.25 0.25 0.25 0.25 0.25 0.25 0.25 0.25
 0.25 0.25 0.25 0.25 0.25 0.25 0.25 0.25 0.25 0.25 0.25 0.25 0.25 0.25
 0.25 0.25 0.25 0.25 0.25 0.25 0.25 0.25 0.25 0.25 0.25 0.25 0.25 0.25
 0.25 0.25 0.25 0.25 0.25 0.25 0.25 0.25 0.25 0.25 0.25 0.25 0.25 0.25
 0.25 0.25 0.25 0.25 0.25 0.25 0.25 0.25 0.25 0.25 0.25 0.25 0.25 0.25
 0.25 0.25 0.25 0.25 0.25 0.25 0.25 0.25 0.25 0.25 0.25 0.25 0.25 0.25
 0.25 0.25 0.25 0.25 0.25 0.25 0.25 0.25 0.25 0.25 0.25 0.25 0.25 0.25
 0.25 0.25 0.25 0.25 0.25 0.25 0.25 0.25 0.25 0.25 0.25 0.25 0.25 0.25
 0.25 0.25 0.25 0.25 0.25 0.25 0.25 0.25 0.25 0.25 0.25 0.25 0.25 0.25
 0.25 0.25 0.25 0.25 0.25 0.25 0.25 0.25 0.25 0.25 0.25 0.25 0.25 0.25
 0.25 0.25 0.25 0.25 0.25 0.25 0.25 0.25 0.25 0.25 0.25 0.25 0.25 0.25
 0.25 0.25 0.25 0.25 0.25 0.25 0.25 0.25 0.25]","[30.11 30.11 30.09 30.12 30.1  30.12 30.13 30.09 30.06 30.1  30.07 30.14
 30.12 30.12 30.11 30.11 30.15 30.1  30.07 30.1  30.12 29.98 30.03 30.12
 30.13 30.14 30.08 30.05 30.   30.06 30.14 30.12 30.14 31.65 31.4  31.6
 31.74 31.69 31.62 31.56 31.64 31.5  31.51 31.53 31.52 31.49 31.53 31.54
 31.51 31.47 31.78 31.52 31.54 31.58 31.54 31.5  31.49 31.48 31.53 31.54
 31.72 31.67 31.57 31.58 31.53 31.54 31.33 31.31 31.34 31.35 31.23 31.22
 31.32 31.32 31.34 31.31 31.31 31.32 31.29 31.29 31.33 31.35 31.35 31.31
 31.31 31.31 31.36 31.33 31.32 31.31 31.33 31.31 31.32 31.37 31.37 31.39
 31.39 31.29 31.37 31.31 31.3  31.32 31.39 31.39 31.31 31.33 31.33 31.33
 31.42 31.33 31.36 31.36 31.34 31.32 31.28 31.22 31.38 31.33 31.24 31.31
 31.33 31.32 31.35 31.37 31.41 31.41 31.34 31.53 31.57 31.56 31.41 31.57
 31.6  31.58 31.54 31.55 31.41 31.5  31.52 31.5  31.51 31.52 31.64 31.6
 31.63 31.53 31.53 31.52 31.51 31.52 31.52 31.51 31.53 31.52 31.46 31.51
 31.51 31.52 31.5  31.67 31.51 31.5  31.65 31.63 31.53 31.52 30.66 30.67
 30.69 30.7  31.54 31.51 31.52 31.68 31.51 31.52 31.61 31.53 31.51 31.49
 31.43 31.49 31.48 31.51 31.52 31.48 31.48 31.47 30.59 30.6  30.63 30.65
 31.54 31.59 31.53 31.63 31.68 31.68 31.56 31.56 31.53 31.53 31.53 28.89
 29.66 29.7  29.25 29.46 29.58 31.03 30.99 31.02 30.96 30.95 30.99 31.
 31.03 31.04 30.99 31.   31.01 30.99 30.98 31.   31.03 31.03 30.99 31.01
 31.01 30.98 31.01 31.   31.01 31.02 31.02 31.03 31.02 30.98 31.03 30.13
 30.14 30.15 30.17 31.03 31.01 31.03 31.02 31.   30.99 30.99 30.98 31.03
 31.   31.02 31.   31.   31.02 31.01 31.01 31.03 31.01]","[0.005 0.005 0.005 0.005 0.005 0.005 0.005 0.005 0.005 0.005 0.005 0.005
 0.005 0.005 0.005 0.005 0.005 0.005 0.005 0.005 0.005 0.005 0.005 0.005
 0.005 0.005 0.005 0.005 0.005 0.005 0.005 0.005 0.005 0.005 0.005 0.005
 0.005 0.005 0.005 0.005 0.005 0.005 0.005 0.005 0.005 0.005 0.005 0.005
 0.005 0.005 0.005 0.005 0.005 0.005 0.005 0.005 0.005 0.005 0.005 0.005
 0.005 0.005 0.005 0.005 0.005 0.005 0.005 0.005 0.005 0.005 0.005 0.005
 0.005 0.005 0.005 0.005 0.005 0.005 0.005 0.005 0.005 0.005 0.005 0.005
 0.005 0.005 0.005 0.005 0.005 0.005 0.005 0.005 0.005 0.005 0.005 0.005
 0.005 0.005 0.005 0.005 0.005 0.005 0.005 0.005 0.005 0.005 0.005 0.005
 0.005 0.005 0.005 0.005 0.005 0.005 0.005 0.005 0.005 0.005 0.005 0.005
 0.005 0.005 0.005 0.005 0.005 0.005 0.005 0.005 0.005 0.005 0.005 0.005
 0.005 0.005 0.005 0.005 0.005 0.005 0.005 0.005 0.005 0.005 0.005 0.005
 0.005 0.005 0.005 0.005 0.005 0.005 0.005 0.005 0.005 0.005 0.005 0.005
 0.005 0.005 0.005 0.005 0.005 0.005 0.005 0.005 0.005 0.005 0.005 0.005
 0.005 0.005 0.005 0.005 0.005 0.005 0.005 0.005 0.005 0.005 0.005 0.005
 0.005 0.005 0.005 0.005 0.005 0.005 0.005 0.005 0.005 0.005 0.005 0.005
 0.005 0.005 0.005 0.005 0.005 0.005 0.005 0.005 0.005 0.005 0.005 0.005
 0.005 0.005 0.005 0.005 0.005 0.005 0.005 0.005 0.005 0.005 0.005 0.005
 0.005 0.005 0.005 0.005 0.005 0.005 0.005 0.005 0.005 0.005 0.005 0.005
 0.005 0.005 0.005 0.005 0.005 0.005 0.005 0.005 0.005 0.005 0.005 0.005
 0.005 0.005 0.005 0.005 0.005 0.005 0.005 0.005 0.005 0.005 0.005 0.005
 0.005 0.005 0.005 0.005 0.005 0.005 0.005 0.005 0.005]","[1. 1. 1. 1. 1. 1. 1. 1. 1. 1. 1. 1. 1. 1. 1. 1. 1. 1. 1. 1. 1. 1. 1. 1.
 1. 1. 1. 1. 1. 1. 1. 1. 1. 1. 1. 1. 1. 1. 1. 1. 1. 1. 1. 1. 1. 1. 1. 1.
 1. 1. 1. 1. 1. 1. 1. 1. 1. 1. 1. 1. 1. 1. 1. 1. 1. 1. 1. 1. 1. 1. 1. 1.
 1. 1. 1. 1. 1. 1. 1. 1. 1. 1. 1. 1. 1. 1. 1. 1. 1. 1. 1. 1. 1. 1. 1. 1.
 1. 1. 1. 1. 1. 1. 1. 1. 1. 1. 1. 1. 1. 1. 1. 1. 1. 1. 1. 1. 1. 1. 1. 1.
 1. 1. 1. 1. 1. 1. 1. 1. 1. 1. 1. 1. 1. 1. 1. 1. 1. 1. 1. 1. 1. 1. 1. 1.
 1. 1. 1. 1. 1. 1. 1. 1. 1. 1. 1. 1. 1. 1. 1. 1. 1. 1. 1. 1. 1. 1. 1. 1.
 1. 1. 1. 1. 1. 1. 1. 1. 1. 1. 1. 1. 1. 1. 1. 1. 1. 1. 1. 1. 1. 1. 1. 1.
 1. 1. 1. 1. 1. 1. 1. 1. 1. 1. 1. 1. 1. 1. 1. 1. 1. 1. 1. 1. 1. 1. 1. 1.
 1. 1. 1. 1. 1. 1. 1. 1. 1. 1. 1. 1. 1. 1. 1. 1. 1. 1. 1. 1. 1. 1. 1. 1.
 1. 1. 1. 1. 1. 1. 1. 1. 1. 1. 1. 1. 1. 1. 1. 1. 1. 1. 1. 1. 1.]","[14.03056   14.312647  14.313932  14.309566  14.307686  14.219027
 14.219151  14.259071  14.256199  14.018775  14.0181465 14.260603
 14.2781105 14.279533  14.280072  14.281476  14.039544  14.3044405
 14.148959  14.26297   14.260482  14.233889  14.240097  14.09731
 14.241137  14.237219  14.017306  14.017     14.19903   14.091525
 14.209903  14.282341  14.059143  16.339615  16.760963  16.495178
 16.36353   16.571856  16.870005  16.781296  16.495642  16.719366
 16.34783   16.336832  16.84776   16.306923  16.690931  16.730629
 16.519672  16.793333  16.870373  16.850685  16.3313    16.640564
 16.374119  16.63996   16.602055  16.602577  16.852407  16.423397
 16.351366  16.49498   16.881     16.881     16.312658  16.31248
 14.493281  14.512037  14.78423   14.609711  14.459267  14.45928
 14.509723  14.490815  14.584108  14.453     14.453     14.716337
 14.457546  14.485788  14.790698  14.61711   14.723688  14.795781
 14.795803  14.459189  14.798415  14.469053  14.795313  14.798632
 14.454     14.693884  14.6357765 14.783216  14.783189  14.699368
 14.699891  14.792886  14.787466  14.488931  14.465316  14.475318
 14.464462  14.585832  14.531784  14.509535  14.793843  14.45581
 14.457218  14.4827795 14.639545  14.797978  14.454     14.464108
 14.492411  14.703473  14.732562  14.789353  14.672795  14.454285
 14.458263  14.548513  14.461662  14.569121  14.461498  14.478767
 14.658957  15.235     15.322954  15.55301   15.549257  15.313766
 15.246271  15.371273  15.628716  15.294198  15.322575  15.636
 15.370347  15.235     15.312429  15.636     15.467821  15.584514
 15.6177635 15.650729  15.6507435 15.238     15.639635  15.638731
 15.238775  15.234     15.526922  15.638218  15.637197  15.239
 15.50187   15.33107   15.555482  15.637383  15.237     15.301314
 15.442961  15.313324  15.636     15.284023  15.239     15.239
 15.239     15.239     15.235     15.638511  15.241131  15.234904
 15.235     15.315404  15.493613  15.2523365 15.416041  15.321683
 15.563164  15.396154  15.396551  15.609973  15.275899  15.459497
 15.459597  15.530161  15.235     15.235     15.235     15.235
 15.240257  15.3140135 15.250378  15.411854  15.236166  15.3028345
 15.642045  15.642023  15.235044  15.263816  15.263692  19.110836
 19.17465   18.489109  18.834026  19.206778  18.664402  13.981
 14.263828  14.140068  13.981     13.981     13.98      13.98
 14.196002  14.196126  14.002311  14.037624  14.067384  13.982414
 13.982378  14.210618  14.239883  14.023913  13.981     14.28707
 14.279097  14.288968  14.124331  13.982654  14.122904  14.262283
 14.26225   14.183506  14.183952  14.034913  13.98      13.981
 13.981     13.981     13.981     14.04969   14.059223  13.981
 14.0779705 14.288315  14.146159  13.984688  14.062568  14.186903
 13.998613  14.22144   14.281084  13.985973  14.261391  14.041731
 13.981     14.003821  14.187432 ]",256.8340055622073,-38.03519319331958,190,261,6780,7040,2.8021927,0.14010964,-9.0,-9.0,-9.0,-9.0,0.0,0.0,0,0,0,0,-9.0,-9.0,-9.0,-9.0,-999.0,-999.0,-9.0,-9.0,-99.0,-9999.0,-9999.0,-9999.0,-9999.0,-9999.0,-9999.0,-9999.0,-9999.0,-9999.0,0,-9999.0,0,,,,,,,,,,,,999.0,999.0,999.0,999.0,999.0,999.0,999.0,999.0,999.0,999.0,999.0,999.0,0,0,-9.0,-9.0,-9.0,-9.0,-999.0,-999.0,-9.0,-9.0,-9999.0,-9999.0,-9999.0,-9999.0,-9999.0,-9999.0,-9999.0,-9999.0,-9999.0,0,-9999.0,0,999.0,999.0,999.0,999.0,999.0,999.0,999.0,999.0,999.0,999.0,999.0,999.0,,,,,,,,,,,,-999.0,-999.0,-999.0,-999.0,-999.0,-999.0,60796.34,60806.344,60806.344,61889.28,LCLIB,12,90,ZTFDR3VS,70337,10389,1,0,5,0.0,0.0,0.0,2,0.0,-9,0.0,0.0,256.8340148925781,-38.035194396972656,0.0,60796.0,-9.0,0.0,-9.0,-9.0,18.630917,16.453962,15.371273,14.603848,14.143583,14.202424,1.0,1.0,1.0,1.0,1.0,1.0,,,,,,,-9,18.87683,16.593079,15.428564,14.610039,14.116839,14.152891,,,,,,,,,,,,,,,,,,,,,,,,,,,,
99789488,"[61009.3295 61009.34   61013.2378 61013.2611 61038.358  61044.339
 61045.3336 61045.3436 61073.2283 61073.2521 61075.2602 61075.283
 61102.2256 61125.0053 61126.1683 61127.0273 61127.0277 61130.1852
 61130.2079 61153.0434 61153.0438 61153.066  61153.0665 61162.0301
 61162.0305 61162.053  61162.0535 61479.1297 61479.1524 61753.2067
 61774.3196 61774.32   61774.3297 61774.3302 61781.3286 61781.3386
 61782.2891 61807.3375 61807.338  61809.2227 61809.2458 61811.2233
 61811.2474 61812.3058 61833.0929 61834.0429 61834.0653 61837.1783
 61837.1792 61838.1939 61841.2016 61841.2241 61842.2454 61849.0041
 61865.0891 61865.0896 61865.112  61865.1124 61867.1172 61867.1181
 61877.0543 61877.0547 61052.1108 61060.0685 61064.1837 61066.067
 61078.1564 61083.3014 61412.2269 61438.1424 61505.1248 61745.2857
 61798.1129 61798.1179 61801.3078 61824.2019 61850.154  61850.1544
 61854.1272 61879.0766 61886.1077 61005.3411 61016.2639 61031.2204
 61031.2209 61033.3026 61034.2871 61041.2587 61048.133  61048.2993
 61069.1061 61091.2766 61095.057  61101.2477 61101.2491 61103.1699
 61125.9903 61132.1267 61137.1114 61140.14   61155.0543 61155.0552
 61160.0383 61163.0592 61292.4012 61292.4043 61292.4074 61292.4105
 61388.2838 61420.0774 61444.1626 61458.2198 61481.1596 61490.1127
 61514.0664 61514.0669 61540.9791 61754.2718 61754.2722 61766.3412
 61766.3417 61772.2339 61774.2545 61774.2549 61777.3271 61785.3082
 61785.31   61790.3251 61795.2837 61795.2859 61800.1433 61800.1442
 61803.2985 61810.2597 61814.2671 61814.2676 61818.2239 61827.0813
 61827.0822 61828.218  61832.1915 61840.1677 61846.1736 61858.0961
 61858.0965 61861.1087 61861.1096 61870.0829 61872.1009 61872.1014
 61885.1351 61891.0442 60920.407  60920.4072 60920.4102 60920.4104
 60920.4134 60920.4136 60920.4165 60920.4168 61031.1967 61031.1971
 61033.2773 61034.2626 61041.2338 61048.1093 61052.1346 61052.3326
 61060.0922 61066.0912 61078.1815 61114.1999 61114.2004 61117.0439
 61117.1969 61120.1368 61137.0869 61163.0353 61288.4044 61288.4075
 61288.4106 61288.4137 61388.304  61412.2514 61424.2107 61438.1667
 61444.1384 61481.1839 61514.0423 61514.0428 61745.3098 61771.3469
 61771.3479 61772.21   61774.2301 61774.2305 61777.3155 61785.2841
 61785.2859 61798.1369 61800.1673 61800.1682 61801.3318 61803.2744
 61810.2354 61814.2911 61814.2915 61818.248  61824.2258 61827.1055
 61827.1064 61828.1934 61835.1796 61847.1586 61850.178  61850.1785
 61854.1031 61857.1308 61858.1204 61858.1209 61862.1108 61875.0575
 61879.1006 61885.1112 61886.1316 61887.0476 61064.1609 61083.2777
 61086.2692 61114.1778 61114.1782 61117.0208 61117.1738 61120.1134
 61857.1075 61887.0703 61005.354  61016.2879 61027.3518 61038.3462
 61069.1303 61091.2526 61095.0812 61099.1845 61101.2719 61101.2732
 61103.1938 61122.0978 61124.9943 61126.0014 61126.1437 61140.1161
 61141.0419 61155.0288 61155.0297 61160.0624 61397.3541 61403.3477
 61420.1011 61458.2439 61488.131  61490.1371 61541.0034 61754.2473
 61754.2477 61766.3532 61766.3537 61769.3529 61780.3043 61782.3137
 61788.3525 61790.3493 61807.3137 61807.3141 61812.2812 61828.0291
 61832.0256 61832.167  61833.1171 61837.1533 61837.1542 61838.2185
 61840.1438 61846.1984 61848.9933 61861.1328 61867.1412 61867.1421
 61870.1069 61872.1247 61872.1252]","['Y' 'Y' 'Y' 'Y' 'Y' 'Y' 'Y' 'Y' 'Y' 'Y' 'Y' 'Y' 'Y' 'Y' 'Y' 'Y' 'Y' 'Y'
 'Y' 'Y' 'Y' 'Y' 'Y' 'Y' 'Y' 'Y' 'Y' 'Y' 'Y' 'Y' 'Y' 'Y' 'Y' 'Y' 'Y' 'Y'
 'Y' 'Y' 'Y' 'Y' 'Y' 'Y' 'Y' 'Y' 'Y' 'Y' 'Y' 'Y' 'Y' 'Y' 'Y' 'Y' 'Y' 'Y'
 'Y' 'Y' 'Y' 'Y' 'Y' 'Y' 'Y' 'Y' 'g' 'g' 'g' 'g' 'g' 'g' 'g' 'g' 'g' 'g'
 'g' 'g' 'g' 'g' 'g' 'g' 'g' 'g' 'g' 'i' 'i' 'i' 'i' 'i' 'i' 'i' 'i' 'i'
 'i' 'i' 'i' 'i' 'i' 'i' 'i' 'i' 'i' 'i' 'i' 'i' 'i' 'i' 'i' 'i' 'i' 'i'
 'i' 'i' 'i' 'i' 'i' 'i' 'i' 'i' 'i' 'i' 'i' 'i' 'i' 'i' 'i' 'i' 'i' 'i'
 'i' 'i' 'i' 'i' 'i' 'i' 'i' 'i' 'i' 'i' 'i' 'i' 'i' 'i' 'i' 'i' 'i' 'i'
 'i' 'i' 'i' 'i' 'i' 'i' 'i' 'i' 'r' 'r' 'r' 'r' 'r' 'r' 'r' 'r' 'r' 'r'
 'r' 'r' 'r' 'r' 'r' 'r' 'r' 'r' 'r' 'r' 'r' 'r' 'r' 'r' 'r' 'r' 'r' 'r'
 'r' 'r' 'r' 'r' 'r' 'r' 'r' 'r' 'r' 'r' 'r' 'r' 'r' 'r' 'r' 'r' 'r' 'r'
 'r' 'r' 'r' 'r' 'r' 'r' 'r' 'r' 'r' 'r' 'r' 'r' 'r' 'r' 'r' 'r' 'r' 'r'
 'r' 'r' 'r' 'r' 'r' 'r' 'r' 'r' 'r' 'r' 'u' 'u' 'u' 'u' 'u' 'u' 'u' 'u'
 'u' 'u' 'z' 'z' 'z' 'z' 'z' 'z' 'z' 'z' 'z' 'z' 'z' 'z' 'z' 'z' 'z' 'z'
 'z' 'z' 'z' 'z' 'z' 'z' 'z' 'z' 'z' 'z' 'z' 'z' 'z' 'z' 'z' 'z' 'z' 'z'
 'z' 'z' 'z' 'z' 'z' 'z' 'z' 'z' 'z' 'z' 'z' 'z' 'z' 'z' 'z' 'z' 'z' 'z'
 'z' 'z' 'z']","[   0    0    0    0    0    0    0    0    0    0    0    0    0    0
    0    0    0    0    0    0    0    0    0    0    0    0    0    0
    0    0    0    0    0    0    0    0    0    0    0    0    0    0
    0    0    0    0    0    0    0    0    0    0    0    0    0    0
    0    0    0    0    0    0    0    0    0    0    0    0    0    0
    0    0    0    0    0    0 4096 4096    0    0    0    0    0    0
    0 4096    0    0    0 4096    0    0    0 4096    0    0    0    0
    0    0    0    0    0    0    0    0    0    0    0    0    0    0
    0    0    0    0    0    0    0    0    0    0    0    0    0    0
    0    0    0    0    0    0    0 4096    0    0    0    0    0 4096
    0    0    0    0    0 4096    0    0    0    0    0    0    0    0
    0    0    0    0    0    0    0 6144 4096    0    0    0    0    0
    0    0    0    0    0    0    0    0    0    0    0    0    0 4096
    0    0    0    0    0 4096 4096 4096 4096 4096    0    0    0    0
    0    0    0    0 4096 4096    0    0 4096 4096    0    0 4096 4096
 4096    0 4096 4096    0    0    0    0 4096    0    0 4096    0 4096
    0    0    0    0    0    0    0    0    0    0    0    0    0    0
    0    0    0    0 4096    0    0    0    0    0    0    0    0    0
    0    0    0    0    0    0    0    0    0    0    0    0    0    0
    0    0 4096    0    0    0    0    0    0    0    0    0    0    0
    0    0    0    0    0    0    0    0    0    0    0]","[-9. -9. -9. -9. -9. -9. -9. -9. -9. -9. -9. -9. -9. -9. -9. -9. -9. -9.
 -9. -9. -9. -9. -9. -9. -9. -9. -9. -9. -9. -9. -9. -9. -9. -9. -9. -9.
 -9. -9. -9. -9. -9. -9. -9. -9. -9. -9. -9. -9. -9. -9. -9. -9. -9. -9.
 -9. -9. -9. -9. -9. -9. -9. -9. -9. -9. -9. -9. -9. -9. -9. -9. -9. -9.
 -9. -9. -9. -9. -9. -9. -9. -9. -9. -9. -9. -9. -9. -9. -9. -9. -9. -9.
 -9. -9. -9. -9. -9. -9. -9. -9. -9. -9. -9. -9. -9. -9. -9. -9. -9. -9.
 -9. -9. -9. -9. -9. -9. -9. -9. -9. -9. -9. -9. -9. -9. -9. -9. -9. -9.
 -9. -9. -9. -9. -9. -9. -9. -9. -9. -9. -9. -9. -9. -9. -9. -9. -9. -9.
 -9. -9. -9. -9. -9. -9. -9. -9. -9. -9. -9. -9. -9. -9. -9. -9. -9. -9.
 -9. -9. -9. -9. -9. -9. -9. -9. -9. -9. -9. -9. -9. -9. -9. -9. -9. -9.
 -9. -9. -9. -9. -9. -9. -9. -9. -9. -9. -9. -9. -9. -9. -9. -9. -9. -9.
 -9. -9. -9. -9. -9. -9. -9. -9. -9. -9. -9. -9. -9. -9. -9. -9. -9. -9.
 -9. -9. -9. -9. -9. -9. -9. -9. -9. -9. -9. -9. -9. -9. -9. -9. -9. -9.
 -9. -9. -9. -9. -9. -9. -9. -9. -9. -9. -9. -9. -9. -9. -9. -9. -9. -9.
 -9. -9. -9. -9. -9. -9. -9. -9. -9. -9. -9. -9. -9. -9. -9. -9. -9. -9.
 -9. -9. -9. -9. -9. -9. -9. -9. -9. -9. -9. -9. -9. -9. -9. -9. -9. -9.
 -9. -9. -9.]","[ 4.84301071e+01 -4.54248390e+01 -6.14282227e+01 -1.95619221e+01
 -1.44011412e+01 -2.00195670e+00 -3.02552319e+01  1.48669100e+01
  3.43049850e+01 -1.11101332e+01 -3.34161878e+00 -1.31571007e+01
  1.45043459e+01 -7.47283325e+01 -9.80294228e+00 -2.54396839e+01
 -1.09442401e+00  3.66796341e+01  5.71967888e+01  8.01353989e+01
  8.24233246e+01 -5.55478401e+01  1.30346329e+02 -3.07779598e+01
  6.37859917e+01 -2.69825993e+01 -4.43630552e+00  2.38129845e+01
  3.15288448e+01  6.25397491e+00 -5.02554245e+01  2.26123886e+01
  2.58589172e+01  2.10848656e+01  1.82144985e+01  8.43554764e+01
  4.70158997e+01 -2.28874969e+01 -3.14685669e+01  3.43550453e+01
 -9.21817493e+00 -1.89458504e+01  5.70849342e+01  4.18568726e+01
  8.36998463e+00 -6.66819305e+01 -3.64241219e+01  1.76300888e+01
  4.16804161e+01  1.04157188e+02  8.13127823e+01 -5.90061073e+01
  2.84239445e+01  2.99022174e+00 -9.76242142e+01 -1.09661326e-01
 -8.54058075e+01 -8.66866837e+01 -1.15636253e+01 -9.58320522e+00
 -7.24987717e+01  1.82033195e+01  4.23070717e+01  1.19059334e+02
  3.06101608e+01  6.33954191e+00  7.75802765e+01 -1.03259850e+02
 -2.79467659e+01  7.78679504e+01  6.90565157e+00 -3.62729187e+01
  3.11199455e+01  1.32858601e+01  8.51336136e+01  8.64201965e+01
 -8.10360184e+01 -1.30060715e+02  9.64748611e+01 -1.24464636e+01
  4.79259033e+01 -2.70056381e+01  9.37263565e+01  1.32308929e+02
  7.52987595e+01  1.03065010e+02  7.63474197e+01  1.16589073e+02
  4.51501083e+01  6.00929489e+01  1.83375351e+02 -9.36956635e+01
 -1.19432541e+02  7.08933716e+01  1.47803833e+02 -3.87443781e+00
  3.85518384e+00  5.56360397e+01  9.05364914e+01  6.36015091e+01
  7.14266510e+01  1.78963966e+01  1.39378128e+02  3.57181549e+01
 -1.23960464e+02 -1.33824249e+02 -1.13327950e+02 -1.47093140e+02
  5.82272034e+01  1.70977783e+01  9.83551216e+00  9.56037235e+00
 -1.33992950e+02  3.62692375e+01  1.14656128e+02  1.06452911e+02
  7.27527261e-01  5.27983131e+01  3.39506798e+01  1.28945908e+02
  5.17929878e+01  1.32704971e+02  1.18161592e+01 -4.16623497e+01
 -2.06945763e+01  5.02041550e+01  2.94112945e+00  3.01189213e+01
  1.02329895e+02  8.62700119e+01  1.16374855e+02  1.36913116e+02
  8.48187943e+01  1.12450401e+02 -8.71304855e+01 -1.02276421e+02
  8.91358185e+01 -5.30991325e+01 -6.53166885e+01 -8.71461258e+01
  1.53757889e+02  1.24577370e+02  9.36201935e+01 -2.97225399e+01
 -4.17467079e+01  1.13006630e+02  1.26833084e+02  5.52260590e+01
 -1.84306107e+01 -3.96888199e+01  1.39335358e+02  1.38899628e+02
  2.09208923e+02  1.09186569e+02  1.37873230e+02  1.15520973e+02
  8.46305084e+01  1.73352493e+02  1.17384460e+02  7.92995682e+01
  1.46583084e+02  1.28958786e+02  1.77591965e+02  2.35395393e+01
  1.01283623e+02  2.48853245e+01  2.76366119e+01 -6.93980789e+01
  9.47542648e+01 -3.14242530e+00  1.30189728e+02 -3.77740550e+00
  4.40470963e+01 -1.48640833e+01  9.46960297e+01 -4.76087799e+01
  1.41534561e+02 -1.48641500e+01  1.67590591e+02  9.92781219e+01
  1.46512665e+02  1.49235550e+02  8.28350601e+01 -2.63079596e+00
  1.67059738e+02  8.85420609e+01  5.69362106e+01 -1.36628311e+02
  1.44949860e+02  1.38703888e+02 -1.40425720e+02  3.30028839e+01
  8.08037720e+01  8.49645538e+01 -1.44492920e+02 -1.50030838e+02
  3.24209366e+01  2.03834324e+01  2.98203831e+01  1.88427277e+01
  1.50953781e+02  1.34711411e+02  3.60946999e+01  1.45425934e+02
  1.08012939e+02 -1.28443604e+02 -9.96957779e+01  1.02432510e+02
  1.41585968e+02 -1.45730774e+02 -1.37185959e+02 -1.12469154e+02
 -1.88878662e+02  1.53649094e+02 -4.01422844e+01 -4.04549332e+01
  1.19205864e+02  9.71756840e+00 -1.75523239e+02 -1.16634933e+02
  1.19132286e+02  1.47479004e+02  3.74487877e+01  1.20268723e+02
  1.01491638e+02 -1.21073448e+02  3.18744678e+01 -6.47082627e-01
 -1.62451077e+01  1.06494403e+00 -2.53971748e+01 -6.75026321e+00
  1.05153093e+01 -1.51655397e+01  1.96733322e+01 -2.39372101e+01
  4.40576286e+01  9.33635426e+00  1.03973206e+02  1.38919744e+01
  4.86425591e+01 -4.24222679e+01 -1.10645470e+02  6.71597595e+01
 -9.45872040e+01 -3.03227444e+01 -3.62871361e+01  4.15412140e+01
 -6.64739838e+01  1.15687447e+01 -3.90848999e+01  4.56643524e+01
 -1.11264687e+02  2.73859539e+01  1.30705662e+01  1.04272133e+02
  5.85237732e+01  6.45111084e+01 -2.03838634e+01  5.24674187e+01
 -4.00714722e+01  5.56165171e+00 -1.67444916e+01  1.13332348e+01
 -7.06586742e+00  9.76653137e+01  3.44102745e+01 -2.43889599e+01
  7.40039978e+01 -3.83499122e+00  9.33723679e+01 -1.21924543e+01
 -1.28190393e+01  2.54765301e+01  5.32751846e+00  4.93362274e+01
 -1.64260113e+00  6.37958221e+01  3.24580460e+01  1.56714439e+01
 -2.08686962e+01  1.67442093e+01  6.91124191e+01  8.27287827e+01
 -5.40469837e+00  7.89525909e+01  1.68996346e+00  6.10239077e+00
  3.64434280e+01  1.23305769e+01 -9.59836483e+00]","[30.664234  31.019407  33.92523   33.816895  37.404697  33.58114
 34.00829   37.689293  45.374504  36.19825   45.320568  50.678333
 47.22739   30.830902  50.288795  30.626663  30.462778  53.624832
 52.589333  39.100418  39.692265  47.742916  48.875397  36.95833
 37.782734  44.19109   44.746933  35.107758  36.050537  36.41481
 28.069197  29.308361  29.204165  29.403885  38.052277  38.52924
 42.519554  41.37009   40.570976  28.145256  31.576178  38.125507
 38.85975   43.347576  29.768301  30.106628  28.616755  30.786991
 30.920208  46.935925  43.53771   44.370472  52.94282   32.2494
 38.960754  38.957516  45.181114  44.988476  33.91679   34.29713
 42.362625  41.643665  20.151402  20.669493  18.689478  19.333918
 17.356289  18.828793  18.872585  18.716248  19.510426  18.8865
 19.541563  19.256588  19.60093   18.803715  19.350863  19.024
 19.12322   19.06803   19.861082  22.355356  27.12722   23.051239
 22.837479  23.835964  22.21971   22.153425  23.905142  22.291254
 22.764086  23.151627  24.782503  24.596128  24.67636   23.842028
 26.16273   23.873705  23.981525  23.909761  24.116196  24.461422
 24.40925   23.050013  39.282738  39.492653  41.055645  47.479996
 22.623152  26.606716  22.217072  24.493782  22.286148  22.292538
 22.833927  22.949648  22.621267  22.547005  22.726437  22.591808
 22.560005  24.061947  22.180138  22.288282  23.263596  22.446962
 22.363487  22.882113  23.072723  22.319149  22.370405  22.52063
 23.278353  23.213451  22.421686  22.558664  22.308867  22.034702
 22.02485   22.437492  22.877058  23.483995  22.81312   22.390715
 22.354858  23.071014  22.993385  24.125841  22.75123   22.714384
 24.111162  22.65571   39.035343  38.868587  39.014626  39.06132
 39.60185   39.78155   39.90998   40.423515  22.277819  22.237268
 22.064337  21.857136  21.018778  23.096533  23.190239  21.626272
 22.564459  22.387856  21.135122  22.44186   22.352722  21.917747
 22.572786  22.150211  21.51665   22.067015  37.01227   36.73242
 36.74869   37.60818   21.895231  21.7488    21.17926   21.798738
 21.745264  22.052647  21.76214   21.82154   21.776228  21.752125
 21.77013   22.001678  21.763239  21.736563  21.703901  21.255583
 21.16058   21.684587  22.03648   21.852133  22.80831   22.129026
 22.907711  22.056637  22.233553  21.547249  22.255522  21.47927
 21.596138  21.762009  21.439621  21.610971  22.097267  22.160578
 21.965052  22.16535   21.81171   21.835148  22.114754  21.894863
 22.210644  22.819838  23.334435  22.102404  15.8413105 16.235662
 17.433025  17.564362  17.243729  18.050749  16.904367  17.093164
 17.420633  18.155756  23.679674  29.587313  23.920782  22.054285
 22.644367  23.168522  31.79373   23.552324  59.1605    51.655426
 25.025652  25.2648    23.064133  28.30607   24.123434  25.716341
 23.791182  24.41995   24.815273  28.590782  23.406696  23.785336
 26.136478  36.452785  24.467594  23.043638  23.575033  23.038588
 23.004402  23.957952  23.980202  22.924458  23.292034  27.221659
 23.40941   23.868248  24.654676  24.56828   25.70816   22.787752
 23.137749  23.381844  22.735956  23.618448  23.055033  30.74393
 23.953535  23.892303  26.805023  24.251402  25.165518  25.436285
 25.40094   24.351404  23.997877 ]","[1.65 1.66 1.61 1.7  1.48 1.69 1.76 2.01 2.43 1.75 2.61 2.86 2.23 1.63
 2.9  1.6  1.59 2.6  2.28 2.38 2.38 2.99 3.03 1.98 2.02 2.42 2.44 2.08
 2.09 1.7  1.37 1.5  1.46 1.48 2.11 2.12 2.27 1.98 1.96 1.27 1.57 1.91
 1.88 1.88 1.56 1.55 1.42 1.5  1.51 2.7  2.09 1.99 2.48 1.7  2.31 2.3
 2.72 2.71 1.66 1.67 2.67 2.64 2.4  2.26 1.78 2.26 1.78 1.59 2.07 1.64
 1.97 1.73 2.61 2.3  2.33 1.59 2.37 1.89 1.87 1.65 1.66 1.66 3.1  1.92
 1.89 2.83 1.47 1.46 2.14 1.54 1.61 1.71 3.22 1.57 1.55 1.63 3.02 1.55
 2.42 2.28 2.5  2.55 2.16 1.57 2.69 2.63 2.69 3.06 1.84 3.14 1.52 1.92
 1.5  1.49 1.49 1.51 1.62 1.48 1.49 1.71 1.72 2.95 1.49 1.53 2.38 1.4
 1.38 1.84 2.09 1.39 1.45 1.61 2.01 1.5  1.31 1.34 1.5  1.31 1.31 1.54
 1.85 1.45 1.72 1.63 1.61 2.1  2.   1.78 1.55 1.54 1.88 1.65 3.68 3.66
 3.6  3.59 3.43 3.41 3.14 3.13 1.6  1.54 1.93 1.62 1.4  2.12 3.08 1.66
 1.82 2.25 1.61 1.75 1.72 1.88 1.89 1.96 1.79 1.86 2.99 2.93 2.84 2.76
 1.61 1.67 1.61 1.58 1.51 2.09 1.58 1.59 1.67 1.48 1.46 1.61 1.66 1.57
 1.44 1.46 1.4  1.36 1.86 1.64 2.18 1.81 1.9  1.46 1.5  1.48 1.84 1.37
 1.41 1.55 1.46 1.64 1.47 1.64 1.73 1.9  1.51 1.49 1.84 1.45 1.64 1.87
 1.99 1.93 1.73 1.59 1.91 2.13 2.11 2.81 1.85 2.37 2.43 2.36 1.5  3.
 1.63 1.31 1.45 1.61 4.11 1.66 5.45 4.63 1.67 2.5  1.57 3.06 1.89 2.42
 2.1  2.07 2.15 2.57 1.45 1.78 2.3  3.55 1.87 1.55 1.66 1.41 1.38 1.78
 1.78 1.52 1.69 2.   1.59 1.81 1.98 1.96 1.56 1.51 1.67 1.87 1.66 1.78
 1.6  2.86 1.5  1.71 1.88 2.05 1.8  1.81 1.8  1.71 1.68]","[40.07 41.1  45.67 44.54 64.58 46.48 45.69 46.4  50.7  51.35 45.71 46.59
 54.06 41.49 43.66 42.09 41.81 50.03 51.77 40.78 41.21 41.39 41.88 45.29
 45.17 46.21 46.07 40.11 40.65 48.48 40.16 40.18 40.33 40.42 44.31 44.28
 49.79 44.61 44.3  43.78 44.22 50.89 51.8  54.76 40.03 40.99 40.51 43.35
 43.34 45.13 52.26 53.59 49.55 42.45 42.13 42.13 42.87 42.79 45.81 46.41
 40.49 40.31 14.36 14.54 14.37 26.22 34.89 19.08 14.15 14.59 14.21 14.32
 14.39 14.49 14.64 14.59 14.05 14.29 14.18 14.41 14.55 31.41 51.37 31.3
 30.78 29.7  29.88 41.47 39.19 42.89 42.02 33.73 33.12 70.92 72.27 69.86
 47.99 69.78 38.53 32.84 40.83 41.92 53.25 49.93 31.25 33.84 38.27 47.49
 30.11 37.8  30.27 63.05 39.82 40.19 56.09 55.35 45.62 54.34 55.25 30.84
 31.04 30.12 29.86 30.04 30.44 53.29 52.95 33.09 30.97 31.   30.57 30.86
 31.96 61.89 53.32 52.8  34.26 30.57 30.51 31.62 31.2  70.16 37.25 30.44
 30.17 30.67 30.93 63.63 48.13 48.03 35.2  33.   21.98 22.42 24.17 24.93
 29.16 30.18 35.09 36.57 22.93 22.54 21.64 21.74 46.55 23.68 22.83 26.51
 23.56 29.77 37.22 22.98 23.04 21.86 22.92 22.18 32.32 54.85 25.51 26.66
 29.61 35.63 21.69 21.82 37.85 22.24 22.31 33.36 63.36 61.91 22.03 23.26
 23.16 22.23 21.74 21.97 22.06 58.54 58.39 22.54 22.05 22.27 23.72 22.59
 70.08 61.   60.37 30.21 22.84 22.13 22.12 22.43 25.05 28.3  22.88 23.01
 21.9  22.36 22.31 22.11 22.16 22.07 23.11 23.59 24.25 22.39  4.71  5.45
  4.53  4.49  4.53  4.54  4.55  4.57  4.55  4.47 59.48 50.63 56.39 43.24
 46.14 43.95 41.25 50.08 69.26 70.24 63.51 40.23 49.32 45.38 46.87 43.04
 40.37 45.3  46.08 54.13 58.66 48.6  46.87 60.5  50.86 46.55 49.72 53.92
 54.88 49.77 50.35 49.13 45.62 66.68 46.94 44.67 45.28 44.95 71.84 43.17
 42.95 40.97 40.17 47.6  47.95 55.58 61.85 46.79 67.43 42.45 56.49 57.99
 60.03 52.15 51.5 ]","[0.25 0.25 0.25 0.25 0.25 0.25 0.25 0.25 0.25 0.25 0.25 0.25 0.25 0.25
 0.25 0.25 0.25 0.25 0.25 0.25 0.25 0.25 0.25 0.25 0.25 0.25 0.25 0.25
 0.25 0.25 0.25 0.25 0.25 0.25 0.25 0.25 0.25 0.25 0.25 0.25 0.25 0.25
 0.25 0.25 0.25 0.25 0.25 0.25 0.25 0.25 0.25 0.25 0.25 0.25 0.25 0.25
 0.25 0.25 0.25 0.25 0.25 0.25 0.25 0.25 0.25 0.25 0.25 0.25 0.25 0.25
 0.25 0.25 0.25 0.25 0.25 0.25 0.25 0.25 0.25 0.25 0.25 0.25 0.25 0.25
 0.25 0.25 0.25 0.25 0.25 0.25 0.25 0.25 0.25 0.25 0.25 0.25 0.25 0.25
 0.25 0.25 0.25 0.25 0.25 0.25 0.25 0.25 0.25 0.25 0.25 0.25 0.25 0.25
 0.25 0.25 0.25 0.25 0.25 0.25 0.25 0.25 0.25 0.25 0.25 0.25 0.25 0.25
 0.25 0.25 0.25 0.25 0.25 0.25 0.25 0.25 0.25 0.25 0.25 0.25 0.25 0.25
 0.25 0.25 0.25 0.25 0.25 0.25 0.25 0.25 0.25 0.25 0.25 0.25 0.25 0.25
 0.25 0.25 0.25 0.25 0.25 0.25 0.25 0.25 0.25 0.25 0.25 0.25 0.25 0.25
 0.25 0.25 0.25 0.25 0.25 0.25 0.25 0.25 0.25 0.25 0.25 0.25 0.25 0.25
 0.25 0.25 0.25 0.25 0.25 0.25 0.25 0.25 0.25 0.25 0.25 0.25 0.25 0.25
 0.25 0.25 0.25 0.25 0.25 0.25 0.25 0.25 0.25 0.25 0.25 0.25 0.25 0.25
 0.25 0.25 0.25 0.25 0.25 0.25 0.25 0.25 0.25 0.25 0.25 0.25 0.25 0.25
 0.25 0.25 0.25 0.25 0.25 0.25 0.25 0.25 0.25 0.25 0.25 0.25 0.25 0.25
 0.25 0.25 0.25 0.25 0.25 0.25 0.25 0.25 0.25 0.25 0.25 0.25 0.25 0.25
 0.25 0.25 0.25 0.25 0.25 0.25 0.25 0.25 0.25 0.25 0.25 0.25 0.25 0.25
 0.25 0.25 0.25 0.25 0.25 0.25 0.25 0.25 0.25 0.25 0.25 0.25 0.25 0.25
 0.25 0.25 0.25 0.25 0.25 0.25 0.25 0.25 0.25 0.25 0.25]","[30.13 30.13 30.06 30.09 30.15 30.13 30.13 30.12 30.14 30.14 30.11 30.08
 30.07 30.13 30.04 30.14 30.14 29.99 29.92 30.11 30.1  30.08 30.08 30.11
 30.1  30.08 30.07 30.12 30.1  30.06 30.13 30.13 30.12 30.12 30.11 30.1
 30.14 29.95 29.96 30.14 30.12 30.14 30.12 30.03 30.13 30.12 30.13 30.11
 30.11 30.09 30.08 30.03 29.95 30.12 30.11 30.11 30.09 30.09 30.09 30.09
 30.1  30.11 31.38 31.33 31.52 31.53 31.76 31.5  31.5  31.52 31.43 31.49
 31.45 31.47 31.44 31.51 31.45 31.47 31.48 31.47 31.39 31.33 31.37 31.3
 31.31 31.31 31.33 31.38 31.3  31.38 31.35 31.27 31.31 31.35 31.35 31.41
 31.37 31.39 31.33 31.27 31.35 31.34 31.38 31.35 30.41 30.43 30.45 30.47
 31.32 31.24 31.33 31.39 31.35 31.36 31.39 31.38 31.37 31.4  31.39 31.32
 31.32 31.31 31.33 31.32 31.31 31.39 31.39 31.31 31.31 31.32 31.32 31.32
 31.29 31.39 31.37 31.36 31.34 31.33 31.33 31.31 31.31 31.4  31.33 31.32
 31.32 31.31 31.31 31.39 31.36 31.36 31.23 31.32 30.53 30.54 30.56 30.57
 30.6  30.61 30.64 30.64 31.48 31.48 31.51 31.51 31.65 31.42 31.46 31.54
 31.46 31.52 31.63 31.46 31.47 31.51 31.46 31.49 31.59 31.64 30.6  30.62
 30.65 30.68 31.51 31.52 31.63 31.52 31.52 31.55 31.67 31.66 31.51 31.52
 31.52 31.5  31.51 31.51 31.52 31.67 31.67 31.52 31.51 31.52 31.45 31.5
 31.67 31.6  31.59 31.56 31.49 31.53 31.52 31.51 31.54 31.56 31.48 31.48
 31.51 31.49 31.5  31.5  31.5  31.51 31.48 31.44 31.4  31.49 29.62 29.57
 29.44 29.47 29.49 29.55 29.5  29.56 29.55 29.44 31.04 31.01 31.04 31.01
 31.01 30.98 30.99 31.02 30.96 30.97 31.03 30.99 31.02 31.01 31.   30.98
 31.   31.01 31.01 31.   31.04 31.02 30.97 31.01 31.01 31.   31.01 31.02
 31.02 31.02 31.02 31.02 31.01 31.04 30.99 30.98 30.97 30.97 31.02 30.99
 30.99 31.   31.   31.02 31.02 30.99 31.04 30.98 31.03 30.99 31.   31.
 31.02 30.99 31.  ]","[0.005 0.005 0.005 0.005 0.005 0.005 0.005 0.005 0.005 0.005 0.005 0.005
 0.005 0.005 0.005 0.005 0.005 0.005 0.005 0.005 0.005 0.005 0.005 0.005
 0.005 0.005 0.005 0.005 0.005 0.005 0.005 0.005 0.005 0.005 0.005 0.005
 0.005 0.005 0.005 0.005 0.005 0.005 0.005 0.005 0.005 0.005 0.005 0.005
 0.005 0.005 0.005 0.005 0.005 0.005 0.005 0.005 0.005 0.005 0.005 0.005
 0.005 0.005 0.005 0.005 0.005 0.005 0.005 0.005 0.005 0.005 0.005 0.005
 0.005 0.005 0.005 0.005 0.005 0.005 0.005 0.005 0.005 0.005 0.005 0.005
 0.005 0.005 0.005 0.005 0.005 0.005 0.005 0.005 0.005 0.005 0.005 0.005
 0.005 0.005 0.005 0.005 0.005 0.005 0.005 0.005 0.005 0.005 0.005 0.005
 0.005 0.005 0.005 0.005 0.005 0.005 0.005 0.005 0.005 0.005 0.005 0.005
 0.005 0.005 0.005 0.005 0.005 0.005 0.005 0.005 0.005 0.005 0.005 0.005
 0.005 0.005 0.005 0.005 0.005 0.005 0.005 0.005 0.005 0.005 0.005 0.005
 0.005 0.005 0.005 0.005 0.005 0.005 0.005 0.005 0.005 0.005 0.005 0.005
 0.005 0.005 0.005 0.005 0.005 0.005 0.005 0.005 0.005 0.005 0.005 0.005
 0.005 0.005 0.005 0.005 0.005 0.005 0.005 0.005 0.005 0.005 0.005 0.005
 0.005 0.005 0.005 0.005 0.005 0.005 0.005 0.005 0.005 0.005 0.005 0.005
 0.005 0.005 0.005 0.005 0.005 0.005 0.005 0.005 0.005 0.005 0.005 0.005
 0.005 0.005 0.005 0.005 0.005 0.005 0.005 0.005 0.005 0.005 0.005 0.005
 0.005 0.005 0.005 0.005 0.005 0.005 0.005 0.005 0.005 0.005 0.005 0.005
 0.005 0.005 0.005 0.005 0.005 0.005 0.005 0.005 0.005 0.005 0.005 0.005
 0.005 0.005 0.005 0.005 0.005 0.005 0.005 0.005 0.005 0.005 0.005 0.005
 0.005 0.005 0.005 0.005 0.005 0.005 0.005 0.005 0.005 0.005 0.005 0.005
 0.005 0.005 0.005 0.005 0.005 0.005 0.005 0.005 0.005 0.005 0.005 0.005
 0.005 0.005 0.005 0.005 0.005 0.005 0.005 0.005 0.005 0.005 0.005 0.005
 0.005 0.005 0.005]","[1. 1. 1. 1. 1. 1. 1. 1. 1. 1. 1. 1. 1. 1. 1. 1. 1. 1. 1. 1. 1. 1. 1. 1.
 1. 1. 1. 1. 1. 1. 1. 1. 1. 1. 1. 1. 1. 1. 1. 1. 1. 1. 1. 1. 1. 1. 1. 1.
 1. 1. 1. 1. 1. 1. 1. 1. 1. 1. 1. 1. 1. 1. 1. 1. 1. 1. 1. 1. 1. 1. 1. 1.
 1. 1. 1. 1. 1. 1. 1. 1. 1. 1. 1. 1. 1. 1. 1. 1. 1. 1. 1. 1. 1. 1. 1. 1.
 1. 1. 1. 1. 1. 1. 1. 1. 1. 1. 1. 1. 1. 1. 1. 1. 1. 1. 1. 1. 1. 1. 1. 1.
 1. 1. 1. 1. 1. 1. 1. 1. 1. 1. 1. 1. 1. 1. 1. 1. 1. 1. 1. 1. 1. 1. 1. 1.
 1. 1. 1. 1. 1. 1. 1. 1. 1. 1. 1. 1. 1. 1. 1. 1. 1. 1. 1. 1. 1. 1. 1. 1.
 1. 1. 1. 1. 1. 1. 1. 1. 1. 1. 1. 1. 1. 1. 1. 1. 1. 1. 1. 1. 1. 1. 1. 1.
 1. 1. 1. 1. 1. 1. 1. 1. 1. 1. 1. 1. 1. 1. 1. 1. 1. 1. 1. 1. 1. 1. 1. 1.
 1. 1. 1. 1. 1. 1. 1. 1. 1. 1. 1. 1. 1. 1. 1. 1. 1. 1. 1. 1. 1. 1. 1. 1.
 1. 1. 1. 1. 1. 1. 1. 1. 1. 1. 1. 1. 1. 1. 1. 1. 1. 1. 1. 1. 1. 1. 1. 1.
 1. 1. 1. 1. 1. 1. 1. 1. 1. 1. 1. 1. 1. 1. 1. 1. 1. 1. 1. 1. 1. 1. 1. 1.
 1. 1. 1.]","[18.26902  18.270021 18.284021 18.282928 18.28302  18.27502  18.284021
 18.28302  18.274021 18.273022 18.284021 18.283627 18.267021 18.28302
 18.27502  18.272774 18.27285  18.269302 18.27102  18.267021 18.267021
 18.266022 18.266022 18.27202  18.27202  18.27102  18.27102  18.273966
 18.27202  18.27202  18.273022 18.273022 18.27202  18.27202  18.268782
 18.26802  18.275173 18.28302  18.28302  18.266022 18.267021 18.27138
 18.270021 18.27102  18.275702 18.27602  18.28302  18.273022 18.273022
 18.269247 18.270021 18.268133 18.27102  18.275793 18.28302  18.28302
 18.284021 18.283947 18.27202  18.272171 18.26902  18.26902  17.447155
 17.443153 17.450153 17.451134 17.445154 17.464153 17.455154 17.444155
 17.454155 17.45552  17.449154 17.449154 17.448154 17.443153 17.464153
 17.464153 17.443153 17.45473  17.448154 17.099083 17.093119 17.09212
 17.09212  17.091118 17.094118 17.09212  17.098118 17.091118 17.091118
 17.104095 17.10912  17.09212  17.09212  17.100119 17.099947 17.094769
 17.093119 17.096119 17.100119 17.100119 17.091118 17.100119 17.108118
 17.108118 17.10775  17.107176 17.094553 17.098118 17.10021  17.10129
 17.10912  17.098024 17.09212  17.09212  17.101118 17.097118 17.097118
 17.094584 17.09449  17.09463  17.101768 17.101694 17.100119 17.09912
 17.09912  17.100119 17.09212  17.091824 17.091118 17.091118 17.09212
 17.091675 17.10795  17.108044 17.094347 17.103119 17.103119 17.108416
 17.091118 17.09278  17.09212  17.103119 17.103119 17.091118 17.091118
 17.094545 17.10212  17.10212  17.091118 17.091118 16.978834 16.978834
 16.978834 16.978834 16.978834 16.978834 16.978834 16.978834 16.977835
 16.977835 16.977835 16.982834 16.980743 16.986835 16.982834 16.988834
 16.978834 16.986334 16.978834 16.984835 16.98491  16.988834 16.978834
 16.989834 16.977835 16.988834 16.978834 16.978834 16.978834 16.978834
 16.979836 16.987244 16.977835 16.979836 16.985834 16.996834 16.977835
 16.977835 16.996834 16.981457 16.981646 16.983816 16.996834 16.996834
 16.986835 16.983835 16.984098 16.985277 16.977835 16.977835 16.98474
 16.979836 16.978834 16.996834 16.996834 16.979836 16.978834 16.995495
 16.995665 16.996834 16.996834 16.978176 16.988834 16.988834 16.978535
 16.989346 16.99538  16.995476 16.979063 16.978834 16.986912 16.978834
 16.980835 16.994799 20.44686  20.46086  20.43786  20.44386  20.44386
 20.45136  20.43986  20.44969  20.454466 20.45086  17.423952 17.421396
 17.418396 17.42767  17.417397 17.427395 17.435396 17.421396 17.419395
 17.419395 17.424397 17.417397 17.434395 17.4263   17.427395 17.423395
 17.434395 17.426395 17.426395 17.417397 17.421396 17.417397 17.425396
 17.426058 17.431116 17.425396 17.427395 17.421396 17.421396 17.419395
 17.419395 17.43413  17.417711 17.424944 17.417397 17.425264 17.427395
 17.427395 17.423395 17.420395 17.426395 17.418396 17.425545 17.422396
 17.422396 17.422224 17.419529 17.419395 17.426395 17.417397 17.424397
 17.424397 17.419395 17.426395 17.426395]",130.91397227753896,-21.476806907706756,183,291,343647,343937,0.1110556,0.00555278,-9.0,-9.0,-9.0,-9.0,0.0,0.0,0,0,0,0,-9.0,-9.0,-9.0,-9.0,-999.0,-999.0,-9.0,-9.0,-99.0,-9999.0,-9999.0,-9999.0,-9999.0,-9999.0,-9999.0,-9999.0,-9999.0,-9999.0,0,-9999.0,0,,,,,,,,,,,,999.0,999.0,999.0,999.0,999.0,999.0,999.0,999.0,999.0,999.0,999.0,999.0,0,0,-9.0,-9.0,-9.0,-9.0,-999.0,-999.0,-9.0,-9.0,-9999.0,-9999.0,-9999.0,-9999.0,-9999.0,-9999.0,-9999.0,-9999.0,-9999.0,0,-9999.0,0,999.0,999.0,999.0,999.0,999.0,999.0,999.0,999.0,999.0,999.0,999.0,999.0,,,,,,,,,,,,-999.0,-999.0,-999.0,-999.0,-999.0,-999.0,60795.47,61031.195,61031.195,61885.11,LCLIB,12,83,PHOEBE,372,35115,1,0,5,0.0,0.0,0.0,2,-0.0,-9,0.0,0.0,130.91397094726562,-21.476806640625,0.11501208,60796.0,-9.0,0.0,-9.0,-9.0,20.444426,17.449718,16.9844,17.097118,17.42296,18.27202,1.0,1.0,1.0,1.0,1.0,1.0,,,,,,,-9,20.447586,17.453384,16.987316,17.100351,17.42638,18.275005,,,,,,,,,,,,,,,,,,,,,,,,,,,,
27421621,"[60807.4238 60808.4135 60829.4139 60829.4238 60863.1174 60863.14
 60889.0356 60889.058  60897.2088 60897.2319 60917.9948 60918.0174
 60925.1344 60925.1353 60925.1573 60925.1582 60926.1534 60927.1767
 60927.1996 60955.0534 60955.0762 60962.0398 61159.3327 61159.3554
 61198.3867 61212.1875 61212.2104 61217.1852 61243.1274 61243.1501
 61273.054  61313.1299 61334.0307 61334.0534 61335.0106 61337.0129
 61490.4002 61490.4101 61517.3407 61517.3564 61517.3642 61517.38
 61545.4185 61546.2976 61554.4188 61554.4279 61581.166  61582.3586
 61596.0811 61596.1036 61596.3128 61596.3353 61625.049  61625.0495
 61625.0715 61625.072  61625.2998 61625.3002 61625.3222 61625.3227
 61635.178  61635.2007 61636.2048 61656.1829 61656.2055 61665.0945
 61665.0986 61667.1047 61689.1033 61689.1074 61689.1259 61689.1299
 61690.1335 61691.0167 61691.0394 61693.0822 61699.0236 61699.0241
 61699.0462 61699.0466 60849.3685 60849.3698 60853.354  60855.1658
 60855.1667 60857.1725 60874.2526 60883.254  61211.3832 61231.1678
 61234.174  61236.264  61264.0289 61285.0035 61525.3299 61526.3388
 61535.3388 61539.3038 61595.1682 61616.0228 61616.206  61616.231
 61622.2102 61622.2116 61642.1888 61651.2006 61655.1919 61671.1351
 61671.1355 61697.0185 61706.029  61857.3767 60815.4086 60843.3966
 60854.3488 60854.3492 60856.3369 60857.3438 60872.2944 60881.2536
 60884.2354 60884.2359 60886.2758 60904.1907 60910.1803 60912.1972
 60912.1976 60930.1139 60937.1222 60952.0865 60954.0529 60970.0022
 61145.3976 61163.3358 61170.3073 61170.3078 61210.1947 61213.3637
 61215.2213 61226.1636 61234.1247 61244.0924 61268.0451 61271.0362
 61271.0367 61272.0448 61272.0453 61280.15   61282.1808 61284.1547
 61300.1278 61327.0556 61380.0262 61380.0293 61380.0324 61380.0355
 61518.3701 61537.3331 61537.3345 61541.2969 61553.418  61557.4112
 61558.228  61583.3885 61590.1115 61590.3973 61594.3122 61595.3308
 61601.1609 61612.1019 61612.2932 61613.0431 61613.0436 61613.2764
 61613.2777 61614.242  61615.2699 61618.075  61620.0017 61626.0423
 61639.266  61644.1708 61645.2086 61645.2091 61666.1173 61670.1611
 61673.0936 61674.0898 61676.0635 61678.0649 61679.1201 61682.1236
 61694.055  61698.0455 60849.3923 60849.3936 60854.3244 60854.3249
 60855.1902 60855.1911 60874.2767 60876.2763 60879.1431 60883.2781
 60886.2517 60906.0346 60906.0517 60907.1927 60915.1484 60930.0886
 60937.0978 60953.0747 61096.3858 61096.3888 61096.3919 61096.395
 61145.3735 61145.3744 61211.4094 61213.3393 61215.1967 61231.1919
 61236.2881 61237.1314 61237.1318 61264.053  61268.0696 61271.0606
 61271.0611 61272.0692 61272.0697 61284.1292 61285.03   61300.1035
 61339.0423 61480.4101 61509.3698 61525.3551 61526.3143 61526.3371
 61535.363  61537.309  61537.3104 61540.2787 61556.2902 61558.204
 61590.1358 61590.3735 61594.2867 61594.3068 61595.1924 61612.2694
 61613.2522 61613.2535 61615.999  61616.0008 61618.2799 61622.2354
 61622.2368 61644.1469 61645.1842 61645.1847 61651.1767 61652.1939
 61654.1494 61655.2158 61670.1366 61671.159  61671.1594 61673.0685
 61675.0683 61682.0991 61694.0298 61697.0434 61698.0207 61706.053
 61828.3866 61828.3897 61828.3928 61828.3959 61888.2876 60853.3315
 60876.3001 60877.2649 60879.1197 60906.0591 60906.0753 60907.1698
 61556.2665 61618.2557 61621.223  61647.1441 61652.1715 61857.3543
 61888.31   60806.4253 60815.4201 60843.3726 60856.361  60857.3688
 60872.3184 60881.2778 60884.2596 60884.26   60904.2148 60910.2048
 60912.1728 60912.1732 60926.1291 60952.0623 60954.0772 60962.0156
 60970.0138 61012.0247 61012.0278 61012.0309 61012.034  61163.3607
 61170.3321 61170.3325 61198.3625 61210.2186 61217.1607 61226.1886
 61234.1496 61244.1173 61280.1742 61282.2048 61313.1059 61314.0705
 61327.0315 61334.9991 61337.0011 61376.025  61376.0281 61456.3834
 61456.3865 61456.3896 61456.3927 61460.3858 61460.3889 61460.392
 61460.3952 61518.3815 61538.4177 61541.3211 61545.4072 61546.3215
 61552.395  61553.4283 61557.4225 61581.1899 61581.3908 61582.3344
 61595.355  61612.126  61615.294  61618.0989 61626.0663 61634.2241
 61639.2899 61665.1188 61665.1229 61666.1415 61667.1288 61674.1153
 61676.0881 61678.089  61679.0954 61690.1098 61692.0769 61693.0582]","['Y' 'Y' 'Y' 'Y' 'Y' 'Y' 'Y' 'Y' 'Y' 'Y' 'Y' 'Y' 'Y' 'Y' 'Y' 'Y' 'Y' 'Y'
 'Y' 'Y' 'Y' 'Y' 'Y' 'Y' 'Y' 'Y' 'Y' 'Y' 'Y' 'Y' 'Y' 'Y' 'Y' 'Y' 'Y' 'Y'
 'Y' 'Y' 'Y' 'Y' 'Y' 'Y' 'Y' 'Y' 'Y' 'Y' 'Y' 'Y' 'Y' 'Y' 'Y' 'Y' 'Y' 'Y'
 'Y' 'Y' 'Y' 'Y' 'Y' 'Y' 'Y' 'Y' 'Y' 'Y' 'Y' 'Y' 'Y' 'Y' 'Y' 'Y' 'Y' 'Y'
 'Y' 'Y' 'Y' 'Y' 'Y' 'Y' 'Y' 'Y' 'g' 'g' 'g' 'g' 'g' 'g' 'g' 'g' 'g' 'g'
 'g' 'g' 'g' 'g' 'g' 'g' 'g' 'g' 'g' 'g' 'g' 'g' 'g' 'g' 'g' 'g' 'g' 'g'
 'g' 'g' 'g' 'g' 'i' 'i' 'i' 'i' 'i' 'i' 'i' 'i' 'i' 'i' 'i' 'i' 'i' 'i'
 'i' 'i' 'i' 'i' 'i' 'i' 'i' 'i' 'i' 'i' 'i' 'i' 'i' 'i' 'i' 'i' 'i' 'i'
 'i' 'i' 'i' 'i' 'i' 'i' 'i' 'i' 'i' 'i' 'i' 'i' 'i' 'i' 'i' 'i' 'i' 'i'
 'i' 'i' 'i' 'i' 'i' 'i' 'i' 'i' 'i' 'i' 'i' 'i' 'i' 'i' 'i' 'i' 'i' 'i'
 'i' 'i' 'i' 'i' 'i' 'i' 'i' 'i' 'i' 'i' 'i' 'i' 'i' 'i' 'r' 'r' 'r' 'r'
 'r' 'r' 'r' 'r' 'r' 'r' 'r' 'r' 'r' 'r' 'r' 'r' 'r' 'r' 'r' 'r' 'r' 'r'
 'r' 'r' 'r' 'r' 'r' 'r' 'r' 'r' 'r' 'r' 'r' 'r' 'r' 'r' 'r' 'r' 'r' 'r'
 'r' 'r' 'r' 'r' 'r' 'r' 'r' 'r' 'r' 'r' 'r' 'r' 'r' 'r' 'r' 'r' 'r' 'r'
 'r' 'r' 'r' 'r' 'r' 'r' 'r' 'r' 'r' 'r' 'r' 'r' 'r' 'r' 'r' 'r' 'r' 'r'
 'r' 'r' 'r' 'r' 'r' 'r' 'r' 'r' 'r' 'r' 'r' 'u' 'u' 'u' 'u' 'u' 'u' 'u'
 'u' 'u' 'u' 'u' 'u' 'u' 'u' 'z' 'z' 'z' 'z' 'z' 'z' 'z' 'z' 'z' 'z' 'z'
 'z' 'z' 'z' 'z' 'z' 'z' 'z' 'z' 'z' 'z' 'z' 'z' 'z' 'z' 'z' 'z' 'z' 'z'
 'z' 'z' 'z' 'z' 'z' 'z' 'z' 'z' 'z' 'z' 'z' 'z' 'z' 'z' 'z' 'z' 'z' 'z'
 'z' 'z' 'z' 'z' 'z' 'z' 'z' 'z' 'z' 'z' 'z' 'z' 'z' 'z' 'z' 'z' 'z' 'z'
 'z' 'z' 'z' 'z' 'z' 'z' 'z' 'z' 'z' 'z' 'z' 'z']","[   0    0    0    0    0    0    0    0    0    0    0    0    0    0
    0    0    0    0    0    0    0    0    0    0    0    0    0    0
    0    0    0    0    0    0    0    0    0    0    0    0    0    0
    0    0    0    0    0    0    0    0    0    0    0    0    0    0
    0    0    0    0    0    0    0    0    0    0    0    0    0    0
    0    0    0    0    0    0    0    0    0    0    0    0    0    0
    0    0    0    0    0 4096    0 4096 4096    0    0 4096 4096 4096
 4096    0 4096    0 4096 4096 4096    0 4096 4096 4096 4096 4096    0
    0    0    0    0    0    0    0    0    0    0    0    0    0    0
    0    0    0    0    0    0    0    0    0    0 4096    0    0    0
    0    0    0    0    0    0    0    0    0    0    0    0    0    0
    0    0    0 4096 4096    0    0    0    0    0    0    0    0    0
    0    0    0    0    0    0    0    0    0    0    0    0    0    0
    0    0    0    0    0    0    0    0    0    0    0    0    0    0
    0    0    0    0    0    0    0    0    0    0    0    0 4096    0
    0    0    0    0    0    0    0    0    0    0    0    0    0    0
    0    0    0 4096    0    0    0    0 4096    0    0    0 4096 4096
    0    0    0 4096 4096 4096    0 4096 4096    0    0 4096    0    0
    0    0    0    0    0    0 4096 4096    0    0    0    0 4096 4096
    0    0    0    0 4096    0    0    0 4096    0    0    0    0    0
    0 6144 4096 4096 4096 4096 4096 4096    0    0 4096    0    0    0
    0    0    0    0    0    0    0    0    0    0    0    0    0    0
    0    0    0    0    0    0    0    0    0    0    0    0    0    0
    0    0    0    0    0    0    0    0    0    0    0    0    0    0
    0    0    0    0    0    0    0    0    0    0    0    0    0    0
    0    0    0    0    0    0    0    0    0    0    0    0    0    0
    0    0    0    0    0    0    0    0]","[-9. -9. -9. -9. -9. -9. -9. -9. -9. -9. -9. -9. -9. -9. -9. -9. -9. -9.
 -9. -9. -9. -9. -9. -9. -9. -9. -9. -9. -9. -9. -9. -9. -9. -9. -9. -9.
 -9. -9. -9. -9. -9. -9. -9. -9. -9. -9. -9. -9. -9. -9. -9. -9. -9. -9.
 -9. -9. -9. -9. -9. -9. -9. -9. -9. -9. -9. -9. -9. -9. -9. -9. -9. -9.
 -9. -9. -9. -9. -9. -9. -9. -9. -9. -9. -9. -9. -9. -9. -9. -9. -9. -9.
 -9. -9. -9. -9. -9. -9. -9. -9. -9. -9. -9. -9. -9. -9. -9. -9. -9. -9.
 -9. -9. -9. -9. -9. -9. -9. -9. -9. -9. -9. -9. -9. -9. -9. -9. -9. -9.
 -9. -9. -9. -9. -9. -9. -9. -9. -9. -9. -9. -9. -9. -9. -9. -9. -9. -9.
 -9. -9. -9. -9. -9. -9. -9. -9. -9. -9. -9. -9. -9. -9. -9. -9. -9. -9.
 -9. -9. -9. -9. -9. -9. -9. -9. -9. -9. -9. -9. -9. -9. -9. -9. -9. -9.
 -9. -9. -9. -9. -9. -9. -9. -9. -9. -9. -9. -9. -9. -9. -9. -9. -9. -9.
 -9. -9. -9. -9. -9. -9. -9. -9. -9. -9. -9. -9. -9. -9. -9. -9. -9. -9.
 -9. -9. -9. -9. -9. -9. -9. -9. -9. -9. -9. -9. -9. -9. -9. -9. -9. -9.
 -9. -9. -9. -9. -9. -9. -9. -9. -9. -9. -9. -9. -9. -9. -9. -9. -9. -9.
 -9. -9. -9. -9. -9. -9. -9. -9. -9. -9. -9. -9. -9. -9. -9. -9. -9. -9.
 -9. -9. -9. -9. -9. -9. -9. -9. -9. -9. -9. -9. -9. -9. -9. -9. -9. -9.
 -9. -9. -9. -9. -9. -9. -9. -9. -9. -9. -9. -9. -9. -9. -9. -9. -9. -9.
 -9. -9. -9. -9. -9. -9. -9. -9. -9. -9. -9. -9. -9. -9. -9. -9. -9. -9.
 -9. -9. -9. -9. -9. -9. -9. -9. -9. -9. -9. -9. -9. -9. -9. -9. -9. -9.
 -9. -9. -9. -9. -9. -9. -9. -9. -9. -9. -9. -9. -9. -9. -9. -9. -9. -9.
 -9. -9. -9. -9. -9. -9. -9. -9. -9. -9. -9. -9.]","[ 40.742832    37.736526     3.1217215   33.994205     8.501487
  21.096155    46.629807    58.496693    34.711685    54.45834
   2.2091007    9.520045    37.465313    -2.9887671   24.383327
  51.12632     51.140133    37.850994    43.426197    30.138332
  50.510242    38.468567     2.3668013   32.829224    12.7884865
  24.134497    34.90871     96.178345    63.429882    54.98139
  23.254564    43.088146    12.121578   -14.950061    30.00958
  -3.1555479   21.862865    28.260359    75.27678     19.400492
  -7.248744    11.658237    54.72349     33.67885     18.961985
  72.410164    -0.1667909  -38.294704    32.49856     45.788044
  29.44057     37.939537    -0.83004117 -15.623024    39.485462
 -12.5593195   75.154945    32.85683     52.940674    73.08819
  64.447266   -22.465029    13.251918   -23.507244    15.157489
  -7.965581    34.790443    10.656966    56.188198    89.37766
  56.867973    20.73386     15.234263    14.630992     4.0032454
  20.796331    45.97113     37.05856     -4.8249135   43.113045
  -1.5343456  -12.198852    -7.9365077   -6.4090247   -3.8283896
  -4.496456   -11.844692   -10.184315    24.744616    22.560883
  25.888227    23.451967    18.303001    13.80337     22.786207
  11.8324175   27.860777    35.247456    33.700584    24.077988
  26.494326    18.2992      20.512978    18.375904    23.435827
  21.503765    17.527355    34.65493     30.04933     16.141714
  16.056955     9.25571      4.625522   -12.718781     9.332287
   8.285148    -4.308509     4.874631   -17.653107     9.850542
  12.777376    -2.8328905  -12.572587    -2.7613587   18.881245
  17.535442    14.588925     7.0039454   12.387326    11.163807
   9.043896    17.168385    17.697906    33.793648    29.96183
  18.882648    27.634956    31.065964    37.082928    27.930511
  19.58122     19.889875    31.547276    17.218922     8.644905
  11.734778    14.845487     4.7628174   20.104132    21.937738
  15.021241    17.405142    40.349228   -36.88166     16.161497
   9.544684    32.25589     23.038847    31.907166    38.38381
  21.273941    25.319563    18.98102     14.729999    20.281702
  23.755667     3.5121126   25.101017   -21.342897    12.122689
  11.040923    26.78654     22.236544    13.600831    10.067338
   5.1930227   21.329243     8.7564      13.156191    11.849756
  24.637936    13.8431       5.3784986    1.5051385    9.794986
  16.837933    10.670166    15.869672    14.242335    13.719632
   6.068113     0.8610658   -2.8760731   -7.6083922   -9.792476
 -19.002243    -9.76314    -16.136307    -7.8641496  -18.217812
 -12.948074    -6.770582    -5.5000105  -10.625503     1.7465787
 -19.98149    -19.134563   -11.424005   -19.891401   -14.7359495
 -13.112134    -1.994904   -11.1984005  -10.231741     1.5043337
  -1.0300931    3.6497252    3.0730333   -1.4679222   -8.268105
 -28.550955    -2.6962826  -12.267827     4.5868483   -4.625713
 -14.959588   -17.544182   -20.067995   -20.866983   -18.012882
 -20.101898   -31.16895    -25.082573   -19.775888    -7.3850117
 -18.976746   -22.746655   -28.231993   -29.559013   -25.072704
 -36.83561    -37.9745     -27.834618   -28.185516   -23.19886
 -38.020382   -32.19403    -34.066593   -35.069435   -28.484715
 -36.14483    -28.602818   -17.767542   -14.347399   -24.703323
 -32.49893    -20.951782   -26.674295   -32.84783    -26.164343
 -21.211771   -21.880894   -22.458477   -31.025654   -26.102217
 -26.360868   -15.593245   -26.225054   -20.388092   -14.677046
 -17.249773   -19.084007   -20.524235   -19.977957   -24.411783
 -38.637154    -4.073085   -33.18256     -3.483519    -7.68315
 -18.16342    -51.50812    -85.796394   -75.2299     -57.36056
 -54.445503   -47.504097   -48.937153   -34.890972   -43.62306
 -25.51623    -38.26883    -30.863838   -31.60826     -6.787028
 -19.962194   -10.445921   -25.008907   -10.819479    -4.585699
 -53.461555    -2.5583935   13.3552065  -15.083492     5.143242
   8.12059     -2.3271966   -9.762122   -25.242195    -2.5584831
  22.856968    17.580643    -6.5613647   65.7146     -63.75162
   4.493544    11.745525    -8.101458     0.32871592 -28.971222
   9.381011     3.9721165   40.347343    -6.113807    19.734648
  15.803431    -0.7471282   12.8609295  -22.034079   -21.331066
  11.056535   -11.001948    28.133947   -25.284092     2.829934
  -1.82606     26.92588     10.709109   -96.637024   -78.52761
  42.1421      43.03825     14.467081    -8.257793   -15.788059
  -5.792521    20.521671    21.660313    21.866964    -9.484393
   0.9474034   -0.80999845  13.969472    -7.7625747  -35.109123
  -1.7283441   13.795408    11.918499     5.7210655    6.863946
  -5.9149914   26.580841     1.6826686   17.681158   -25.053083
  28.164234    18.082289    19.236132    17.440342   -12.196055
   2.2255783    0.77591884]","[22.84948   22.71254   21.30403   20.347616  30.90305   30.123312
 50.82573   34.632748  34.0565    51.870205  22.189629  30.626463
 27.338797  27.692505  43.029102  44.009224  33.829636  41.10772
 47.02631   24.857397  29.032627  22.407238  26.678085  24.879164
 27.996618  26.538198  25.678782  60.015766  32.82019   23.788782
 33.948666  29.564445  25.212725  25.598173  22.484486  29.95274
 34.725735  40.662895  36.70215   34.039146  32.083996  27.23276
 46.445816  44.205547  29.326565  30.949345  22.913284  34.29041
 37.709568  31.166458  44.42585   36.907078  32.67118   34.791683
 34.009487  33.407196  44.750153  48.11598   37.34885   42.00824
 37.10175   34.59794   39.118366  39.961937  42.063473  22.759398
 25.048405  25.514946  37.45471   31.480675  56.001213  51.508633
 57.717762  31.419622  24.983746  26.76553   26.013773  25.63454
 38.10242   37.59958    4.7817683  4.4849524  3.7898202  3.094328
  3.0422893  3.196734   2.9777215  3.157787   4.559047   5.9253216
  4.6907897  4.6117945  4.9170566  3.7892141  7.044027   5.0145383
  4.7228284  3.3097677  4.53796    8.705705   5.8348513  6.173171
  3.6134248  3.6397836  3.6223295  3.5861292  3.8001409  4.2375817
  4.3712864  3.3003404  3.290332   6.9487343  6.495669   7.646606
  6.4271874  6.3654284  7.855083   7.154371  16.007864   8.464538
  7.577792   7.4831276  8.989642   8.680448   7.048513   9.1778
  8.885708   8.56487    6.397069   8.52731    9.75302    8.062592
 10.4382925 10.463985   9.839058   9.518641   7.1692343  6.0435004
  7.747913   9.2901945  7.264505  15.494697   5.8654623  6.1053095
  6.3506255  6.5362787  6.292278  11.755773   8.20288    6.020934
  6.683386   9.40959   50.955795  59.92948   42.71062   40.92663
 10.612164   5.0905256  5.286651   6.4080143 11.486871   9.718037
  7.629796   9.494088   8.020886  17.43373    7.512737   8.673635
 23.498789  10.573314   8.577789  10.881906  10.802866  10.335034
 10.594433   7.384781  13.1405115  9.864371  11.529131   6.2260523
 19.022055   6.493794   8.189075   8.27129    8.255937   6.6938086
  7.1798615  6.7886567  6.594233   5.2836013  8.985781   7.183889
 10.1331005  6.318138   7.15728    7.013231   4.5062404  4.4445014
  4.7649164  4.6683664  4.414685   6.097605   4.507348   5.588148
  6.247164   6.578051   5.570909   4.867611   3.3860154  4.468232
  4.087261  13.802539  16.45729   14.0893955 15.032346  16.219948
  7.5638304  7.952291   6.3358107  4.7687483  5.833034  12.368911
  5.247228  11.90736   13.175639   6.0458684  3.9514294  4.6845894
  4.6884346  5.5866976  5.3484383  5.6038065  4.083804   4.9987526
 12.066769   7.7314816  4.313005   7.4350533  6.7293444  5.070928
  6.2925763  4.050586   4.116092   4.3880157  6.9842243  5.5028524
  4.6430383 11.046972   5.540955   5.3706107  5.3885646  8.494239
  6.9486194  7.125405  11.418173   9.815851   7.842073   4.8376036
  5.833244   3.7210147  5.2159047  5.2667303  5.4287066  5.234143
  4.302585   4.737897   4.358492   5.6443267  6.115588   5.5254407
  3.3104866  4.6101966 10.391656   8.188189   4.164318   7.6712556
 13.558035  13.341156  12.417702  13.305794   5.571238  11.165578
 11.806702  12.34865   13.054389  11.334033  10.091706   8.907758
 10.635863  11.172613  10.637227  10.628441  12.268402  17.029285
  9.514353  12.055254   9.664544  10.8757105 12.570041  12.54582
 26.705189  14.998106  11.918132  11.777168  14.984524  15.631122
 11.202647  10.891729  18.550472  13.441676  13.368172   9.349456
 12.024604  80.27875   65.91238   53.29886   48.412907  14.5448265
 13.300011  12.981736  12.559922   8.632404  23.759125  10.953752
 11.16823   23.495737  13.593838  13.271452  14.235361  10.552129
 12.4847975 13.273594  18.115719  49.73428   38.189075  49.56901
 52.06858   67.08821   69.46592   36.001736  34.236515  73.08822
 40.923813  16.259209  14.392145   7.666818  21.133945  15.933393
 12.125525  18.960827  14.226293  12.289378  23.356277  14.190236
 15.703438  13.147655  15.141195  15.322861  11.353942  26.213274
 28.134481  14.334792  14.544156  11.798137  14.2165165 11.1073065
 13.486134   9.606748  14.4171095 21.140083  14.068186  11.31584  ]","[1.42 1.5  1.5  1.38 1.98 2.02 3.37 2.4  2.06 3.02 1.57 2.24 1.67 1.68
 2.53 2.56 2.06 2.52 2.68 1.62 1.82 1.6  1.85 1.78 1.95 1.9  1.9  4.16
 2.4  1.76 2.48 1.86 1.64 1.59 1.47 1.96 2.14 1.95 2.39 2.27 2.17 1.87
 2.98 2.78 2.06 2.03 1.58 2.34 2.41 2.11 3.1  2.44 2.29 2.49 2.47 2.45
 2.67 2.76 2.03 2.13 2.31 2.09 2.53 2.49 2.45 1.57 1.73 1.79 2.13 1.81
 2.91 2.72 2.97 2.17 1.66 1.61 1.83 1.82 2.58 2.57 2.71 2.58 2.11 1.7
 1.67 1.79 1.37 1.75 2.53 3.5  2.73 2.64 2.8  2.16 2.83 2.42 2.75 1.73
 2.58 4.72 3.49 3.63 2.   2.01 1.94 1.81 1.65 2.24 2.29 1.68 1.57 3.54
 1.49 1.56 1.69 1.68 2.12 1.88 3.66 2.33 2.08 2.07 2.37 2.39 1.94 2.43
 2.37 2.39 1.67 1.37 1.7  1.89 2.86 1.7  2.29 2.26 1.96 1.58 1.87 1.97
 1.96 3.55 1.58 1.57 1.64 1.61 1.54 1.35 1.49 1.34 1.68 2.44 2.87 4.13
 3.83 3.92 1.84 1.39 1.44 1.53 2.65 2.63 2.06 2.18 2.03 4.11 2.01 2.27
 4.08 2.92 2.03 2.75 2.74 2.64 2.67 2.03 3.52 2.69 2.78 1.52 3.6  1.77
 2.11 2.12 1.64 1.6  1.94 1.83 1.81 1.41 2.26 1.76 1.72 1.63 2.82 2.81
 1.85 1.84 1.99 1.96 1.53 2.53 1.88 2.25 2.59 2.82 2.39 2.03 1.38 1.88
 1.65 2.54 2.75 2.35 2.31 2.3  3.06 3.24 2.48 1.98 1.78 5.4  2.15 5.07
 5.61 2.55 1.65 1.71 1.71 1.87 1.78 1.76 1.74 1.81 2.   1.84 1.71 2.54
 2.53 1.88 2.75 1.69 1.7  1.81 3.03 2.25 1.88 4.37 2.35 2.25 2.33 2.9
 2.75 2.78 4.18 3.68 3.17 2.01 2.44 1.56 2.15 2.16 2.23 2.08 1.67 1.71
 1.68 2.17 2.3  2.33 1.31 1.75 2.   3.24 1.62 2.86 2.47 2.4  2.11 2.14
 2.13 2.7  2.76 3.06 3.27 2.88 2.53 2.14 2.53 2.55 2.49 2.56 2.77 3.35
 1.9  1.69 1.47 1.59 1.95 1.89 3.88 2.41 1.91 1.9  2.4  2.5  1.82 1.8
 2.22 1.73 1.72 1.54 1.92 2.87 3.17 2.75 2.71 1.91 2.1  2.08 1.92 1.45
 3.33 1.66 1.86 3.68 1.34 1.72 2.12 1.73 2.03 1.49 2.08 2.12 2.04 3.07
 2.87 3.38 3.13 2.33 2.2  4.12 2.04 2.21 2.42 1.28 2.57 1.88 1.79 2.73
 2.27 1.87 3.22 2.22 2.37 2.23 2.32 2.58 1.82 2.27 3.23 1.92 1.96 1.62
 2.06 1.74 2.18 1.53 2.28 2.51 1.8  1.45]","[49.58 46.66 41.85 42.85 45.38 44.54 43.16 42.31 50.34 51.   42.08 41.25
 49.7  49.71 50.48 50.53 48.6  46.2  47.49 46.1  47.11 41.56 43.05 41.98
 42.86 41.25 40.61 43.24 41.19 40.87 41.7  44.43 45.41 46.35 45.86 45.7
 47.21 62.44 45.45 44.85 44.66 44.28 47.55 48.52 42.12 45.02 42.81 42.73
 43.48 42.48 41.76 42.8  41.91 41.47 41.15 40.83 44.07 45.07 45.29 46.38
 48.9  49.6  45.88 45.11 46.04 44.03 43.9  42.51 48.37 48.55 49.77 49.9
 49.38 44.09 44.89 47.33 41.91 41.54 42.64 42.17 16.18 15.94 16.21 16.36
 16.4  16.48 22.11 16.43 16.03 16.38 16.45 16.54 16.03 16.01 27.62 21.83
 16.26 16.28 16.46 16.02 16.28 16.22 16.28 16.22 16.06 15.96 20.61 16.24
 16.4  17.94 18.52 18.59 40.26 44.55 33.1  32.97 32.7  33.37 40.24 32.34
 32.26 32.13 33.35 32.14 31.99 33.04 32.78 31.93 33.27 58.6  54.76 39.28
 32.95 58.65 39.38 38.63 32.13 32.78 37.88 43.97 32.67 40.05 32.36 34.57
 34.64 36.69 36.79 85.05 51.18 40.59 35.29 34.08 68.84 55.3  41.28 37.94
 54.98 31.84 31.9  37.39 39.57 32.63 32.42 37.8  34.03 35.52 32.85 33.3
 55.59 32.13 37.27 34.1  33.99 34.71 35.22 32.24 32.93 32.5  35.19 36.56
 45.11 32.19 33.58 33.8  46.92 35.37 32.7  32.62 32.3  32.64 34.51 35.17
 55.35 34.25 25.05 24.67 24.51 24.37 24.23 24.2  30.17 24.68 24.28 24.82
 24.43 23.88 23.84 24.14 24.02 23.97 24.65 63.9  26.64 27.34 30.24 33.46
 25.8  25.44 24.97 24.14 37.09 24.06 24.76 24.41 24.47 24.12 24.05 29.27
 29.31 33.29 33.41 36.01 23.84 29.4  69.55 46.26 25.76 32.55 28.13 28.56
 23.96 24.36 24.45 24.42 23.92 24.51 24.85 25.15 24.52 24.47 24.25 31.79
 26.67 27.06 25.69 25.51 24.82 24.45 24.44 23.95 24.26 24.41 24.43 24.81
 26.36 26.25 25.36 25.23 25.62 24.43 24.77 26.5  61.51 26.11 26.17 27.25
 25.22 26.13 28.25 30.5  25.74  4.79  4.73  4.81  4.83  4.8   4.84  4.86
  4.8   4.75  4.84  4.81  4.67  4.67  4.88 51.41 46.59 48.32 44.33 45.61
 47.78 43.3  43.11 42.99 43.41 43.09 42.55 42.24 60.58 55.48 54.82 42.29
 43.81 89.58 66.03 60.35 55.09 54.99 44.78 44.26 46.14 41.44 50.27 46.91
 41.74 45.02 73.8  53.97 46.77 42.63 42.96 64.85 62.93 76.52 60.4  50.27
 56.99 63.57 71.81 48.61 49.64 56.81 65.33 53.21 41.79 41.54 59.55 61.71
 48.1  48.94 43.55 46.39 50.21 44.87 45.41 41.3  44.93 41.67 43.49 83.8
 56.1  52.73 52.55 50.74 48.53 43.89 42.86 43.37 43.88 58.32 54.8  55.47]","[0.25 0.25 0.25 0.25 0.25 0.25 0.25 0.25 0.25 0.25 0.25 0.25 0.25 0.25
 0.25 0.25 0.25 0.25 0.25 0.25 0.25 0.25 0.25 0.25 0.25 0.25 0.25 0.25
 0.25 0.25 0.25 0.25 0.25 0.25 0.25 0.25 0.25 0.25 0.25 0.25 0.25 0.25
 0.25 0.25 0.25 0.25 0.25 0.25 0.25 0.25 0.25 0.25 0.25 0.25 0.25 0.25
 0.25 0.25 0.25 0.25 0.25 0.25 0.25 0.25 0.25 0.25 0.25 0.25 0.25 0.25
 0.25 0.25 0.25 0.25 0.25 0.25 0.25 0.25 0.25 0.25 0.25 0.25 0.25 0.25
 0.25 0.25 0.25 0.25 0.25 0.25 0.25 0.25 0.25 0.25 0.25 0.25 0.25 0.25
 0.25 0.25 0.25 0.25 0.25 0.25 0.25 0.25 0.25 0.25 0.25 0.25 0.25 0.25
 0.25 0.25 0.25 0.25 0.25 0.25 0.25 0.25 0.25 0.25 0.25 0.25 0.25 0.25
 0.25 0.25 0.25 0.25 0.25 0.25 0.25 0.25 0.25 0.25 0.25 0.25 0.25 0.25
 0.25 0.25 0.25 0.25 0.25 0.25 0.25 0.25 0.25 0.25 0.25 0.25 0.25 0.25
 0.25 0.25 0.25 0.25 0.25 0.25 0.25 0.25 0.25 0.25 0.25 0.25 0.25 0.25
 0.25 0.25 0.25 0.25 0.25 0.25 0.25 0.25 0.25 0.25 0.25 0.25 0.25 0.25
 0.25 0.25 0.25 0.25 0.25 0.25 0.25 0.25 0.25 0.25 0.25 0.25 0.25 0.25
 0.25 0.25 0.25 0.25 0.25 0.25 0.25 0.25 0.25 0.25 0.25 0.25 0.25 0.25
 0.25 0.25 0.25 0.25 0.25 0.25 0.25 0.25 0.25 0.25 0.25 0.25 0.25 0.25
 0.25 0.25 0.25 0.25 0.25 0.25 0.25 0.25 0.25 0.25 0.25 0.25 0.25 0.25
 0.25 0.25 0.25 0.25 0.25 0.25 0.25 0.25 0.25 0.25 0.25 0.25 0.25 0.25
 0.25 0.25 0.25 0.25 0.25 0.25 0.25 0.25 0.25 0.25 0.25 0.25 0.25 0.25
 0.25 0.25 0.25 0.25 0.25 0.25 0.25 0.25 0.25 0.25 0.25 0.25 0.25 0.25
 0.25 0.25 0.25 0.25 0.25 0.25 0.25 0.25 0.25 0.25 0.25 0.25 0.25 0.25
 0.25 0.25 0.25 0.25 0.25 0.25 0.25 0.25 0.25 0.25 0.25 0.25 0.25 0.25
 0.25 0.25 0.25 0.25 0.25 0.25 0.25 0.25 0.25 0.25 0.25 0.25 0.25 0.25
 0.25 0.25 0.25 0.25 0.25 0.25 0.25 0.25 0.25 0.25 0.25 0.25 0.25 0.25
 0.25 0.25 0.25 0.25 0.25 0.25 0.25 0.25 0.25 0.25 0.25 0.25 0.25 0.25
 0.25 0.25 0.25 0.25 0.25 0.25 0.25 0.25 0.25 0.25 0.25 0.25 0.25 0.25
 0.25 0.25 0.25 0.25 0.25 0.25 0.25 0.25]","[30.15 30.15 30.1  30.09 30.08 30.11 30.06 30.09 30.13 30.1  30.11 30.12
 30.13 30.12 30.1  30.09 30.1  30.05 30.   30.12 30.1  30.11 30.11 30.12
 30.11 30.1  30.12 30.11 30.12 30.13 30.13 30.04 30.1  30.07 30.12 30.11
 30.08 30.11 30.1  30.11 30.12 30.13 30.13 30.13 30.1  30.1  30.1  30.08
 30.03 30.07 30.08 30.05 30.09 30.1  30.11 30.11 29.97 29.95 29.9  29.85
 30.13 30.11 30.1  30.04 29.99 30.13 30.13 30.11 30.02 30.04 29.95 29.97
 29.93 30.13 30.11 30.06 30.1  30.1  30.07 30.07 31.49 31.49 31.5  31.54
 31.55 31.56 31.66 31.54 31.49 31.54 31.56 31.55 31.5  31.54 31.67 31.64
 31.55 31.55 31.55 31.4  31.55 31.52 31.55 31.54 31.51 31.45 31.53 31.48
 31.47 31.58 31.55 31.5  31.37 31.34 31.31 31.31 31.31 31.31 31.34 31.32
 31.32 31.32 31.3  31.31 31.32 31.3  31.3  31.32 31.31 31.38 31.39 31.36
 31.33 31.39 31.35 31.35 31.32 31.31 31.36 31.37 31.32 31.34 31.33 31.34
 31.34 31.35 31.35 31.41 31.37 31.36 31.33 31.31 30.4  30.38 30.35 30.33
 31.39 31.34 31.34 31.35 31.34 31.31 31.31 31.29 31.29 31.24 31.31 31.3
 31.39 31.31 31.31 31.28 31.28 31.31 31.31 31.32 31.3  31.31 31.26 31.34
 31.26 31.32 31.29 31.29 31.37 31.28 31.32 31.32 31.33 31.33 31.29 31.29
 31.37 31.32 31.47 31.47 31.53 31.53 31.53 31.53 31.57 31.52 31.54 31.5
 31.51 31.51 31.52 31.52 31.54 31.53 31.53 31.64 30.59 30.62 30.64 30.66
 31.53 31.52 31.47 31.52 31.62 31.52 31.52 31.51 31.51 31.51 31.54 31.58
 31.58 31.61 31.61 31.62 31.54 31.57 31.62 31.58 31.54 31.59 31.54 31.56
 31.53 31.53 31.53 31.52 31.52 31.49 31.51 31.46 31.53 31.52 31.54 31.56
 31.54 31.54 31.4  31.42 31.48 31.52 31.51 31.54 31.5  31.5  31.5  31.48
 31.54 31.45 31.5  31.46 31.45 31.53 31.55 31.52 31.65 31.51 31.54 31.49
 30.63 30.65 30.68 30.7  31.48 29.55 29.47 29.55 29.57 29.6  29.62 29.61
 29.58 29.51 29.58 29.59 29.47 29.28 29.51 31.03 31.02 31.01 30.98 30.98
 30.98 30.99 30.99 30.99 30.99 30.98 30.99 31.   31.03 31.02 31.01 31.01
 31.   30.14 30.13 30.11 30.1  31.03 31.01 31.01 31.01 31.01 31.   31.02
 31.   31.   31.04 31.   30.99 31.   31.   31.04 31.03 30.16 30.15 30.11
 30.12 30.14 30.15 30.12 30.14 30.14 30.16 31.03 31.   31.01 31.03 31.04
 31.02 31.   30.99 31.01 30.98 31.   30.97 31.   30.98 31.   31.   31.03
 30.9  31.01 31.01 31.   31.   30.99 30.99 31.   30.99 30.98 31.   31.02]","[0.005 0.005 0.005 0.005 0.005 0.005 0.005 0.005 0.005 0.005 0.005 0.005
 0.005 0.005 0.005 0.005 0.005 0.005 0.005 0.005 0.005 0.005 0.005 0.005
 0.005 0.005 0.005 0.005 0.005 0.005 0.005 0.005 0.005 0.005 0.005 0.005
 0.005 0.005 0.005 0.005 0.005 0.005 0.005 0.005 0.005 0.005 0.005 0.005
 0.005 0.005 0.005 0.005 0.005 0.005 0.005 0.005 0.005 0.005 0.005 0.005
 0.005 0.005 0.005 0.005 0.005 0.005 0.005 0.005 0.005 0.005 0.005 0.005
 0.005 0.005 0.005 0.005 0.005 0.005 0.005 0.005 0.005 0.005 0.005 0.005
 0.005 0.005 0.005 0.005 0.005 0.005 0.005 0.005 0.005 0.005 0.005 0.005
 0.005 0.005 0.005 0.005 0.005 0.005 0.005 0.005 0.005 0.005 0.005 0.005
 0.005 0.005 0.005 0.005 0.005 0.005 0.005 0.005 0.005 0.005 0.005 0.005
 0.005 0.005 0.005 0.005 0.005 0.005 0.005 0.005 0.005 0.005 0.005 0.005
 0.005 0.005 0.005 0.005 0.005 0.005 0.005 0.005 0.005 0.005 0.005 0.005
 0.005 0.005 0.005 0.005 0.005 0.005 0.005 0.005 0.005 0.005 0.005 0.005
 0.005 0.005 0.005 0.005 0.005 0.005 0.005 0.005 0.005 0.005 0.005 0.005
 0.005 0.005 0.005 0.005 0.005 0.005 0.005 0.005 0.005 0.005 0.005 0.005
 0.005 0.005 0.005 0.005 0.005 0.005 0.005 0.005 0.005 0.005 0.005 0.005
 0.005 0.005 0.005 0.005 0.005 0.005 0.005 0.005 0.005 0.005 0.005 0.005
 0.005 0.005 0.005 0.005 0.005 0.005 0.005 0.005 0.005 0.005 0.005 0.005
 0.005 0.005 0.005 0.005 0.005 0.005 0.005 0.005 0.005 0.005 0.005 0.005
 0.005 0.005 0.005 0.005 0.005 0.005 0.005 0.005 0.005 0.005 0.005 0.005
 0.005 0.005 0.005 0.005 0.005 0.005 0.005 0.005 0.005 0.005 0.005 0.005
 0.005 0.005 0.005 0.005 0.005 0.005 0.005 0.005 0.005 0.005 0.005 0.005
 0.005 0.005 0.005 0.005 0.005 0.005 0.005 0.005 0.005 0.005 0.005 0.005
 0.005 0.005 0.005 0.005 0.005 0.005 0.005 0.005 0.005 0.005 0.005 0.005
 0.005 0.005 0.005 0.005 0.005 0.005 0.005 0.005 0.005 0.005 0.005 0.005
 0.005 0.005 0.005 0.005 0.005 0.005 0.005 0.005 0.005 0.005 0.005 0.005
 0.005 0.005 0.005 0.005 0.005 0.005 0.005 0.005 0.005 0.005 0.005 0.005
 0.005 0.005 0.005 0.005 0.005 0.005 0.005 0.005 0.005 0.005 0.005 0.005
 0.005 0.005 0.005 0.005 0.005 0.005 0.005 0.005 0.005 0.005 0.005 0.005
 0.005 0.005 0.005 0.005 0.005 0.005 0.005 0.005 0.005 0.005 0.005 0.005
 0.005 0.005 0.005 0.005 0.005 0.005 0.005 0.005 0.005 0.005 0.005 0.005]","[1. 1. 1. 1. 1. 1. 1. 1. 1. 1. 1. 1. 1. 1. 1. 1. 1. 1. 1. 1. 1. 1. 1. 1.
 1. 1. 1. 1. 1. 1. 1. 1. 1. 1. 1. 1. 1. 1. 1. 1. 1. 1. 1. 1. 1. 1. 1. 1.
 1. 1. 1. 1. 1. 1. 1. 1. 1. 1. 1. 1. 1. 1. 1. 1. 1. 1. 1. 1. 1. 1. 1. 1.
 1. 1. 1. 1. 1. 1. 1. 1. 1. 1. 1. 1. 1. 1. 1. 1. 1. 1. 1. 1. 1. 1. 1. 1.
 1. 1. 1. 1. 1. 1. 1. 1. 1. 1. 1. 1. 1. 1. 1. 1. 1. 1. 1. 1. 1. 1. 1. 1.
 1. 1. 1. 1. 1. 1. 1. 1. 1. 1. 1. 1. 1. 1. 1. 1. 1. 1. 1. 1. 1. 1. 1. 1.
 1. 1. 1. 1. 1. 1. 1. 1. 1. 1. 1. 1. 1. 1. 1. 1. 1. 1. 1. 1. 1. 1. 1. 1.
 1. 1. 1. 1. 1. 1. 1. 1. 1. 1. 1. 1. 1. 1. 1. 1. 1. 1. 1. 1. 1. 1. 1. 1.
 1. 1. 1. 1. 1. 1. 1. 1. 1. 1. 1. 1. 1. 1. 1. 1. 1. 1. 1. 1. 1. 1. 1. 1.
 1. 1. 1. 1. 1. 1. 1. 1. 1. 1. 1. 1. 1. 1. 1. 1. 1. 1. 1. 1. 1. 1. 1. 1.
 1. 1. 1. 1. 1. 1. 1. 1. 1. 1. 1. 1. 1. 1. 1. 1. 1. 1. 1. 1. 1. 1. 1. 1.
 1. 1. 1. 1. 1. 1. 1. 1. 1. 1. 1. 1. 1. 1. 1. 1. 1. 1. 1. 1. 1. 1. 1. 1.
 1. 1. 1. 1. 1. 1. 1. 1. 1. 1. 1. 1. 1. 1. 1. 1. 1. 1. 1. 1. 1. 1. 1. 1.
 1. 1. 1. 1. 1. 1. 1. 1. 1. 1. 1. 1. 1. 1. 1. 1. 1. 1. 1. 1. 1. 1. 1. 1.
 1. 1. 1. 1. 1. 1. 1. 1. 1. 1. 1. 1. 1. 1. 1. 1. 1. 1. 1. 1. 1. 1. 1. 1.
 1. 1. 1. 1. 1. 1. 1. 1. 1. 1. 1. 1.]","[22.317905 22.321787 22.265324 22.26412  22.315077 22.313766 22.35007
 22.348846 22.369377 22.369959 22.452194 22.453056 22.390333 22.389406
 22.389292 22.389162 22.401741 22.398827 22.396528 22.417753 22.417498
 22.325068 22.252613 22.253523 22.24498  22.232647 22.230783 22.269476
 22.366142 22.367188 22.418493 22.457018 22.434181 22.435219 22.432423
 22.458294 22.469154 22.469767 22.443996 22.442833 22.442587 22.444113
 22.40911  22.416513 22.376484 22.376638 22.408527 22.418993 22.440048
 22.44345  22.450882 22.450579 22.481297 22.48173  22.484034 22.483791
 22.484398 22.484926 22.481897 22.481886 22.532276 22.536848 22.52484
 22.485569 22.486643 22.490011 22.489489 22.508244 22.447113 22.44516
 22.443205 22.443365 22.421331 22.422998 22.422129 22.40202  22.400494
 22.40006  22.401558 22.401804 22.976402 22.976612 23.024462 23.02664
 23.026978 23.031912 23.048437 23.106085 22.603052 22.581583 22.583086
 22.58385  22.586908 22.716333 22.632362 22.617476 22.534098 22.476624
 22.499979 22.56219  22.560196 22.560751 22.604301 22.60386  22.567015
 22.549719 22.525745 22.51863  22.518528 22.688028 22.691572 22.638618
 22.870642 22.903877 22.879847 22.879715 22.870079 22.862797 22.876791
 22.817915 22.80327  22.803652 22.787468 22.77818  22.778275 22.799189
 22.799068 22.743582 22.698862 22.67769  22.696743 22.68176  22.577005
 22.578638 22.549873 22.549707 22.56885  22.523397 22.555315 22.564888
 22.63488  22.60737  22.681532 22.698084 22.69787  22.706139 22.706247
 22.74302  22.727587 22.697737 22.756514 22.761204 22.630726 22.629343
 22.628588 22.629232 22.499636 22.5348   22.53453  22.504732 22.515768
 22.5122   22.531252 22.724087 22.711588 22.707468 22.715534 22.718119
 22.717749 22.765978 22.76298  22.752563 22.75214  22.75833  22.758085
 22.77756  22.79603  22.807665 22.812973 22.796923 22.741846 22.746557
 22.756794 22.756952 22.767721 22.759539 22.750689 22.769705 22.759804
 22.799469 22.811474 22.81307  22.869888 22.900938 22.74896  22.748987
 22.77658  22.77713  22.78379  22.78411  22.723364 22.709946 22.700768
 22.676893 22.661137 22.812021 22.811367 22.803865 22.874992 22.769236
 22.786222 22.779392 22.660135 22.659512 22.65862  22.658941 22.686995
 22.687284 22.770725 22.758099 22.770075 22.772627 22.780226 22.79095
 22.790916 22.884495 22.862288 22.860378 22.860363 22.863844 22.864136
 22.914095 22.906458 22.91072  22.94102  23.01138  23.021734 23.014046
 23.018251 23.019684 23.046608 23.032875 23.032532 22.977402 23.04829
 23.04508  23.086237 23.09195  23.04586  23.048223 23.021906 22.932812
 22.928192 22.927734 22.975378 22.975414 22.971687 23.00139  23.001358
 22.992237 23.007387 23.007574 22.957151 22.940403 22.939741 22.944376
 22.87547  22.868895 22.868727 22.859747 22.83356  22.872946 22.895803
 22.956375 22.966522 22.965628 22.810272 22.811373 22.811108 22.81108
 22.827791 23.258368 23.304934 23.291922 23.260368 23.198805 23.203226
 23.205227 22.827963 22.85091  22.82712  22.85222  22.879675 22.82821
 22.711319 22.82446  22.856329 22.77544  22.773039 22.751156 22.683437
 22.572025 22.570848 22.57059  22.589182 22.599905 22.592415 22.592367
 22.545979 22.588905 22.571775 22.559996 22.647282 22.733187 22.731586
 22.731012 22.731604 22.598402 22.548717 22.549055 22.478708 22.457006
 22.466438 22.484388 22.446821 22.551506 22.582773 22.549067 22.656149
 22.633774 22.668245 22.68882  22.660145 22.674734 22.675537 22.70864
 22.708334 22.709524 22.711037 22.675217 22.674055 22.674662 22.67596
 22.653858 22.637949 22.631182 22.568596 22.563953 22.524578 22.561352
 22.545547 22.515354 22.512394 22.521164 22.561274 22.576408 22.593096
 22.527122 22.461012 22.462263 22.515503 22.514269 22.514692 22.513023
 22.512848 22.531776 22.52642  22.5407   22.545246 22.548315 22.579672
 22.561583]",295.71523382590135,-27.861601543532643,160,372,545861,546232,0.15123269,0.0075616343,0.93361,0.93361,0.93246347,0.93361,0.0,300.0,0,0,0,0,-9.0,-9.0,-9.0,-9.0,-999.0,-999.0,-9.0,-9.0,-99.0,-9999.0,-9999.0,-9999.0,-9999.0,-9999.0,-9999.0,-9999.0,-9999.0,-9999.0,0,-9999.0,0,-9.0,-9.0,-9.0,-9.0,-9.0,-9.0,-9.0,-9.0,-9.0,-9.0,-9.0,999.0,999.0,999.0,999.0,999.0,999.0,999.0,999.0,999.0,999.0,999.0,999.0,0,0,-9.0,-9.0,-9.0,-9.0,-999.0,-999.0,-9.0,-9.0,-9999.0,-9999.0,-9999.0,-9999.0,-9999.0,-9999.0,-9999.0,-9999.0,-9999.0,0,-9999.0,0,999.0,999.0,999.0,999.0,999.0,999.0,999.0,999.0,999.0,999.0,999.0,999.0,-9.0,-9.0,-9.0,-9.0,-9.0,-9.0,-9.0,-9.0,-9.0,-9.0,-9.0,0.0,0.0,0.0,0.0,0.0,0.0,60794.63,60853.332,60853.332,61706.027,AGN,15,60,UNKNOWN,15,37825,1,0,1,1.4567962,1.4536346,1.4698,4,208.3368,6817283503,45.08392,0.01663787,295.7152404785156,-27.861600875854492,0.16092579,60796.0,-9.0,0.0,-9.0,-9.0,23.0788,22.893055,22.734688,22.95527,22.871183,22.263155,1.0,1.0,1.0,1.0,1.0,1.0,-9.0,-9.0,-9.0,-9.0,-9.0,-9.0,-9,22.454567,22.898006,22.598894,22.940638,22.596386,22.644394,,,,,,,,,,,,,,,,,,,,,,,173528780.0,-21.573685,0.019486422,0.019486422,1000000000.0,0.0
34953173,"[60800.9718 60801.1398 60804.0382 60804.0387 60804.0614 60804.0618
 60806.2537 61075.3129 61075.336  61075.3539 61075.3641 61101.3048
 61102.1718 61102.1948 61104.3095 61104.3324 61126.18   61131.1936
 61131.2165 61134.2061 61155.152  61155.1751 61158.1425 61159.1572
 61159.1804 61161.1707 61161.1933 61191.0213 61191.044  61422.3481
 61422.3584 61425.2493 61425.2507 61425.2719 61425.2733 61427.3391
 61430.3144 61433.3713 61449.3226 61449.3454 61453.1502 61453.1727
 61457.232  61461.3007 61461.3234 61484.085  61488.1593 61488.1825
 61508.1419 61513.2175 61513.2402 61514.1055 61515.1081 61539.0511
 61541.0511 61546.0916 61811.3172 61811.341  61812.3204 61840.254
 61877.2203 61877.243  60796.0595 60796.2524 60797.0455 60799.1296
 60800.0562 61097.2651 61097.2656 61108.2676 61108.2686 61112.2822
 61439.2946 61442.2934 61442.2944 61460.0812 61476.0595 61476.1157
 61477.2782 61478.2618 61492.1841 61492.1846 61498.1962 61500.1425
 61505.1133 61527.0554 61558.0189 61799.2936 61854.1478 60803.0051
 61042.3004 61042.3008 61048.3157 61048.3223 61066.271  61076.3433
 61079.3248 61089.3183 61096.103  61096.2682 61100.0708 61100.268
 61120.0361 61120.2313 61137.1438 61156.0286 61160.1848 61170.1205
 61175.0575 61210.0547 61215.0048 61411.3184 61424.254  61427.2225
 61433.3312 61435.3114 61438.2339 61444.3167 61444.3172 61452.1281
 61452.3219 61456.1149 61456.1746 61468.2554 61472.0519 61472.2441
 61474.2284 61481.1364 61495.169  61499.1656 61500.2038 61501.1669
 61506.1383 61506.1411 61511.0895 61516.1852 61530.0814 61551.1019
 61553.0515 61560.9595 61561.1179 61816.3327 61822.2929 61832.0924
 61832.2003 61848.2453 61872.1839 60799.1535 60800.0319 60802.9811
 61066.2964 61079.3005 61089.2936 61096.0787 61097.2899 61097.2903
 61112.3062 61113.3049 61113.3054 61115.2052 61115.2071 61117.2256
 61117.2269 61141.173  61142.3043 61150.0973 61170.0961 61210.0308
 61214.9809 61402.3528 61405.3501 61411.3016 61414.3057 61417.2798
 61427.1986 61432.3535 61433.3067 61433.3119 61435.3367 61439.3189
 61442.3179 61442.3189 61444.2923 61444.2927 61460.1054 61460.2134
 61474.2014 61476.0358 61477.3029 61478.2363 61480.0346 61481.1117
 61492.209  61492.2094 61495.1445 61496.1724 61498.1719 61499.1404
 61500.1795 61505.1377 61527.0801 61529.0972 61530.0566 61551.0777
 61553.0273 61558.0431 61562.0522 61816.3085 61822.2685 61832.0687
 61848.2209 61854.1722 60796.0827 60796.2752 60797.0683 61113.2809
 61113.2814 61115.1821 61115.1838 61117.2487 61117.25   61142.2804
 61150.0745 61529.0738 61562.028  60800.9609 60801.1155 60801.9986
 60801.9991 61054.3666 61062.3656 61074.2409 61076.1154 61100.047
 61101.2806 61120.0121 61126.1555 61128.0699 61134.182  61137.1681
 61156.0532 61158.118  61160.2087 61175.0819 61192.0789 61418.3642
 61418.3661 61424.3458 61427.3276 61428.2681 61428.269  61430.3391
 61433.3611 61440.3523 61446.2845 61452.1044 61456.0911 61458.2776
 61468.2795 61472.0276 61484.061  61499.9966 61501.1911 61506.1127
 61506.1156 61508.1667 61511.1141 61512.0965 61514.0807 61515.0836
 61516.2092 61539.0267 61541.0268 61546.0675 61784.3288 61812.2958
 61840.2299 61872.2081]","['Y' 'Y' 'Y' 'Y' 'Y' 'Y' 'Y' 'Y' 'Y' 'Y' 'Y' 'Y' 'Y' 'Y' 'Y' 'Y' 'Y' 'Y'
 'Y' 'Y' 'Y' 'Y' 'Y' 'Y' 'Y' 'Y' 'Y' 'Y' 'Y' 'Y' 'Y' 'Y' 'Y' 'Y' 'Y' 'Y'
 'Y' 'Y' 'Y' 'Y' 'Y' 'Y' 'Y' 'Y' 'Y' 'Y' 'Y' 'Y' 'Y' 'Y' 'Y' 'Y' 'Y' 'Y'
 'Y' 'Y' 'Y' 'Y' 'Y' 'Y' 'Y' 'Y' 'g' 'g' 'g' 'g' 'g' 'g' 'g' 'g' 'g' 'g'
 'g' 'g' 'g' 'g' 'g' 'g' 'g' 'g' 'g' 'g' 'g' 'g' 'g' 'g' 'g' 'g' 'g' 'i'
 'i' 'i' 'i' 'i' 'i' 'i' 'i' 'i' 'i' 'i' 'i' 'i' 'i' 'i' 'i' 'i' 'i' 'i'
 'i' 'i' 'i' 'i' 'i' 'i' 'i' 'i' 'i' 'i' 'i' 'i' 'i' 'i' 'i' 'i' 'i' 'i'
 'i' 'i' 'i' 'i' 'i' 'i' 'i' 'i' 'i' 'i' 'i' 'i' 'i' 'i' 'i' 'i' 'i' 'i'
 'i' 'i' 'i' 'r' 'r' 'r' 'r' 'r' 'r' 'r' 'r' 'r' 'r' 'r' 'r' 'r' 'r' 'r'
 'r' 'r' 'r' 'r' 'r' 'r' 'r' 'r' 'r' 'r' 'r' 'r' 'r' 'r' 'r' 'r' 'r' 'r'
 'r' 'r' 'r' 'r' 'r' 'r' 'r' 'r' 'r' 'r' 'r' 'r' 'r' 'r' 'r' 'r' 'r' 'r'
 'r' 'r' 'r' 'r' 'r' 'r' 'r' 'r' 'r' 'r' 'r' 'r' 'r' 'r' 'u' 'u' 'u' 'u'
 'u' 'u' 'u' 'u' 'u' 'u' 'u' 'u' 'u' 'z' 'z' 'z' 'z' 'z' 'z' 'z' 'z' 'z'
 'z' 'z' 'z' 'z' 'z' 'z' 'z' 'z' 'z' 'z' 'z' 'z' 'z' 'z' 'z' 'z' 'z' 'z'
 'z' 'z' 'z' 'z' 'z' 'z' 'z' 'z' 'z' 'z' 'z' 'z' 'z' 'z' 'z' 'z' 'z' 'z'
 'z' 'z' 'z' 'z' 'z' 'z' 'z' 'z']","[4096    0 4096 4096 4096 4096    0 4096    0    0    0 4096    0    0
 4096 4096    0    0    0 4096    0    0 4096    0    0 4096 4096 4096
 4096 4096    0 4096 4096 4096 4096 4096 4096    0 4096 4096    0 4096
 4096 4096 4096 4096    0    0    0 4096 4096 4096 4096 4096 4096    0
 4096 4096 4096 4096 4096 4096 6144 4096 4096 4096 4096 4096 4096 4096
 4096 4096 4096 4096 4096 4096 4096 4096 4096 4096 4096 4096 4096 4096
 4096 4096 4096 4096 4096 4096    0    0 4096 4096 4096 4096 4096 4096
 4096 4096 4096 4096 4096 4096 4096 4096 4096 4096 4096 4096 4096 4096
 4096 4096 4096 4096 4096 4096 4096 4096 4096 4096 4096 4096 4096 4096
 4096 4096 4096 4096 4096 4096 4096 4096 4096 4096 4096 4096 4096 4096
 4096 4096 4096 4096 4096 4096 4096 4096 4096 4096 4096 4096 4096 4096
 4096 4096 4096 4096 4096 4096 4096 4096 4096 4096 4096 4096 4096 4096
 4096 4096 4096 4096 4096 4096 4096 4096 4096 4096 4096 4096 4096 4096
 4096 4096 4096 4096 4096 4096 4096    0 4096 4096 4096 4096 4096 4096
 4096 4096 4096 4096 4096 4096 4096 4096 4096 4096 4096 4096 4096 4096
 4096 4096 4096    0    0 4096 4096 4096    0 4096 4096    0    0 4096
 4096 4096    0 4096 4096 4096 4096    0 4096 4096 4096 4096 4096 4096
 4096 4096 4096 4096 4096 4096 4096    0    0    0 4096 4096 4096    0
 4096 4096 4096 4096 4096    0 4096 4096 4096 4096 4096 4096 4096    0
 4096 4096 4096 4096 4096 4096 4096 4096 4096 4096 4096 4096]","[-9. -9. -9. -9. -9. -9. -9. -9. -9. -9. -9. -9. -9. -9. -9. -9. -9. -9.
 -9. -9. -9. -9. -9. -9. -9. -9. -9. -9. -9. -9. -9. -9. -9. -9. -9. -9.
 -9. -9. -9. -9. -9. -9. -9. -9. -9. -9. -9. -9. -9. -9. -9. -9. -9. -9.
 -9. -9. -9. -9. -9. -9. -9. -9. -9. -9. -9. -9. -9. -9. -9. -9. -9. -9.
 -9. -9. -9. -9. -9. -9. -9. -9. -9. -9. -9. -9. -9. -9. -9. -9. -9. -9.
 -9. -9. -9. -9. -9. -9. -9. -9. -9. -9. -9. -9. -9. -9. -9. -9. -9. -9.
 -9. -9. -9. -9. -9. -9. -9. -9. -9. -9. -9. -9. -9. -9. -9. -9. -9. -9.
 -9. -9. -9. -9. -9. -9. -9. -9. -9. -9. -9. -9. -9. -9. -9. -9. -9. -9.
 -9. -9. -9. -9. -9. -9. -9. -9. -9. -9. -9. -9. -9. -9. -9. -9. -9. -9.
 -9. -9. -9. -9. -9. -9. -9. -9. -9. -9. -9. -9. -9. -9. -9. -9. -9. -9.
 -9. -9. -9. -9. -9. -9. -9. -9. -9. -9. -9. -9. -9. -9. -9. -9. -9. -9.
 -9. -9. -9. -9. -9. -9. -9. -9. -9. -9. -9. -9. -9. -9. -9. -9. -9. -9.
 -9. -9. -9. -9. -9. -9. -9. -9. -9. -9. -9. -9. -9. -9. -9. -9. -9. -9.
 -9. -9. -9. -9. -9. -9. -9. -9. -9. -9. -9. -9. -9. -9. -9. -9. -9. -9.
 -9. -9. -9. -9. -9. -9. -9. -9. -9. -9. -9. -9. -9. -9. -9. -9. -9. -9.
 -9. -9. -9. -9. -9. -9. -9. -9.]","[ 516.8356    -112.980934  -258.1789    -249.71425   -287.29218
 -293.82285    -78.42952    149.58331    160.90598     12.564453
  -45.702324  -550.0797     -26.84092   -156.5403     521.2496
  452.05994   -227.57932    142.8781      99.07983   -289.5995
  158.57802     41.157787  -296.00204     62.83087     60.18761
 -609.95496   -341.50232    375.97476    231.6675    -314.7465
   35.80424   1018.57965    961.95966    923.1563     906.87415
 -392.03268   -522.428      314.77493    296.68808    268.1636
  132.95174    797.6093     822.71246    273.15683    206.09126
  425.89935    121.38324     67.57637     14.833447   225.48953
  214.49738   -601.2559    -300.4991    -223.72954    685.9685
   82.58267    769.2538     621.5598    -526.5077    -560.4893
 -241.73337   -326.1223    -452.01898   -541.22217    144.02043
  304.06143   -456.40424   -590.0278    -603.1965    1292.9268
 1302.5707     946.2792    -495.56775   -460.23004   -424.91077
 1291.4645    1077.8721     438.6577     255.36626   1579.6814
 -224.95381   -232.32181    375.65567    -87.20913   1571.3945
 -456.8733    -657.32855   1842.4669     535.50287   -335.37387
  -39.26126    -23.783632   401.24548    642.7594    -114.710846
  753.0595     141.23785   -588.4028    -351.34027   1038.4524
 -346.9078     970.84937   -318.02182    921.3776    -350.45663
 -569.55145    600.2204    -282.66995    380.03784   -261.99194
  226.97092   -277.72385    275.5517    -187.2701     519.19305
 -329.8694    -392.9236    -138.16586    -89.77194    609.8505
 -168.30328    603.4666     317.8456     -94.407524   863.1436
  -52.140953  -444.48932   1137.4209    -308.50043   -310.70578
 -160.24706    592.3864    -582.938     -600.6       -259.34778
 -184.11053   -575.0314    -331.47842    589.80396   1132.4513
  216.67741   -592.7575     141.66824   -213.78734   -356.05945
 -538.31525   -510.11005   1209.5441    -328.85007   -428.9605
 -289.62982    183.01895   -591.6472    -406.61838   -647.241
 -639.37396    615.2025     -79.04652    -51.772133   268.68982
  268.47818   -530.70013   -551.1513    -536.5539    -491.295
 -239.70198   -340.63843   -369.07288    352.15216   -658.1543
  942.40875   -371.83923   -568.0552    1503.8728    -166.08755
 -266.83594    755.4243     722.27655   -433.81885   -435.9366
  276.94363    332.55084   -121.26504   -125.145454   777.651
   82.962585  -664.11206   1224.0295     179.43756     66.41763
 1098.3865    1196.097     -198.5543    -224.8897    -402.42914
 -100.15812   -565.8596    -403.4497    -157.79166    922.1326
 -391.83438    778.3941    -570.04584   -430.7129     995.3718
 -575.752      -78.18215   -611.09326    186.82709   -273.70673
 -534.0903     361.02292    -74.9524      54.241707    -3.1796572
  -51.9814     -42.67423     27.186844    55.233906   -76.55633
  -68.342896   -29.283346   -23.647848   136.94792    -69.16045
  490.8367     -47.301815   659.819      676.12225   -260.52008
 -276.74274    -40.56644   -333.1387    -348.94174   -548.0715
 -366.95932   -125.39118   -512.39264   -204.47813   -407.14847
 -428.08688   -196.43362    411.24915    245.71964    798.3142
  -59.38987     51.21058    -50.08327   -328.41818    146.13147
  172.78227    -35.65937    338.4877    -169.72446   -484.23218
  641.8414     727.413      -54.66406   -132.55057    888.1623
  507.22833    661.5084     410.8493    -504.53525   -533.41974
  -56.50766   -273.87885    128.09543   -467.04114   -248.27406
 -214.05707   -226.65688    851.89844   -467.83823   -372.2572
 -471.51892   -432.83673   -598.9914   ]","[29.519249  28.269823  41.69507   33.52305   37.34058   36.861958
 63.79577   36.18352   42.435432  35.286716  34.315113  33.213245
 27.818169  33.875515  32.214897  35.076702  43.958755  30.88055
 30.670774  27.787294  39.97716   41.026257  37.897713  33.863853
 33.22194   50.653397  71.172035  34.99861   32.5466    28.666449
 35.127594  30.693893  29.91283   31.882345  30.905903  35.335037
 37.946022  56.33179   26.16813   30.806698  60.464233  37.815388
 34.297142  33.54383   45.435345  35.747322  31.509653  28.860462
 31.24762   36.65668   45.937267  34.90474   35.37577   30.2685
 28.996796  57.623764  28.907917  30.233181  26.756287  24.891068
 41.900677  45.980835   7.8718815  9.397026   8.37228    9.494946
  8.316611   8.386874   8.424619  13.062736  13.081619  11.195391
  8.277043   7.7303452  7.831435  14.465506  12.16738    9.502948
  9.246415  14.379871   9.098602   9.178977   9.305606   8.111329
 14.164388   7.8762894  8.582438  15.281135   9.857338  11.20861
 12.2367935 11.6786785 12.728883  13.373381  10.570827  15.015597
 11.731977   9.645192  12.039561  12.877003  13.1107435 16.457973
 11.680193  12.819115  11.165827  11.362305  17.56544   10.418251
 12.772695  11.959401  12.176964  10.107067  12.484231  15.00804
 11.966782   9.944658  12.263232  13.093213  13.129183  14.130235
 11.747813  19.02356   14.647353  11.196323  17.44099   10.698914
 10.646481  13.626774   9.947163   9.629682  10.212913  11.925198
 10.545295  12.886799  10.400215  16.758595  10.61972   15.047551
 12.833203  19.640923  20.519068  11.26672   11.290363  10.801148
 11.201832  11.49742   12.901779  13.022233   9.526188   9.659694
  8.911665   9.929014   8.718985  10.353274   9.046389   9.094796
 11.146098  10.066189   9.995112   9.567175   9.551676   8.84977
  8.84972    8.647778  11.394633   9.103896   8.7987795  9.693839
 11.033145  10.455051  13.1893835  8.935949   9.325931  14.868621
 12.577941  10.299917  14.651534  12.6732645  8.50728    8.856374
  9.519759   9.854696   8.714172   8.709711  13.020275  12.2074995
  8.687193  13.319074  10.502712  10.088864  12.74529   12.82123
  9.5770235  9.630947   8.752396   8.860279   8.663318   8.596267
  8.785421  11.431785   8.970396  11.27967    9.072461   9.330122
 12.176863   9.253301   9.747722   9.210441   9.422395  10.305997
  8.889021   9.747363   9.812044  25.069208  10.3120575 11.434409
 11.017802  11.520448  11.869614  12.822753  12.468502  20.225376
 10.727642  12.963133  13.009229  18.524242  14.3750105 21.753382
 21.715458  13.95823   12.977309  14.3088875 20.479557  18.264887
 18.127495  18.997162  16.008259  17.283548  15.032086  14.566497
 14.510035  22.27139   27.259813  19.43551   25.843145  18.672625
 19.82387   13.532181  16.985786  21.861444  19.887217  22.818075
 15.970045  14.991074  14.450315  21.768606  40.708775  22.268587
 14.493592  24.170132  25.647833  15.730305  15.645148  17.1629
 16.473455  13.825082  13.8143425 16.392666  17.363169  15.988653
 27.895472  16.512646  16.273321  35.17607   12.880231  15.014217
 14.405761  13.617819 ]","[1.61 1.62 2.73 2.09 2.36 2.34 2.4  2.25 2.69 2.14 2.03 1.97 1.47 1.94
 1.68 1.81 3.06 1.67 1.6  1.52 2.61 2.62 2.33 1.89 1.75 2.79 3.8  2.03
 1.81 1.86 2.23 1.65 1.62 1.83 1.78 2.22 2.48 3.5  1.47 1.87 3.98 2.34
 1.87 2.   2.83 2.11 1.83 1.62 2.02 1.98 2.45 2.15 2.07 1.92 1.6  3.55
 1.5  1.59 1.49 1.33 2.59 2.72 1.86 2.43 1.35 2.33 1.99 2.68 2.71 1.82
 1.85 1.85 2.53 1.57 1.72 1.9  1.7  1.56 1.9  2.48 2.15 2.18 1.63 1.61
 2.52 1.88 2.86 1.9  1.83 1.55 1.77 1.63 1.82 1.89 1.74 2.04 1.75 1.41
 2.05 1.5  1.8  2.46 2.12 1.65 1.74 1.86 2.   1.64 2.41 2.15 1.63 1.57
 2.   1.99 1.54 1.44 2.58 2.86 2.85 2.22 2.26 2.48 1.88 2.01 3.38 1.76
 1.9  1.66 1.5  1.33 1.49 1.72 1.91 2.91 1.44 1.81 1.92 3.16 2.13 4.33
 4.64 1.64 1.87 1.7  2.16 2.09 1.67 2.1  2.02 1.46 1.82 1.64 1.75 2.12
 2.04 2.07 2.04 2.31 2.29 1.59 1.58 1.83 1.85 1.65 2.57 1.97 1.71 2.32
 1.75 1.84 2.63 1.88 2.28 3.21 1.58 1.78 3.12 2.38 1.41 1.85 1.51 1.74
 1.39 1.39 1.68 1.97 1.73 2.09 2.43 2.47 1.84 1.89 1.79 1.81 1.76 1.53
 1.69 1.56 1.52 1.69 1.94 1.97 2.11 2.19 2.23 2.24 2.27 1.38 1.65 2.5
 1.75 1.56 1.69 3.01 1.51 1.96 1.82 1.78 1.88 2.7  2.5  3.23 1.85 1.78
 2.67 1.73 1.64 2.86 2.84 1.34 1.42 1.42 2.15 1.9  2.13 2.44 2.1  2.19
 1.54 1.75 1.76 2.83 2.69 2.77 2.9  2.21 2.21 1.59 1.93 2.63 2.32 2.97
 1.82 1.92 1.93 2.63 4.55 2.58 1.79 2.89 3.14 1.62 1.87 2.5  2.36 1.63
 1.58 1.93 1.92 1.56 2.7  2.2  1.58 4.37 1.3  1.54 1.42 1.3 ]","[44.07 42.6  43.54 43.76 43.85 44.   53.25 43.88 44.09 44.54 44.98 45.07
 48.16 48.05 47.54 48.34 40.43 47.99 48.71 45.96 41.47 41.94 44.32 46.72
 47.68 50.82 51.97 46.05 46.78 40.19 42.9  42.66 42.3  41.84 41.49 44.24
 43.28 46.54 40.61 40.93 42.27 41.74 47.78 43.48 43.97 43.97 45.61 45.75
 40.26 46.95 47.99 45.81 47.82 41.21 43.21 46.33 45.95 46.33 46.2  46.76
 42.6  43.49 13.89 14.01 15.41 18.83 28.91 13.78 13.72 40.3  39.84 19.75
 13.65 13.8  13.82 47.04 14.33 14.22 14.09 14.06 33.86 33.63 14.24 14.25
 14.03 13.94 13.7  13.86 14.07 46.24 45.14 44.77 43.06 42.33 30.16 49.63
 39.55 30.57 36.42 30.17 50.04 45.69 32.34 30.72 39.79 39.35 66.92 31.19
 30.02 33.31 45.13 30.45 36.6  58.87 40.55 33.92 30.18 29.91 29.93 38.16
 30.41 59.91 57.62 30.25 33.22 30.22 30.18 35.58 30.31 30.45 31.1  30.39
 30.18 30.1  39.95 76.39 30.12 34.66 30.52 32.19 33.02 44.56 30.37 32.29
 29.98 33.82 56.91 24.76 31.69 49.96 21.55 38.84 21.62 32.75 21.74 21.79
 26.17 24.46 24.29 21.85 21.89 21.97 21.99 22.21 27.65 21.71 21.88 24.43
 45.63 46.62 33.99 22.05 21.82 21.84 72.67 46.88 40.57 39.68 29.57 21.76
 21.63 21.57 21.59 21.61 56.98 56.37 21.69 23.61 22.57 21.85 31.63 33.11
 35.95 35.83 21.84 21.97 21.97 21.93 22.09 21.91 21.68 21.74 21.58 22.05
 21.54 21.77 22.17 46.1  21.58 24.42 27.88 21.88  4.66  3.17  4.81  4.87
  4.89  4.66  4.66  4.52  4.51  4.61  4.65  4.65  4.48 62.23 45.09 45.86
 46.   56.16 44.   52.96 57.78 55.59 52.79 45.74 42.46 46.96 54.57 45.33
 44.72 50.59 64.89 41.1  55.74 51.64 56.22 40.51 53.28 52.82 52.72 49.85
 46.14 41.29 40.34 47.8  59.42 55.72 41.43 47.6  51.88 44.25 41.3  40.25
 40.27 41.44 44.94 47.68 55.65 60.55 69.22 43.47 48.97 55.95 49.45 56.51
 57.02 55.86]","[0.25 0.25 0.25 0.25 0.25 0.25 0.25 0.25 0.25 0.25 0.25 0.25 0.25 0.25
 0.25 0.25 0.25 0.25 0.25 0.25 0.25 0.25 0.25 0.25 0.25 0.25 0.25 0.25
 0.25 0.25 0.25 0.25 0.25 0.25 0.25 0.25 0.25 0.25 0.25 0.25 0.25 0.25
 0.25 0.25 0.25 0.25 0.25 0.25 0.25 0.25 0.25 0.25 0.25 0.25 0.25 0.25
 0.25 0.25 0.25 0.25 0.25 0.25 0.25 0.25 0.25 0.25 0.25 0.25 0.25 0.25
 0.25 0.25 0.25 0.25 0.25 0.25 0.25 0.25 0.25 0.25 0.25 0.25 0.25 0.25
 0.25 0.25 0.25 0.25 0.25 0.25 0.25 0.25 0.25 0.25 0.25 0.25 0.25 0.25
 0.25 0.25 0.25 0.25 0.25 0.25 0.25 0.25 0.25 0.25 0.25 0.25 0.25 0.25
 0.25 0.25 0.25 0.25 0.25 0.25 0.25 0.25 0.25 0.25 0.25 0.25 0.25 0.25
 0.25 0.25 0.25 0.25 0.25 0.25 0.25 0.25 0.25 0.25 0.25 0.25 0.25 0.25
 0.25 0.25 0.25 0.25 0.25 0.25 0.25 0.25 0.25 0.25 0.25 0.25 0.25 0.25
 0.25 0.25 0.25 0.25 0.25 0.25 0.25 0.25 0.25 0.25 0.25 0.25 0.25 0.25
 0.25 0.25 0.25 0.25 0.25 0.25 0.25 0.25 0.25 0.25 0.25 0.25 0.25 0.25
 0.25 0.25 0.25 0.25 0.25 0.25 0.25 0.25 0.25 0.25 0.25 0.25 0.25 0.25
 0.25 0.25 0.25 0.25 0.25 0.25 0.25 0.25 0.25 0.25 0.25 0.25 0.25 0.25
 0.25 0.25 0.25 0.25 0.25 0.25 0.25 0.25 0.25 0.25 0.25 0.25 0.25 0.25
 0.25 0.25 0.25 0.25 0.25 0.25 0.25 0.25 0.25 0.25 0.25 0.25 0.25 0.25
 0.25 0.25 0.25 0.25 0.25 0.25 0.25 0.25 0.25 0.25 0.25 0.25 0.25 0.25
 0.25 0.25 0.25 0.25 0.25 0.25 0.25 0.25 0.25 0.25 0.25 0.25 0.25 0.25
 0.25 0.25 0.25 0.25 0.25 0.25 0.25 0.25 0.25 0.25 0.25 0.25]","[30.11 30.09 30.13 30.13 30.12 30.13 29.72 30.13 30.12 30.12 30.11 30.1
 30.14 30.14 30.1  30.07 30.11 30.13 30.11 30.11 30.1  30.08 30.1  30.1
 30.07 30.08 30.05 30.13 30.12 30.13 30.13 30.1  30.11 30.11 30.12 30.13
 30.13 30.12 30.11 30.1  30.07 30.1  30.14 30.11 30.09 30.1  30.14 30.14
 30.12 30.06 30.02 30.14 30.14 30.12 30.13 30.1  30.14 30.12 30.13 30.13
 30.05 30.01 31.5  31.22 31.56 31.57 31.72 31.48 31.47 31.74 31.73 31.58
 31.48 31.5  31.5  31.63 31.42 31.49 31.46 31.46 31.74 31.73 31.5  31.52
 31.49 31.5  31.46 31.49 31.5  31.38 31.36 31.37 31.37 31.37 31.32 31.38
 31.36 31.32 31.3  31.32 31.32 31.37 31.29 31.31 31.36 31.36 31.36 31.3
 31.31 31.29 31.36 31.32 31.33 31.37 31.37 31.35 31.3  31.3  31.3  31.31
 31.3  31.35 31.39 31.31 31.26 31.32 31.31 31.35 31.32 31.33 31.31 31.32
 31.32 31.31 31.37 31.38 31.31 31.3  31.3  31.32 31.25 31.37 31.31 31.29
 31.31 31.32 31.38 31.5  31.6  31.65 31.5  31.63 31.5  31.51 31.49 31.49
 31.51 31.48 31.49 31.51 31.51 31.5  31.5  31.51 31.37 31.5  31.5  31.5
 31.63 31.64 31.6  31.5  31.49 31.48 31.62 31.65 31.63 31.63 31.59 31.5
 31.51 31.5  31.51 31.51 31.61 31.66 31.51 31.43 31.46 31.49 31.52 31.59
 31.61 31.6  31.51 31.51 31.51 31.51 31.51 31.51 31.5  31.5  31.5  31.48
 31.49 31.49 31.48 31.65 31.51 31.45 31.57 31.51 29.62 28.55 29.66 29.54
 29.56 29.62 29.62 29.52 29.5  29.14 29.62 29.62 29.51 31.03 31.01 31.01
 31.01 31.04 31.01 31.03 30.97 30.96 31.02 30.96 31.   31.   31.03 31.01
 31.01 31.01 30.99 30.99 31.   31.02 31.03 31.   31.03 31.02 31.02 31.02
 31.01 30.99 31.   30.97 30.98 31.02 30.99 30.94 31.   30.98 30.99 30.99
 30.99 31.   31.01 31.02 31.03 31.04 31.01 31.01 31.02 31.02 31.03 31.04
 31.04 31.02]","[0.005 0.005 0.005 0.005 0.005 0.005 0.005 0.005 0.005 0.005 0.005 0.005
 0.005 0.005 0.005 0.005 0.005 0.005 0.005 0.005 0.005 0.005 0.005 0.005
 0.005 0.005 0.005 0.005 0.005 0.005 0.005 0.005 0.005 0.005 0.005 0.005
 0.005 0.005 0.005 0.005 0.005 0.005 0.005 0.005 0.005 0.005 0.005 0.005
 0.005 0.005 0.005 0.005 0.005 0.005 0.005 0.005 0.005 0.005 0.005 0.005
 0.005 0.005 0.005 0.005 0.005 0.005 0.005 0.005 0.005 0.005 0.005 0.005
 0.005 0.005 0.005 0.005 0.005 0.005 0.005 0.005 0.005 0.005 0.005 0.005
 0.005 0.005 0.005 0.005 0.005 0.005 0.005 0.005 0.005 0.005 0.005 0.005
 0.005 0.005 0.005 0.005 0.005 0.005 0.005 0.005 0.005 0.005 0.005 0.005
 0.005 0.005 0.005 0.005 0.005 0.005 0.005 0.005 0.005 0.005 0.005 0.005
 0.005 0.005 0.005 0.005 0.005 0.005 0.005 0.005 0.005 0.005 0.005 0.005
 0.005 0.005 0.005 0.005 0.005 0.005 0.005 0.005 0.005 0.005 0.005 0.005
 0.005 0.005 0.005 0.005 0.005 0.005 0.005 0.005 0.005 0.005 0.005 0.005
 0.005 0.005 0.005 0.005 0.005 0.005 0.005 0.005 0.005 0.005 0.005 0.005
 0.005 0.005 0.005 0.005 0.005 0.005 0.005 0.005 0.005 0.005 0.005 0.005
 0.005 0.005 0.005 0.005 0.005 0.005 0.005 0.005 0.005 0.005 0.005 0.005
 0.005 0.005 0.005 0.005 0.005 0.005 0.005 0.005 0.005 0.005 0.005 0.005
 0.005 0.005 0.005 0.005 0.005 0.005 0.005 0.005 0.005 0.005 0.005 0.005
 0.005 0.005 0.005 0.005 0.005 0.005 0.005 0.005 0.005 0.005 0.005 0.005
 0.005 0.005 0.005 0.005 0.005 0.005 0.005 0.005 0.005 0.005 0.005 0.005
 0.005 0.005 0.005 0.005 0.005 0.005 0.005 0.005 0.005 0.005 0.005 0.005
 0.005 0.005 0.005 0.005 0.005 0.005 0.005 0.005 0.005 0.005 0.005 0.005
 0.005 0.005 0.005 0.005 0.005 0.005 0.005 0.005 0.005 0.005 0.005 0.005
 0.005 0.005]","[1. 1. 1. 1. 1. 1. 1. 1. 1. 1. 1. 1. 1. 1. 1. 1. 1. 1. 1. 1. 1. 1. 1. 1.
 1. 1. 1. 1. 1. 1. 1. 1. 1. 1. 1. 1. 1. 1. 1. 1. 1. 1. 1. 1. 1. 1. 1. 1.
 1. 1. 1. 1. 1. 1. 1. 1. 1. 1. 1. 1. 1. 1. 1. 1. 1. 1. 1. 1. 1. 1. 1. 1.
 1. 1. 1. 1. 1. 1. 1. 1. 1. 1. 1. 1. 1. 1. 1. 1. 1. 1. 1. 1. 1. 1. 1. 1.
 1. 1. 1. 1. 1. 1. 1. 1. 1. 1. 1. 1. 1. 1. 1. 1. 1. 1. 1. 1. 1. 1. 1. 1.
 1. 1. 1. 1. 1. 1. 1. 1. 1. 1. 1. 1. 1. 1. 1. 1. 1. 1. 1. 1. 1. 1. 1. 1.
 1. 1. 1. 1. 1. 1. 1. 1. 1. 1. 1. 1. 1. 1. 1. 1. 1. 1. 1. 1. 1. 1. 1. 1.
 1. 1. 1. 1. 1. 1. 1. 1. 1. 1. 1. 1. 1. 1. 1. 1. 1. 1. 1. 1. 1. 1. 1. 1.
 1. 1. 1. 1. 1. 1. 1. 1. 1. 1. 1. 1. 1. 1. 1. 1. 1. 1. 1. 1. 1. 1. 1. 1.
 1. 1. 1. 1. 1. 1. 1. 1. 1. 1. 1. 1. 1. 1. 1. 1. 1. 1. 1. 1. 1. 1. 1. 1.
 1. 1. 1. 1. 1. 1. 1. 1. 1. 1. 1. 1. 1. 1. 1. 1. 1. 1. 1. 1. 1. 1. 1. 1.
 1. 1. 1. 1. 1. 1. 1. 1. 1. 1. 1. 1. 1. 1.]","[18.759552 18.995302 19.045084 19.045523 19.061865 19.062075 18.970078
 18.873674 18.902954 18.92456  18.937845 19.210497 18.948042 18.981323
 18.747341 18.780481 19.024982 18.875217 18.904219 19.061285 18.888252
 18.916967 19.052956 18.905481 18.934038 19.219444 19.099657 18.809626
 18.845306 19.06429  18.926647 18.5984   18.598646 18.622559 18.625015
 19.091707 19.193495 18.833498 18.81073  18.846428 18.912086 18.657528
 18.688536 18.816889 18.85176  18.779638 18.90085  18.92941  18.93278
 18.861042 18.891903 19.206797 19.066273 19.062864 18.68785  18.92956
 18.6657   18.721226 19.207218 19.198204 19.088234 19.097734 19.57501
 19.634666 19.206816 19.128828 19.579725 19.688826 19.691107 18.72615
 18.732641 18.860592 19.605408 19.578516 19.564657 18.72745  18.804539
 19.065134 19.15189  18.633833 19.42084  19.422243 19.091742 19.340149
 18.64099  19.574484 19.742268 18.550743 19.021568 19.165749 19.018044
 19.01874  18.852758 18.757324 19.054161 18.721544 18.954323 19.294052
 19.175728 18.62889  19.166157 18.648733 19.165705 18.667114 19.166275
 19.289701 18.774323 19.128317 18.854656 19.139296 18.911741 19.130402
 18.888166 19.076803 18.809464 19.155874 19.193699 19.059057 19.059845
 18.775902 19.08982  18.767345 18.870556 19.043411 18.690619 19.038673
 19.223661 18.601234 19.147528 19.150558 19.070898 18.77871  19.298006
 19.30046  19.12188  19.090925 19.291946 19.165705 18.772362 18.598167
 18.914425 19.297607 18.950256 19.106392 19.165972 19.28114  19.263226
 18.588074 19.189657 19.240826 19.168648 18.952818 19.328016 19.234804
 19.360426 19.361338 18.784622 19.0667   19.056787 18.915518 18.919966
 19.305214 19.30909  19.30223  19.27577  19.142006 19.193518 19.212675
 18.891819 19.37129  18.676321 19.204079 19.322683 18.509718 19.1124
 19.153072 18.73182  18.745113 19.239664 19.241655 18.91189  18.891228
 19.086756 19.087597 18.729977 18.990921 19.376797 18.589499 18.958138
 18.998838 18.625029 18.597548 19.126484 19.127186 19.223692 19.070374
 19.318779 19.227245 19.102755 18.686356 19.227194 18.72353  19.323524
 19.241655 18.657736 19.31692  19.068682 19.352215 18.948256 19.16009
 19.301933 18.884188 21.756067 21.319212 21.47017  21.705008 21.69913
 21.294544 21.300552 21.867481 21.863377 21.738205 21.611626 20.961248
 21.708534 18.777676 18.994518 18.735771 18.73121  19.086655 19.097181
 18.993956 19.131752 19.125551 19.240078 19.12902  19.030811 19.224705
 19.07575  19.168459 19.198515 19.06525  18.80927  18.88364  18.69623
 19.000437 18.973175 18.996902 19.119076 18.909061 18.910324 18.990648
 18.850649 19.050089 19.201761 18.731537 18.720818 19.008753 19.035725
 18.654522 18.778378 18.721046 18.813202 19.22509  19.229733 18.999008
 19.09787  18.920692 19.192646 19.08277  19.070116 19.07812  18.662745
 19.214743 19.143562 19.193874 19.179874 19.253433]",167.13407579633036,-45.609565448038495,180,278,185676,185953,0.15204488,0.007602244,-9.0,-9.0,-9.0,-9.0,0.0,0.0,0,0,0,0,-9.0,-9.0,-9.0,-9.0,-999.0,-999.0,-9.0,-9.0,-99.0,-9999.0,-9999.0,-9999.0,-9999.0,-9999.0,-9999.0,-9999.0,-9999.0,-9999.0,0,-9999.0,0,,,,,,,,,,,,999.0,999.0,999.0,999.0,999.0,999.0,999.0,999.0,999.0,999.0,999.0,999.0,0,0,-9.0,-9.0,-9.0,-9.0,-999.0,-999.0,-9.0,-9.0,-9999.0,-9999.0,-9999.0,-9999.0,-9999.0,-9999.0,-9999.0,-9999.0,-9999.0,0,-9999.0,0,999.0,999.0,999.0,999.0,999.0,999.0,999.0,999.0,999.0,999.0,999.0,999.0,,,,,,,,,,,,-999.0,-999.0,-999.0,-999.0,-999.0,-999.0,60798.387,60796.06,60796.06,61877.242,LCLIB,12,80,LSSTSIM_,44339,14458,1,0,5,0.0,0.0,0.0,2,-0.0,-9,0.0,0.0,167.1340789794922,-45.60956573486328,0.15917517,60796.0,-9.0,0.0,-9.0,-9.0,21.65702,19.492855,19.136103,19.060162,19.018394,18.984972,1.0,1.0,1.0,1.0,1.0,1.0,,,,,,,-9,21.451078,19.287064,19.030365,19.005985,18.97772,18.944298,,,,,,,,,,,,,,,,,,,,,,,,,,,,
61879393,"[60803.4293 60806.3741 60806.3841 60841.2808 60841.3036 60886.9696
 60886.979  60889.0117 60903.0135 60903.0145 60924.177  60932.0791
 60950.0484 61132.327  61157.2945 61157.3175 61159.2693 61183.1755
 61183.198  61187.1768 61216.1084 61216.1315 61224.2876 61243.0252
 61243.0477 61252.2142 61277.9711 61277.9807 61314.0159 61486.3847
 61486.3947 61517.3151 61545.3565 61633.1242 61633.1473 61870.3103
 61870.3333 60823.3749 60842.0972 60843.3051 60845.1674 60938.0733
 61142.3516 61210.1248 61226.0769 61229.2627 61232.0053 61232.2158
 61236.9963 61284.1004 61292.059  61479.3591 61499.3524 61505.346
 61509.3119 61509.3128 61558.1539 61561.3319 61642.1561 61879.2497
 61889.2491 60830.2934 60832.3562 60842.3023 60842.3028 60844.3116
 60855.3093 60855.3097 60870.0732 60870.0737 60875.0983 60881.0124
 60900.9706 60907.0259 60912.1109 60912.1133 60913.1107 60913.1134
 60923.0711 60926.0923 60933.0387 61144.3404 61145.3081 61182.3312
 61198.2057 61209.1236 61210.305  61212.1005 61214.1175 61215.1137
 61224.0071 61224.0265 61257.0051 61266.0296 61268.1604 61280.0757
 61282.103  61287.1177 61293.0909 61293.0918 61297.0753 61535.4168
 61540.385  61551.208  61560.3521 61613.027  61615.2487 61635.0958
 61637.0858 61637.9697 61644.1772 61644.1781 61647.1208 61649.0805
 61649.0824 61652.1232 61667.0027 61675.0737 61858.3748 61866.3824
 61867.3052 61868.3106 60823.3986 60832.332  60833.3281 60842.0734
 60843.2811 60855.2848 60855.2852 60872.0422 60875.0733 60876.2579
 60878.0176 60878.1745 60878.1754 60879.0142 60907.0008 60912.0869
 60912.0893 60913.0867 60913.0895 60923.0471 60933.0144 60937.0249
 60938.0495 61072.3696 61072.3727 61072.3757 61072.3788 61142.326
 61144.3651 61145.2839 61198.1815 61210.2808 61223.9834 61226.101
 61229.2867 61231.9816 61235.9987 61237.0202 61267.0068 61268.1358
 61285.0609 61287.0937 61297.0513 61432.3685 61432.3716 61432.3747
 61432.3777 61479.3834 61499.3775 61509.3364 61509.3373 61510.3261
 61513.3177 61540.3608 61558.178  61561.3558 61614.1941 61614.1945
 61615.2248 61626.0065 61642.1322 61643.1014 61644.1533 61644.1542
 61646.0993 61647.097  61649.0564 61652.0986 61667.0269 61675.0498
 61800.3699 61800.373  61800.3761 61800.3792 61858.3634 61866.3578
 61879.2736 61889.2734 60876.2352 60877.0003 60877.9942 60878.197
 60878.991  60816.4028 60830.3176 60844.336  60870.0977 60870.0982
 60880.9885 60888.9878 60900.9817 60902.9891 60902.99   60924.1533
 60926.1165 60932.0549 60950.0244 60951.0256 61132.3029 61159.2453
 61168.3775 61182.3553 61187.153  61209.1477 61214.1417 61215.1385
 61224.2635 61252.1902 61266.005  61293.1158 61293.1167 61314.041
 61535.4298 61545.381  61551.2336 61560.3761 61596.238  61613.0517
 61637.1102 61637.9807 61649.1065 61672.0688 61827.3954 61868.3345
 61878.4173 61879.4236]","['Y' 'Y' 'Y' 'Y' 'Y' 'Y' 'Y' 'Y' 'Y' 'Y' 'Y' 'Y' 'Y' 'Y' 'Y' 'Y' 'Y' 'Y'
 'Y' 'Y' 'Y' 'Y' 'Y' 'Y' 'Y' 'Y' 'Y' 'Y' 'Y' 'Y' 'Y' 'Y' 'Y' 'Y' 'Y' 'Y'
 'Y' 'g' 'g' 'g' 'g' 'g' 'g' 'g' 'g' 'g' 'g' 'g' 'g' 'g' 'g' 'g' 'g' 'g'
 'g' 'g' 'g' 'g' 'g' 'g' 'g' 'i' 'i' 'i' 'i' 'i' 'i' 'i' 'i' 'i' 'i' 'i'
 'i' 'i' 'i' 'i' 'i' 'i' 'i' 'i' 'i' 'i' 'i' 'i' 'i' 'i' 'i' 'i' 'i' 'i'
 'i' 'i' 'i' 'i' 'i' 'i' 'i' 'i' 'i' 'i' 'i' 'i' 'i' 'i' 'i' 'i' 'i' 'i'
 'i' 'i' 'i' 'i' 'i' 'i' 'i' 'i' 'i' 'i' 'i' 'i' 'i' 'i' 'r' 'r' 'r' 'r'
 'r' 'r' 'r' 'r' 'r' 'r' 'r' 'r' 'r' 'r' 'r' 'r' 'r' 'r' 'r' 'r' 'r' 'r'
 'r' 'r' 'r' 'r' 'r' 'r' 'r' 'r' 'r' 'r' 'r' 'r' 'r' 'r' 'r' 'r' 'r' 'r'
 'r' 'r' 'r' 'r' 'r' 'r' 'r' 'r' 'r' 'r' 'r' 'r' 'r' 'r' 'r' 'r' 'r' 'r'
 'r' 'r' 'r' 'r' 'r' 'r' 'r' 'r' 'r' 'r' 'r' 'r' 'r' 'r' 'r' 'r' 'r' 'r'
 'r' 'r' 'u' 'u' 'u' 'u' 'u' 'z' 'z' 'z' 'z' 'z' 'z' 'z' 'z' 'z' 'z' 'z'
 'z' 'z' 'z' 'z' 'z' 'z' 'z' 'z' 'z' 'z' 'z' 'z' 'z' 'z' 'z' 'z' 'z' 'z'
 'z' 'z' 'z' 'z' 'z' 'z' 'z' 'z' 'z' 'z' 'z' 'z' 'z' 'z']","[6144 4096 4096 4096 4096    0 4096 4096 4096 4096 4096 4096    0 4096
    0    0 4096 4096 4096 4096 4096 4096 4096 4096 4096 4096 4096 4096
 4096 4096 4096 4096 4096 4096    0 4096 4096 4096 4096 4096 4096 4096
 4096 4096 4096 4096 4096 4096 4096 4096 4096 4096 4096 4096 4096 4096
 4096 4096 4096 4096 4096 4096 4096 4096 4096 4096 4096 4096 4096 4096
 4096 4096 4096 4096 4096    0 4096 4096 4096 4096 4096 4096 4096 4096
 4096 4096 4096 4096 4096 4096 4096 4096 4096 4096 4096 4096 4096 4096
 4096 4096 4096 4096 4096 4096 4096 4096 4096 4096 4096 4096 4096 4096
 4096 4096 4096 4096 4096 4096 4096 4096 4096 4096 4096 4096 4096 4096
 4096 4096 4096 4096 4096 4096 4096 4096 4096 4096 4096 4096 4096 4096
 4096 4096 4096 4096 4096 4096 4096 4096 4096 4096 4096 4096 4096 4096
 4096 4096 4096 4096    0 4096 4096 4096 4096 4096 4096 4096 4096 4096
 4096 4096 4096 4096 4096 4096 4096 4096    0 4096 4096 4096 4096 4096
 4096 4096 4096 4096 4096 4096 4096 4096 4096 4096 4096 4096 4096 4096
 4096 4096 4096 4096 4096 4096 4096    0 4096 4096 4096 4096 4096 4096
 4096 4096 4096 4096 4096 4096 4096 4096 4096 4096 4096 4096 4096 4096
 4096 4096 4096 4096 4096 4096 4096 4096 4096 4096 4096 4096 4096 4096
 4096 4096 4096 4096 4096 4096 4096 4096 4096 4096]","[-9. -9. -9. -9. -9. -9. -9. -9. -9. -9. -9. -9. -9. -9. -9. -9. -9. -9.
 -9. -9. -9. -9. -9. -9. -9. -9. -9. -9. -9. -9. -9. -9. -9. -9. -9. -9.
 -9. -9. -9. -9. -9. -9. -9. -9. -9. -9. -9. -9. -9. -9. -9. -9. -9. -9.
 -9. -9. -9. -9. -9. -9. -9. -9. -9. -9. -9. -9. -9. -9. -9. -9. -9. -9.
 -9. -9. -9. -9. -9. -9. -9. -9. -9. -9. -9. -9. -9. -9. -9. -9. -9. -9.
 -9. -9. -9. -9. -9. -9. -9. -9. -9. -9. -9. -9. -9. -9. -9. -9. -9. -9.
 -9. -9. -9. -9. -9. -9. -9. -9. -9. -9. -9. -9. -9. -9. -9. -9. -9. -9.
 -9. -9. -9. -9. -9. -9. -9. -9. -9. -9. -9. -9. -9. -9. -9. -9. -9. -9.
 -9. -9. -9. -9. -9. -9. -9. -9. -9. -9. -9. -9. -9. -9. -9. -9. -9. -9.
 -9. -9. -9. -9. -9. -9. -9. -9. -9. -9. -9. -9. -9. -9. -9. -9. -9. -9.
 -9. -9. -9. -9. -9. -9. -9. -9. -9. -9. -9. -9. -9. -9. -9. -9. -9. -9.
 -9. -9. -9. -9. -9. -9. -9. -9. -9. -9. -9. -9. -9. -9. -9. -9. -9. -9.
 -9. -9. -9. -9. -9. -9. -9. -9. -9. -9. -9. -9. -9. -9. -9. -9. -9. -9.
 -9. -9. -9. -9. -9. -9. -9. -9. -9. -9. -9. -9. -9. -9.]","[ 2206.758     1647.749     1520.4601    -581.7914    -805.7186
  -141.41577   -290.75925   3358.7725    1933.805     2130.7075
 -1836.3096     493.4493     264.06183   1179.8208     160.32396
  -149.6123   -1991.932     2221.7454    2063.5696    3148.9124
  3369.0168    3044.9675    2190.8447    -514.8481    -644.48706
   428.90295   -359.0089     604.2788    2212.6711     581.1605
  1463.2402     859.8306   -2148.071      499.46918    191.9216
  2590.357     2303.342     -925.8346    1913.9385    3830.361
   756.9754    -906.9871    -905.98724   -915.7196     837.6456
  -896.7114    -692.5588   -1331.3159    2606.8406    -640.00146
  1061.3157    -976.42914    337.72122   -909.35455   -733.847
  -736.7714   -1187.0889    -132.86491   3637.3782    -808.91406
 -1279.3414    -659.4097    2476.3503     968.57117    953.8556
 -1631.5936   -1634.0862   -1647.2537    1159.756     1176.6321
  2746.8467    1994.8774    -969.6347    2648.0002    -132.12593
    34.621998  -928.6586    -892.216    -2160.1565    3453.4001
  3433.8865    3375.2036   -1200.7311    -995.0348    2866.007
  2755.9753    3770.9253    2836.76      -717.7362     928.1028
  -996.3766   -1095.344    -1017.3475    1347.4851    1942.4663
  -536.91785   3698.5066   -1060.1901    3788.9663    3775.2056
  -522.5578    -779.7115    1898.1917    -846.10077  -1020.6265
  -985.1262    -520.13275  -1764.0222    1561.6952   -1407.7474
  -305.0168    -351.9194    -631.8581    2231.5237    2412.999
  1786.3517     373.21762  -1922.0288    -340.7816     816.0365
   592.4992    -958.7884    -977.3726    3332.9692   -1811.4789
  -534.4447    4163.7993   -1102.5167   -1112.7896   -1001.41327
  -310.03397   2653.1965    4189.331      990.27545    968.0944
 -1070.5796    3570.6155   -1874.6289   -1836.6456    -914.0625
  -922.2694   -1554.0931    4200.611      562.8525   -1054.3868
 -1086.5972   -1137.1261   -1198.8304   -1157.1237    -887.4505
  3108.7844    -998.7079    3686.9563    2379.1555   -1008.44635
   886.1796   -1564.5948    -321.06726    108.06805   2308.7642
  1638.9991   -1063.8817    2494.1726    -972.5739   -1879.5377
  -961.6614    -925.67017   -971.8519   -1001.5307   -1792.9836
   346.3527    -790.9582    -851.1493    1138.9537    -209.18352
  2410.7026     -64.74365    -75.21998  -1045.5515    -994.5128
  -473.7474    3263.8315    1377.8105    -981.65656   -236.87521
  -249.16183  -1688.6174    -692.2089    -770.35297   2152.67
  1673.7982   -1765.146      882.03595    852.9279     720.8226
   698.8323    -445.14758    987.2498    -926.00433  -1858.2051
   133.76086    110.122604   377.16574     59.281197  -120.714966
  -606.4766    -768.16296  -2083.2424     965.56195    937.6003
  2161.3772    2406.9526   -1106.0758    2206.3542    2167.968
 -1292.8075    2584.0063     690.9638     447.67065   2330.4407
  1405.1805   -2165.605     -691.92566  -1519.2101    3249.546
  3259.0366    -863.6837     739.77264   2371.261      703.81555
  1654.2284    2899.8726    2936.16      1739.1206    -776.7711
 -2056.728     1548.6953   -1427.2327   -1059.1426   -1408.8403
  1406.742    -2084.5408    3118.6099   -1056.662     2810.4229
 -1225.384     2452.441    -1718.1226  ]","[53.3222    45.13295   44.68283   44.087173  45.83179   48.29939
 47.363182  57.151295  47.2798    47.071346  58.619316  51.80749
 54.618347  45.607014  50.883987  53.145737  43.512463  67.3699
 50.87709   53.25981   65.503204  55.597233  56.498306  49.196762
 53.103897  84.29003   49.553825  42.213673  49.951656  45.703644
 47.533775  47.433582  67.343796  56.790848  50.92489   46.74425
 49.236824  13.877498  18.858896  26.54075   15.4133215 14.024052
 13.08715   13.773059  15.78266   14.521247  14.562391  14.09025
 22.393236  12.942877  15.991204  13.783745  14.370254  13.549215
 13.463239  13.314832  14.751968  14.536537  26.793642  13.835522
 14.13171   20.347954  25.437181  22.039974  22.045368  21.35029
 20.789433  20.702398  23.590187  22.838657  25.896955  24.371162
 21.57211   26.638468  20.733156  20.652431  20.494183  20.940012
 24.983017  31.33799   29.242018  27.830036  22.688166  20.11061
 26.501404  26.45344   29.657475  27.36012   21.01131   21.998121
 23.392221  24.189787  21.133287  22.22741   24.177406  20.422144
 29.157513  20.093014  30.042768  30.01626   20.86747   23.202284
 23.877602  20.641882  23.128922  20.89049   24.857363  21.89586
 23.457966  22.34724   21.100922  21.218174  21.280922  24.796097
 25.26506   24.602451  21.290373  21.225292  20.456448  21.179922
 20.720228  20.984423  17.48395   25.529016  18.170267  17.545713
 28.659355  17.020693  16.94943   18.533676  16.631329  24.172047
 29.538923  19.25094   19.207035  17.578005  27.059834  17.951357
 17.96741   17.034466  17.066637  18.420734  29.720774  17.79573
 17.47919   46.266327  46.887196  47.712563  43.471577  16.60037
 24.692535  18.905533  27.03433   22.488417  20.186977  18.761337
 19.280216  17.723724  18.162308  24.34889   20.093166  17.100538
 22.9976    16.957066  18.387932  35.341263  39.017773  38.761208
 42.68624   18.307878  17.669252  16.675821  16.63218   19.228106
 16.556156  22.362778  17.542974  18.004053  17.18928   17.293789
 18.089148  25.08654   19.812042  17.118122  17.816374  17.841618
 17.67116   17.059513  16.826607  22.147696  20.608528  17.936651
 29.711796  29.307638  29.086535  29.748009  16.830809  18.377808
 17.135542  18.067062  21.602476  19.683325  23.931376  21.303226
 17.26698   25.110987  25.277237  27.555082  29.038118  29.194313
 30.602446  32.02774   26.057474  28.997318  29.445978  29.202354
 32.276108  26.829298  31.816122  29.951473  28.8217    27.082644
 27.047539  25.32802   34.775276  31.257765  24.078585  25.36538
 31.81543   36.181004  27.45372   31.160585  30.87894   28.465616
 28.895836  40.830204  27.421122  37.028797  26.975794  28.26863
 29.693897  25.761782  31.525486  25.670708  30.799622  25.840927
 31.381016  33.19237  ]","[1.54 1.54 1.48 1.76 1.89 1.8  2.03 2.62 1.94 1.88 2.19 2.43 2.41 1.61
 2.62 2.95 1.83 3.73 2.23 2.13 3.32 2.52 2.4  2.35 2.83 4.63 1.33 1.31
 2.04 1.82 1.88 1.93 3.33 2.69 2.14 1.39 1.86 1.87 2.27 1.76 2.52 2.16
 1.75 2.19 2.34 3.11 2.62 1.83 2.64 1.43 1.75 1.8  1.96 1.81 1.73 1.42
 3.16 3.17 2.39 2.1  1.71 1.94 1.59 1.73 1.75 2.03 1.52 1.51 2.48 2.07
 1.47 1.94 2.27 2.57 1.96 1.79 1.93 2.24 2.48 2.39 2.43 1.3  3.28 1.73
 1.95 1.98 1.81 2.52 2.17 1.87 3.08 2.95 2.43 1.64 1.82 1.28 1.44 1.43
 2.   1.97 2.06 3.44 1.78 1.79 3.35 2.23 3.78 1.69 1.94 2.17 1.84 1.85
 2.36 1.86 1.89 2.34 2.16 1.52 1.92 1.55 1.34 1.92 1.95 1.32 2.02 2.2
 1.57 1.39 1.38 3.55 1.44 2.31 2.38 2.7  2.7  2.32 2.69 1.64 1.65 1.85
 1.9  1.64 2.93 1.78 2.28 3.95 4.12 4.22 3.73 1.49 1.32 3.73 1.79 1.65
 3.74 2.47 3.1  1.85 2.48 4.28 1.75 1.73 2.09 1.56 2.08 2.97 3.47 3.32
 3.4  2.26 2.17 1.47 1.47 2.34 1.55 1.65 2.38 2.7  2.   2.   2.82 1.73
 1.9  1.95 2.35 2.36 1.57 1.85 1.72 2.23 2.38 1.46 2.24 2.07 2.02 2.01
 1.74 1.6  2.02 1.97 3.   2.43 3.14 3.62 2.26 1.72 2.   2.24 2.52 2.56
 2.33 2.53 2.24 1.98 2.18 2.09 2.02 2.08 2.95 1.81 1.81 2.08 2.27 1.98
 2.61 1.78 1.5  1.55 2.25 3.56 1.82 1.74 1.71 1.93 2.08 3.33 1.77 4.49
 2.47 2.92 2.5  1.96 1.87 1.91 1.54 2.03 2.24 2.58]","[67.02 44.78 44.61 44.43 44.97 50.56 43.04 42.04 40.01 40.11 50.59 41.96
 46.3  46.44 40.85 39.96 43.02 41.56 40.9  43.06 43.45 42.88 46.25 42.27
 41.58 46.6  83.36 49.06 41.6  44.77 44.8  46.61 52.93 48.41 49.32 46.36
 45.62 15.74 25.84 36.57 15.85 16.53 22.38 15.92 15.66 21.93 15.59 15.73
 15.63 26.26 16.24 16.96 16.05 16.01 15.92 15.83 15.65 15.68 15.52 18.7
 15.58 31.28 32.95 44.65 44.48 37.06 33.7  33.91 41.43 41.76 31.1  32.14
 42.91 30.72 32.18 32.12 32.3  32.33 57.72 60.14 32.   31.58 31.9  31.31
 37.11 32.21 32.78 34.66 37.51 41.05 34.77 44.69 31.45 30.89 32.59 67.16
 47.23 33.59 33.23 32.89 33.17 32.84 31.95 44.9  32.61 31.61 34.26 58.86
 43.26 51.34 34.72 35.06 32.92 31.8  32.08 33.64 31.8  34.99 31.9  31.47
 39.07 44.42 24.56 24.09 35.5  24.73 37.54 24.32 24.69 23.66 23.49 24.44
 23.77 23.4  23.27 23.77 23.   23.78 23.52 23.8  23.71 64.89 23.77 24.66
 24.9  47.54 47.45 47.96 48.75 28.29 24.1  24.19 31.88 24.12 25.43 29.3
 29.93 25.14 24.24 23.92 23.44 23.62 23.53 24.43 24.61 38.21 40.01 41.92
 48.73 25.16 23.99 23.8  23.59 23.87 41.43 23.4  23.71 24.25 23.77 23.54
 24.2  34.56 23.99 23.89 24.33 24.66 23.88 23.99 23.6  24.27 24.26 25.55
 25.25 27.23 30.17 35.65 24.32 24.04 28.21 23.5   4.55  4.62  4.54  4.65
  4.64 45.37 41.69 46.64 46.93 47.07 43.88 46.4  42.35 41.22 41.29 61.54
 58.55 42.43 52.16 52.09 58.59 49.7  48.4  41.83 49.06 41.54 43.83 45.48
 53.52 55.27 41.01 45.69 44.95 44.35 63.03 74.11 47.25 44.74 42.42 41.
 47.46 42.48 43.38 44.87 56.79 46.03 51.39 70.05]","[0.25 0.25 0.25 0.25 0.25 0.25 0.25 0.25 0.25 0.25 0.25 0.25 0.25 0.25
 0.25 0.25 0.25 0.25 0.25 0.25 0.25 0.25 0.25 0.25 0.25 0.25 0.25 0.25
 0.25 0.25 0.25 0.25 0.25 0.25 0.25 0.25 0.25 0.25 0.25 0.25 0.25 0.25
 0.25 0.25 0.25 0.25 0.25 0.25 0.25 0.25 0.25 0.25 0.25 0.25 0.25 0.25
 0.25 0.25 0.25 0.25 0.25 0.25 0.25 0.25 0.25 0.25 0.25 0.25 0.25 0.25
 0.25 0.25 0.25 0.25 0.25 0.25 0.25 0.25 0.25 0.25 0.25 0.25 0.25 0.25
 0.25 0.25 0.25 0.25 0.25 0.25 0.25 0.25 0.25 0.25 0.25 0.25 0.25 0.25
 0.25 0.25 0.25 0.25 0.25 0.25 0.25 0.25 0.25 0.25 0.25 0.25 0.25 0.25
 0.25 0.25 0.25 0.25 0.25 0.25 0.25 0.25 0.25 0.25 0.25 0.25 0.25 0.25
 0.25 0.25 0.25 0.25 0.25 0.25 0.25 0.25 0.25 0.25 0.25 0.25 0.25 0.25
 0.25 0.25 0.25 0.25 0.25 0.25 0.25 0.25 0.25 0.25 0.25 0.25 0.25 0.25
 0.25 0.25 0.25 0.25 0.25 0.25 0.25 0.25 0.25 0.25 0.25 0.25 0.25 0.25
 0.25 0.25 0.25 0.25 0.25 0.25 0.25 0.25 0.25 0.25 0.25 0.25 0.25 0.25
 0.25 0.25 0.25 0.25 0.25 0.25 0.25 0.25 0.25 0.25 0.25 0.25 0.25 0.25
 0.25 0.25 0.25 0.25 0.25 0.25 0.25 0.25 0.25 0.25 0.25 0.25 0.25 0.25
 0.25 0.25 0.25 0.25 0.25 0.25 0.25 0.25 0.25 0.25 0.25 0.25 0.25 0.25
 0.25 0.25 0.25 0.25 0.25 0.25 0.25 0.25 0.25 0.25 0.25 0.25 0.25 0.25
 0.25 0.25 0.25 0.25 0.25 0.25 0.25 0.25 0.25 0.25]","[30.11 30.13 30.12 30.12 30.1  30.08 30.08 30.11 30.13 30.13 29.91 30.07
 30.05 30.12 30.12 30.12 30.12 30.08 30.1  30.1  30.1  30.12 30.07 30.1
 30.11 30.06 30.17 30.15 30.1  30.13 30.13 30.14 30.13 30.12 30.11 30.12
 30.13 31.49 31.63 31.71 31.54 31.49 31.67 31.53 31.51 31.59 31.42 31.54
 31.44 31.66 31.54 31.52 31.54 31.55 31.54 31.55 31.49 31.5  31.44 31.53
 31.51 31.32 31.31 31.36 31.36 31.33 31.29 31.3  31.36 31.36 31.33 31.31
 31.36 31.32 31.31 31.31 31.31 31.31 31.38 31.37 31.31 31.34 31.31 31.33
 31.36 31.32 31.31 31.32 31.34 31.36 31.26 31.32 31.31 31.33 31.3  31.41
 31.37 31.31 31.3  31.3  31.3  31.3  31.32 31.37 31.29 31.31 31.26 31.4
 31.37 31.38 31.27 31.26 31.3  31.32 31.32 31.29 31.32 31.29 31.32 31.33
 31.35 31.36 31.48 31.53 31.59 31.48 31.61 31.51 31.52 31.5  31.54 31.46
 31.5  31.51 31.51 31.5  31.52 31.53 31.52 31.52 31.52 31.67 31.52 31.53
 31.51 30.65 30.67 30.68 30.7  31.57 31.55 31.49 31.59 31.52 31.39 31.57
 31.52 31.44 31.47 31.48 31.53 31.51 31.52 31.52 31.52 30.59 30.61 30.62
 30.64 31.53 31.53 31.54 31.54 31.52 31.64 31.53 31.51 31.49 31.51 31.5
 31.47 31.61 31.5  31.52 31.47 31.47 31.52 31.51 31.53 31.5  31.52 31.51
 30.6  30.62 30.65 30.67 31.53 31.54 31.55 31.52 29.42 29.46 29.41 29.51
 29.45 30.99 31.   30.98 31.01 31.01 30.98 30.99 31.   31.   31.   30.98
 31.   30.99 31.   31.01 31.01 31.01 31.01 31.   30.99 31.   31.01 31.02
 31.01 31.01 31.   30.97 30.98 30.99 31.01 31.03 31.02 30.97 30.99 30.99
 31.01 31.   30.99 30.98 31.01 31.01 31.02 31.04]","[0.005 0.005 0.005 0.005 0.005 0.005 0.005 0.005 0.005 0.005 0.005 0.005
 0.005 0.005 0.005 0.005 0.005 0.005 0.005 0.005 0.005 0.005 0.005 0.005
 0.005 0.005 0.005 0.005 0.005 0.005 0.005 0.005 0.005 0.005 0.005 0.005
 0.005 0.005 0.005 0.005 0.005 0.005 0.005 0.005 0.005 0.005 0.005 0.005
 0.005 0.005 0.005 0.005 0.005 0.005 0.005 0.005 0.005 0.005 0.005 0.005
 0.005 0.005 0.005 0.005 0.005 0.005 0.005 0.005 0.005 0.005 0.005 0.005
 0.005 0.005 0.005 0.005 0.005 0.005 0.005 0.005 0.005 0.005 0.005 0.005
 0.005 0.005 0.005 0.005 0.005 0.005 0.005 0.005 0.005 0.005 0.005 0.005
 0.005 0.005 0.005 0.005 0.005 0.005 0.005 0.005 0.005 0.005 0.005 0.005
 0.005 0.005 0.005 0.005 0.005 0.005 0.005 0.005 0.005 0.005 0.005 0.005
 0.005 0.005 0.005 0.005 0.005 0.005 0.005 0.005 0.005 0.005 0.005 0.005
 0.005 0.005 0.005 0.005 0.005 0.005 0.005 0.005 0.005 0.005 0.005 0.005
 0.005 0.005 0.005 0.005 0.005 0.005 0.005 0.005 0.005 0.005 0.005 0.005
 0.005 0.005 0.005 0.005 0.005 0.005 0.005 0.005 0.005 0.005 0.005 0.005
 0.005 0.005 0.005 0.005 0.005 0.005 0.005 0.005 0.005 0.005 0.005 0.005
 0.005 0.005 0.005 0.005 0.005 0.005 0.005 0.005 0.005 0.005 0.005 0.005
 0.005 0.005 0.005 0.005 0.005 0.005 0.005 0.005 0.005 0.005 0.005 0.005
 0.005 0.005 0.005 0.005 0.005 0.005 0.005 0.005 0.005 0.005 0.005 0.005
 0.005 0.005 0.005 0.005 0.005 0.005 0.005 0.005 0.005 0.005 0.005 0.005
 0.005 0.005 0.005 0.005 0.005 0.005 0.005 0.005 0.005 0.005 0.005 0.005
 0.005 0.005 0.005 0.005 0.005 0.005 0.005 0.005]","[1. 1. 1. 1. 1. 1. 1. 1. 1. 1. 1. 1. 1. 1. 1. 1. 1. 1. 1. 1. 1. 1. 1. 1.
 1. 1. 1. 1. 1. 1. 1. 1. 1. 1. 1. 1. 1. 1. 1. 1. 1. 1. 1. 1. 1. 1. 1. 1.
 1. 1. 1. 1. 1. 1. 1. 1. 1. 1. 1. 1. 1. 1. 1. 1. 1. 1. 1. 1. 1. 1. 1. 1.
 1. 1. 1. 1. 1. 1. 1. 1. 1. 1. 1. 1. 1. 1. 1. 1. 1. 1. 1. 1. 1. 1. 1. 1.
 1. 1. 1. 1. 1. 1. 1. 1. 1. 1. 1. 1. 1. 1. 1. 1. 1. 1. 1. 1. 1. 1. 1. 1.
 1. 1. 1. 1. 1. 1. 1. 1. 1. 1. 1. 1. 1. 1. 1. 1. 1. 1. 1. 1. 1. 1. 1. 1.
 1. 1. 1. 1. 1. 1. 1. 1. 1. 1. 1. 1. 1. 1. 1. 1. 1. 1. 1. 1. 1. 1. 1. 1.
 1. 1. 1. 1. 1. 1. 1. 1. 1. 1. 1. 1. 1. 1. 1. 1. 1. 1. 1. 1. 1. 1. 1. 1.
 1. 1. 1. 1. 1. 1. 1. 1. 1. 1. 1. 1. 1. 1. 1. 1. 1. 1. 1. 1. 1. 1. 1. 1.
 1. 1. 1. 1. 1. 1. 1. 1. 1. 1. 1. 1. 1. 1. 1. 1. 1. 1. 1. 1. 1. 1. 1. 1.
 1. 1. 1. 1. 1. 1. 1. 1.]","[16.996166 17.037971 17.046267 17.202837 17.215658 17.167225 17.177118
 16.919865 17.008524 17.009214 17.309574 17.119942 17.142256 17.067669
 17.142153 17.169048 17.318682 16.98565  17.005877 16.932673 16.918318
 16.94438  16.994442 17.19587  17.208193 17.122873 17.175665 17.107378
 16.993406 17.107378 17.048065 17.089535 17.343428 17.117527 17.13905
 16.967325 16.988665 18.304066 17.800434 17.555525 17.982029 18.299965
 18.30503  18.303192 17.9647   18.301447 18.250977 18.40759  17.706604
 18.244637 17.92991  18.318552 18.04962  18.3063   18.263836 18.264612
 18.371624 18.138918 17.577433 18.280052 18.395332 17.396395 17.123032
 17.249859 17.25057  17.499653 17.496956 17.497715 17.228376 17.229065
 17.103088 17.160837 17.427147 17.110828 17.34947  17.33087  17.418789
 17.420185 17.553991 17.051859 17.051308 17.055721 17.45292  17.433392
 17.099314 17.103088 17.0324   17.101383 17.405638 17.249582 17.430857
 17.441944 17.43122  17.215635 17.167671 17.383944 17.035477 17.436289
 17.030193 17.029572 17.38184  17.4119   17.167477 17.416723 17.432978
 17.430391 17.378498 17.515333 17.195093 17.475155 17.364923 17.36583
 17.396051 17.142792 17.131721 17.18015  17.302042 17.530462 17.36902
 17.259104 17.279675 17.42649  17.65427  17.216982 17.756403 17.59754
 17.14861  17.669535 17.66988  17.654003 17.573782 17.271477 17.145594
 17.429756 17.431152 17.665579 17.195263 17.770138 17.766146 17.645752
 17.6472   17.726162 17.144024 17.474018 17.658527 17.667208 17.66988
 17.672892 17.677166 17.642565 17.232159 17.654158 17.182802 17.29465
 17.653814 17.44155  17.730507 17.571949 17.526615 17.302423 17.366714
 17.661833 17.285547 17.654757 17.776169 17.649351 17.65042  17.65149
 17.65214  17.76372  17.497929 17.634151 17.634771 17.417778 17.560194
 17.296217 17.546597 17.545473 17.654364 17.654434 17.58637  17.223366
 17.388748 17.652847 17.564539 17.56547  17.744226 17.620241 17.628454
 17.316887 17.364328 17.759438 17.441706 17.446934 17.452278 17.457623
 17.587093 17.431309 17.6472   17.763662 20.203722 20.25109  19.978903
 20.342936 20.589487 17.2716   17.284544 17.404554 17.142607 17.143126
 17.045725 17.030476 17.313    17.047792 17.048569 17.330421 17.020262
 17.158104 17.180534 17.036276 17.105711 17.411392 17.274014 17.349453
 16.975647 16.976852 17.292475 17.159592 17.033775 17.161802 17.086254
 16.994146 16.995232 17.076242 17.291752 17.407536 17.09768  17.347748
 17.310759 17.341032 17.111572 17.404745 16.980907 17.306362 17.000656
 17.324749 17.030918 17.371414]",270.1309812078955,-38.22117091043365,180,248,20840,21087,0.23306233,0.011653117,-9.0,-9.0,-9.0,-9.0,0.0,0.0,0,0,0,0,-9.0,-9.0,-9.0,-9.0,-999.0,-999.0,-9.0,-9.0,-99.0,-9999.0,-9999.0,-9999.0,-9999.0,-9999.0,-9999.0,-9999.0,-9999.0,-9999.0,0,-9999.0,0,,,,,,,,,,,,999.0,999.0,999.0,999.0,999.0,999.0,999.0,999.0,999.0,999.0,999.0,999.0,0,0,-9.0,-9.0,-9.0,-9.0,-999.0,-999.0,-9.0,-9.0,-9999.0,-9999.0,-9999.0,-9999.0,-9999.0,-9999.0,-9999.0,-9999.0,-9999.0,0,-9999.0,0,999.0,999.0,999.0,999.0,999.0,999.0,999.0,999.0,999.0,999.0,999.0,999.0,,,,,,,,,,,,-999.0,-999.0,-999.0,-999.0,-999.0,-999.0,60795.332,60803.43,60803.43,61889.273,LCLIB,12,80,LSSTSIM_,37200,9282,1,0,5,0.0,0.0,0.0,2,0.0,-9,0.0,0.0,270.1309814453125,-38.22117233276367,0.2386783,60796.0,-9.0,0.0,-9.0,-9.0,20.357004,18.075407,17.476223,17.263023,17.14416,17.083048,1.0,1.0,1.0,1.0,1.0,1.0,,,,,,,-9,20.400076,18.11479,17.536804,17.334156,17.21692,17.155811,,,,,,,,,,,,,,,,,,,,,,,,,,,,
23353678,"[60806.3704 60812.3882 60813.3693 60813.3919 60841.258  60867.1661
 60867.189  60868.181  60921.987  60922.0178 60922.0575 60922.0803
 61132.328  61154.3675 61154.3777 61161.2657 61183.1718 61183.1944
 61186.1907 61222.2116 61222.2344 61242.999  61242.9994 61243.0216
 61243.022  61286.9993 61287.0223 61486.2476 61486.2703 61512.3156
 61512.3386 61513.2588 61515.2682 61515.292  61549.346  61604.2138
 61842.3655 61870.2653 61870.2887 60815.3722 60815.3731 60823.3529
 60829.3688 60844.209  60845.2498 60854.1454 61148.2389 61171.3508
 61172.1752 61175.2046 61198.1222 61198.1231 61210.1045 61210.1054
 61230.0309 61232.0396 61232.1737 61285.0187 61479.3568 61499.3611
 61509.3215 61510.2811 61556.023  61558.1593 61559.3159 61560.024
 61622.0845 61643.0428 61839.3353 61849.314  61862.3163 61867.3488
 61889.2518 61889.2523 60816.3331 60830.2961 60830.3007 60832.2933
 60842.1076 60855.0342 60872.0513 60875.0929 60875.9746 60881.0173
 60884.0292 60884.0302 60886.0212 60886.9835 60903.0903 60911.0426
 60911.0431 60912.116  60913.1161 60923.072  60929.9778 60936.9885
 61122.3876 61140.2839 61141.413  61159.2025 61160.2774 61182.3048
 61182.3057 61198.3009 61198.3022 61206.2654 61214.2127 61215.1061
 61223.2062 61224.0112 61224.0297 61266.0146 61267.1107 61277.1396
 61486.3256 61497.3136 61505.3119 61507.4055 61513.3227 61540.3214
 61541.1888 61551.197  61553.2978 61613.0316 61615.2402 61636.0677
 61637.0915 61639.05   61639.0504 61675.0764 61823.373  61854.3635
 61857.3118 61866.3786 61867.2857 61868.3052 61879.3077 61884.3025
 61884.303  60815.3959 60815.3968 60816.3091 60823.3291 60829.393
 60844.2336 60845.2741 60850.1963 60872.0267 60875.0681 60876.2894
 60877.1799 60912.092  60913.0922 60923.048  61122.3761 61140.2601
 61140.3961 61141.4017 61142.3297 61148.2638 61175.2291 61182.2804
 61182.2813 61198.0984 61198.0993 61206.2406 61210.1284 61210.1294
 61214.1727 61223.9874 61230.0548 61232.1986 61252.109  61267.0867
 61282.0587 61284.0568 61428.3648 61428.3679 61428.371  61428.374
 61479.3811 61505.2877 61509.3464 61510.3051 61511.2786 61513.298
 61530.2233 61541.1645 61556.0468 61556.1989 61558.1834 61559.2917
 61560.0477 61560.2423 61615.2163 61622.1093 61626.0097 61643.0674
 61646.0132 61647.101  61675.0524 61823.3617 61839.3591 61849.3411
 61853.335  61857.288  61862.3402 61866.3541 61872.3276 61879.2831
 61885.3807 61889.2761 61889.2766 60849.3455 60854.1207 60856.0819
 60876.3122 60877.1575 60878.2186 60806.3463 60830.3203 60832.3176
 60842.1325 60855.0581 60868.1567 60868.1691 60880.9934 60884.0539
 60884.0548 60885.9967 60887.0077 60903.1151 60911.0668 60911.0673
 60921.976  60929.9892 60936.9996 61132.3038 61159.2263 61160.3019
 61198.2766 61198.278  61215.1311 61223.2302 61265.9904 61277.1634
 61424.3602 61424.3633 61424.3664 61424.3695 61486.3496 61497.3377
 61505.4177 61507.418  61513.2827 61551.2222 61553.3221 61604.1899
 61613.0564 61636.092  61637.1158 61639.0744 61639.0749 61653.0186
 61842.3769 61854.375  61867.3097 61868.3291 61884.2775 61884.2779]","['Y' 'Y' 'Y' 'Y' 'Y' 'Y' 'Y' 'Y' 'Y' 'Y' 'Y' 'Y' 'Y' 'Y' 'Y' 'Y' 'Y' 'Y'
 'Y' 'Y' 'Y' 'Y' 'Y' 'Y' 'Y' 'Y' 'Y' 'Y' 'Y' 'Y' 'Y' 'Y' 'Y' 'Y' 'Y' 'Y'
 'Y' 'Y' 'Y' 'g' 'g' 'g' 'g' 'g' 'g' 'g' 'g' 'g' 'g' 'g' 'g' 'g' 'g' 'g'
 'g' 'g' 'g' 'g' 'g' 'g' 'g' 'g' 'g' 'g' 'g' 'g' 'g' 'g' 'g' 'g' 'g' 'g'
 'g' 'g' 'i' 'i' 'i' 'i' 'i' 'i' 'i' 'i' 'i' 'i' 'i' 'i' 'i' 'i' 'i' 'i'
 'i' 'i' 'i' 'i' 'i' 'i' 'i' 'i' 'i' 'i' 'i' 'i' 'i' 'i' 'i' 'i' 'i' 'i'
 'i' 'i' 'i' 'i' 'i' 'i' 'i' 'i' 'i' 'i' 'i' 'i' 'i' 'i' 'i' 'i' 'i' 'i'
 'i' 'i' 'i' 'i' 'i' 'i' 'i' 'i' 'i' 'i' 'i' 'i' 'i' 'r' 'r' 'r' 'r' 'r'
 'r' 'r' 'r' 'r' 'r' 'r' 'r' 'r' 'r' 'r' 'r' 'r' 'r' 'r' 'r' 'r' 'r' 'r'
 'r' 'r' 'r' 'r' 'r' 'r' 'r' 'r' 'r' 'r' 'r' 'r' 'r' 'r' 'r' 'r' 'r' 'r'
 'r' 'r' 'r' 'r' 'r' 'r' 'r' 'r' 'r' 'r' 'r' 'r' 'r' 'r' 'r' 'r' 'r' 'r'
 'r' 'r' 'r' 'r' 'r' 'r' 'r' 'r' 'r' 'r' 'r' 'r' 'r' 'r' 'r' 'u' 'u' 'u'
 'u' 'u' 'u' 'z' 'z' 'z' 'z' 'z' 'z' 'z' 'z' 'z' 'z' 'z' 'z' 'z' 'z' 'z'
 'z' 'z' 'z' 'z' 'z' 'z' 'z' 'z' 'z' 'z' 'z' 'z' 'z' 'z' 'z' 'z' 'z' 'z'
 'z' 'z' 'z' 'z' 'z' 'z' 'z' 'z' 'z' 'z' 'z' 'z' 'z' 'z' 'z' 'z' 'z' 'z']","[   0    0    0    0    0    0    0    0    0    0    0    0    0    0
    0    0    0    0    0    0    0    0    0    0    0    0    0    0
    0    0    0    0    0    0    0    0    0    0    0    0    0    0
    0    0    0    0    0    0    0    0    0    0    0    0    0    0
    0    0    0    0    0    0    0    0    0    0    0    0    0    0
    0    0 4096    0    0    0    0    0    0    0    0    0    0    0
    0    0    0    0    0    0    0    0    0    0    0    0    0    0
    0    0    0    0    0    0    0    0    0    0    0    0    0    0
    0    0    0    0    0    0    0    0    0    0    0    0    0    0
    0    0    0    0    0    0    0    0    0    0    0    0    0    0
    0    0    0    0    0    0    0    0    0    0    0    0    0    0
    0    0    0    0    0    0    0    0    0    0    0    0    0    0
    0    0    0    0    0    0    0    0 6144 4096 4096 4096    0    0
    0    0    0    0    0    0    0    0    0    0    0    0    0    0
    0    0    0    0    0    0    0    0    0    0    0    0    0    0
    0    0    0    0    0    0    0    0    0    0    0    0    0    0
    0    0    0    0    0    0    0    0    0    0    0    0    0    0
    0    0    0    0    0    0    0    0    0    0    0    0    0    0
    0    0    0    0    0    0    0    0    0    0    0    0    0    0
    0    0    0    0]","[-9. -9. -9. -9. -9. -9. -9. -9. -9. -9. -9. -9. -9. -9. -9. -9. -9. -9.
 -9. -9. -9. -9. -9. -9. -9. -9. -9. -9. -9. -9. -9. -9. -9. -9. -9. -9.
 -9. -9. -9. -9. -9. -9. -9. -9. -9. -9. -9. -9. -9. -9. -9. -9. -9. -9.
 -9. -9. -9. -9. -9. -9. -9. -9. -9. -9. -9. -9. -9. -9. -9. -9. -9. -9.
 -9. -9. -9. -9. -9. -9. -9. -9. -9. -9. -9. -9. -9. -9. -9. -9. -9. -9.
 -9. -9. -9. -9. -9. -9. -9. -9. -9. -9. -9. -9. -9. -9. -9. -9. -9. -9.
 -9. -9. -9. -9. -9. -9. -9. -9. -9. -9. -9. -9. -9. -9. -9. -9. -9. -9.
 -9. -9. -9. -9. -9. -9. -9. -9. -9. -9. -9. -9. -9. -9. -9. -9. -9. -9.
 -9. -9. -9. -9. -9. -9. -9. -9. -9. -9. -9. -9. -9. -9. -9. -9. -9. -9.
 -9. -9. -9. -9. -9. -9. -9. -9. -9. -9. -9. -9. -9. -9. -9. -9. -9. -9.
 -9. -9. -9. -9. -9. -9. -9. -9. -9. -9. -9. -9. -9. -9. -9. -9. -9. -9.
 -9. -9. -9. -9. -9. -9. -9. -9. -9. -9. -9. -9. -9. -9. -9. -9. -9. -9.
 -9. -9. -9. -9. -9. -9. -9. -9. -9. -9. -9. -9. -9. -9. -9. -9. -9. -9.
 -9. -9. -9. -9. -9. -9. -9. -9. -9. -9. -9. -9. -9. -9. -9. -9. -9. -9.
 -9. -9. -9. -9. -9. -9. -9. -9. -9. -9. -9. -9. -9. -9. -9. -9. -9. -9.]","[ 4.46662712e+01 -1.55638306e+02 -7.21109986e-01 -9.18198242e+01
 -2.45738449e+01 -1.04645653e+01  5.55896950e+01 -1.14044998e+02
 -2.60700150e+01  4.61741066e+01  8.79827728e+01 -8.31517105e+01
 -1.84887695e+01 -4.03427696e+01  3.41642141e+00  9.19276237e+00
  1.05103149e+01  9.98392487e+01 -1.57727556e+01  4.87193632e+00
 -1.61618195e+01 -6.50135880e+01  1.40949030e+01 -2.79347820e+01
  1.17783756e+01  9.29945908e+01 -3.57943535e+01 -5.04714727e+00
  4.03403854e+01  3.16742229e+01 -3.88037562e+00 -1.18053198e+01
  1.78903255e+01  1.97367268e+01 -1.27942982e+01  9.88223267e+00
 -2.35246124e+01 -8.12142372e+00  6.10891647e+01 -1.90745602e+01
  1.51445847e+01  2.98492527e+01  3.18601665e+01 -3.89303894e+01
 -3.50954971e+01  5.50869179e+01 -4.85842171e+01  4.98068657e+01
  4.43689251e+00  5.86087036e+00 -2.28042355e+01  3.75853996e+01
 -2.76862869e+01 -3.46197014e+01  3.42578354e+01 -2.21329951e+00
  5.11585045e+01 -6.00376940e+00  9.15353088e+01  6.52124405e+01
  7.37112656e+01  5.59309998e+01  1.23349869e+02  2.62897663e+01
  6.22851791e+01  3.87763329e+01  2.71475773e+01  3.24782028e+01
  1.20727570e+02  1.01087891e+02  5.80180206e+01  1.14161789e+02
  8.46988831e+01  1.38768280e+02  1.53877201e+01  5.75849581e+00
  2.93639526e+01 -1.59372225e+01 -1.49604702e+01 -1.20336494e+01
  2.00756664e+01 -5.01974335e+01  6.35377914e-02  3.08102627e+01
 -4.09368286e+01 -2.88992643e+00  2.03445969e+01  1.98591385e+01
  4.09343414e+01  2.64992952e+00  2.16561623e+01 -1.58141270e+01
 -1.21118193e+01 -2.08179245e+01 -6.03551559e+01  7.87212324e+00
 -9.86134529e+00  1.89045315e+01  2.79005947e+01 -9.46876779e-02
  1.33983860e+01 -4.51543579e+01 -1.22355595e+01  2.28285046e+01
 -2.91459618e+01  5.61283875e+00  3.38436241e+01  2.05002079e+01
 -1.40672839e+00 -4.28706131e+01 -5.65690727e+01  9.47535133e+00
  4.03675880e+01 -5.64442215e+01  4.60055923e+01  4.28805542e+01
  1.02189850e+02  2.01015244e+01  5.57920227e+01  2.01273651e+01
  1.08716812e+01  3.46883430e+01  1.46387253e+01  6.89210587e+01
  8.27902412e+00  2.33567047e+01  2.27321091e+01  2.17548771e+01
  6.69007645e+01  4.13304024e+01  6.25956192e+01  1.32090454e+01
  6.65642548e+01 -1.21282539e+01  1.10290518e+01  1.14872818e+02
  3.91881638e+01  6.08361740e+01 -9.44365978e+00 -4.80175495e+00
 -2.73122673e+01  3.53793411e+01  2.57611046e+01 -5.46942673e+01
  3.70663528e+01  8.86498356e+00 -1.53529704e+00  2.48030448e+00
  7.48200893e+00 -3.79646225e+01  6.88456039e+01 -3.10042896e+01
  8.41497421e+00  7.56034708e+00 -6.25126419e+01  6.18101540e+01
  2.99507599e+01  1.58281934e+00 -1.48379159e+00 -1.55041723e+01
 -8.22922802e+00  2.20290012e+01 -4.03704023e+00 -5.36042929e+00
  1.42719994e+01 -4.05185080e+00  1.90893097e+01  6.62200470e+01
 -5.26648808e+00  3.91737289e+01 -5.56052666e+01  2.88712978e+01
 -2.32808285e+01 -4.48069420e+01 -2.22112141e+01 -1.24405613e+01
  2.28425812e+05  2.27910250e+05  2.27960375e+05  2.27800531e+05
  2.53599472e+01  4.86135025e+01  1.95197678e+01  5.01801872e+01
  7.10511093e+01  5.61417961e+01  3.99908447e+00  2.58722744e+01
  3.49357033e+01  3.95315857e+01  8.33647461e+01  8.12258453e+01
  6.50431976e+01  8.78743591e+01  3.84658356e+01  3.46853294e+01
  5.95452118e+01  4.71375542e+01  5.05323448e+01  9.45458984e+01
  3.85059738e+01  4.63378525e+00  4.25449982e+01  9.22547760e+01
  7.68840179e+01  6.27527733e+01  5.42542152e+01  2.21375942e+01
  6.12273331e+01  3.75316658e+01  6.36287613e+01  6.77660446e+01
  3.86112671e+01 -7.66844635e+01  8.15930862e+01  1.17184629e+01
  7.25697449e+02 -5.05473557e+01 -1.05515999e+02  4.43952637e+01
  2.06374016e+01  1.01817112e+01 -5.19619346e-01 -8.17827511e+00
 -4.10236244e+01 -6.39548683e+01  4.13368607e+00 -3.33569641e+01
  4.64193964e+00 -1.23839483e+01  3.33140564e+01  3.25406380e+01
 -8.54507160e+00 -2.33958912e+01  5.46897793e+00  4.73377571e+01
 -2.18808198e+00 -1.43657789e+01 -3.63844919e+00  2.62658157e+01
  1.76750183e+01  2.57175503e+01  1.80866547e+01  5.88194885e+01
 -1.75546684e+01  2.30811234e+01  1.58864929e+02  1.24367729e+02
  4.37551193e+01  1.53176361e+02  2.09520035e+01  2.25125046e+01
  3.46852608e+01  3.68351707e+01  2.45331783e+01  2.50380287e+01
  4.28255730e+01  2.66050205e+01 -9.41162586e+00  7.35752535e+00
 -2.34267864e+01  4.43845024e+01  9.20404968e+01  2.35745754e+01
  1.97745876e+01  1.10067272e+01  2.93288269e+01  5.59559898e+01
 -3.79308624e+01  5.69506416e+01]","[  44.463257   62.89474    48.38537    48.078606   45.666977   50.77514
   51.837036   43.95707    45.88089    50.995136   49.236267   49.63527
   44.413715   46.54882    46.196617   47.455273   54.89671    47.233616
   47.57626    58.68893    56.677322   50.328735   50.457138   48.74102
   49.157803   43.14237    46.342525   58.41482    51.853645   42.71553
   41.844757   44.967773   44.248215   44.599552   58.52346    73.05932
   50.008255   45.013535   44.69089    33.22268    33.565937   35.581608
   37.03028    32.322872   33.93599    34.66168    35.239487   33.472954
   35.69069    35.172764   35.350567   35.187508   35.41741    35.12774
   36.01612    35.13721    34.974327   35.042465   34.829594   34.30611
   34.47239    35.13929    40.15657    35.05876    35.582012   39.814976
   35.031353   35.0567     32.647144   33.094936   34.62524    34.67055
   34.975857   34.831013   27.065649   27.385382   27.513014   27.478655
   27.0361     27.110806   28.654207   26.687994   28.076303   27.294844
   27.540737   27.80544    26.638716   27.248934   27.93608    27.925573
   28.107185   27.69406    28.292217   30.176733   30.838469   27.632252
   27.052773   27.331974   26.83388    28.704393   28.980854   27.113886
   27.153927   28.352104   28.64106    27.446606   27.403381   26.760935
   27.828001   28.729292   28.975815   26.783108   28.377771   29.174168
   28.006563   26.934277   26.756153   26.858658   26.58331    27.021637
   26.76477    27.027222   27.29951    27.69122    29.999876   26.961063
   28.362146   27.26611    27.269976   28.328417   27.492321   27.490646
   27.830845   26.745264   27.569872   27.387138   27.292852   26.731602
   26.691      28.633541   28.94493    27.84028    28.485613   30.006523
   27.900755   28.500092   28.447687   29.2299     28.207417   31.95832
   28.740105   28.681086   28.651495   27.868301   28.217241   27.626444
   27.392435   27.704205   27.698187   28.335484   28.46169    28.225885
   28.216951   29.168966   29.145874   28.379332   28.588972   28.60763
   27.498417   29.947096   28.808004   28.586298   30.104858   29.563274
   27.778046   28.284113 1144.229    1143.821    1143.6517   1143.8074
   28.319319   28.765251   28.015223   28.19911    28.420261   27.567043
   29.03979    27.552736   30.285837   28.604548   28.616026   28.820156
   30.783102   28.826462   30.116611   28.953867   27.32523    28.985909
   28.530928   29.189432   29.342566   28.723003   27.484789   28.547247
   28.364254   29.103254   28.024948   28.197783   28.2366     28.00951
   28.336725   28.418112   28.398956  167.61267   122.54354   118.52911
  222.40314   128.48376   143.30624    29.919886   29.775486   28.13798
   27.754528   28.913939   28.191889   28.848576   29.530005   28.70497
   28.683193   28.070093   27.625557   29.908102   27.944382   27.98455
   29.55611    30.072237   28.744196   29.564377   31.184431   30.300158
   29.549234   28.777328   28.205784   28.582174   27.742046   33.167923
   51.76607    57.238777   55.225197   57.76014    28.72846    27.68194
   30.398142   28.979868   28.124332   29.02742    32.465443   34.681667
   30.412601   29.82016    32.02058    29.610426   29.522573   29.37585
   30.164629   27.788141   27.577036   29.65823    27.760147   27.798592]","[1.48 2.99 1.93 1.77 1.75 1.99 2.03 1.51 1.8  2.32 2.02 1.95 1.57 2.06
 2.   1.86 2.87 2.08 2.12 2.74 2.48 2.33 2.34 2.25 2.26 1.59 1.97 2.27
 1.97 1.53 1.45 1.7  1.55 1.64 2.77 3.26 2.23 1.53 1.54 1.97 2.02 1.5
 2.23 1.35 2.56 1.92 1.65 2.38 2.41 2.26 2.34 2.23 2.76 2.92 3.85 2.02
 1.87 2.45 1.72 1.47 1.54 1.82 3.7  2.42 2.51 4.37 2.31 2.41 1.61 1.96
 1.51 1.77 1.72 1.7  1.69 1.88 1.99 2.07 1.77 1.5  3.12 1.37 2.38 1.96
 2.29 2.53 1.37 1.88 2.44 2.61 2.64 1.85 2.28 2.63 3.15 2.17 1.85 1.9
 1.63 2.34 2.42 1.78 1.8  2.55 2.65 1.94 2.04 1.57 1.8  2.78 2.74 1.47
 2.67 1.84 1.77 1.58 1.32 1.54 1.44 1.61 1.49 1.77 1.99 2.39 2.94 1.64
 2.35 1.92 1.9  1.78 1.8  2.17 2.29 1.42 2.   1.94 1.97 1.33 1.33 2.09
 2.15 1.72 1.56 1.99 1.95 2.22 1.96 3.16 1.62 3.19 1.92 1.84 1.7  1.61
 1.72 1.54 1.66 1.87 1.45 1.6  2.04 1.64 1.65 2.65 2.61 1.73 2.33 2.3
 1.77 2.95 2.62 1.92 2.86 3.75 1.79 1.37 4.69 4.41 4.44 5.04 1.87 2.39
 1.31 1.49 1.77 1.87 2.78 1.49 2.71 2.34 2.32 2.46 3.66 2.8  3.03 2.56
 1.58 2.56 2.13 2.28 1.95 1.72 1.55 2.65 1.52 2.43 1.27 1.52 1.77 1.85
 1.48 1.79 1.77 3.69 1.87 1.26 3.12 2.81 3.87 1.86 2.13 1.51 1.47 1.91
 1.42 1.59 2.16 1.97 1.95 1.6  1.42 2.24 1.54 1.56 1.54 2.36 1.87 1.74
 2.41 2.15 2.12 1.81 1.65 1.44 1.55 2.06 2.4  2.79 2.44 2.31 1.6  1.47
 1.98 1.61 1.58 1.96 2.96 2.21 2.64 2.02 2.56 2.18 2.15 2.15 2.12 1.56
 1.33 2.14 1.48 1.47]","[47.03 47.09 44.53 45.5  43.82 53.36 53.77 46.76 45.73 44.77 45.82 46.52
 46.3  40.24 40.42 48.53 41.01 40.49 41.5  49.75 50.42 42.17 42.1  41.65
 41.6  40.51 40.77 49.73 48.55 40.58 40.08 42.81 46.14 45.75 47.18 55.7
 44.   47.72 46.95 29.76 29.59 15.7  15.36 24.04 20.87 15.42 15.4  21.94
 15.11 15.12 15.58 15.48 15.33 15.63 15.13 15.22 15.26 15.4  16.08 15.51
 15.24 15.06 15.01 15.4  15.44 15.16 14.98 15.3  42.72 29.16 15.4  15.19
 15.1  15.1  34.08 31.85 32.15 37.16 37.8  32.81 30.88 30.8  32.68 31.1
 30.87 30.89 32.27 34.22 31.63 31.23 31.18 33.36 33.34 55.11 52.92 35.48
 31.15 40.04 38.99 49.27 54.22 31.24 31.38 37.74 37.82 32.01 36.16 41.95
 58.63 32.99 41.96 30.87 32.   62.94 59.68 32.55 31.23 31.55 40.39 31.13
 41.06 42.2  35.51 30.75 34.75 47.02 44.11 31.24 31.16 35.61 34.74 31.35
 32.12 30.95 39.58 43.55 33.21 30.92 30.84 34.11 34.03 28.16 23.98 24.9
 31.09 29.04 23.27 23.   22.82 25.   23.48 23.92 23.87 60.79 23.44 38.62
 37.34 30.86 26.55 23.42 22.93 23.18 23.16 23.98 23.75 23.49 23.22 23.48
 34.66 24.36 23.08 23.43 59.81 23.14 49.67 23.87 53.33 53.33 55.4  57.65
 23.98 23.19 23.   22.91 23.13 44.93 22.9  42.63 24.94 23.18 23.19 23.46
 24.77 23.25 23.97 22.88 35.94 23.43 23.19 24.07 25.19 26.47 38.11 33.87
 23.75 24.07 23.27 23.12 73.83 27.37 23.06 22.84 22.81  3.88  4.85  5.25
  2.98  4.65  4.34 57.34 43.17 43.37 45.32 42.22 57.57 57.17 42.05 40.59
 40.56 42.14 42.26 43.05 42.01 42.17 69.26 42.92 42.93 58.54 49.72 52.26
 44.14 44.49 45.81 57.02 40.97 64.16 44.11 47.72 51.69 60.15 54.92 41.83
 57.41 57.12 46.77 46.04 44.21 75.31 40.45 49.72 49.17 42.05 41.74 42.2
 50.92 41.07 44.3  45.54 41.26 41.08]","[0.25 0.25 0.25 0.25 0.25 0.25 0.25 0.25 0.25 0.25 0.25 0.25 0.25 0.25
 0.25 0.25 0.25 0.25 0.25 0.25 0.25 0.25 0.25 0.25 0.25 0.25 0.25 0.25
 0.25 0.25 0.25 0.25 0.25 0.25 0.25 0.25 0.25 0.25 0.25 0.25 0.25 0.25
 0.25 0.25 0.25 0.25 0.25 0.25 0.25 0.25 0.25 0.25 0.25 0.25 0.25 0.25
 0.25 0.25 0.25 0.25 0.25 0.25 0.25 0.25 0.25 0.25 0.25 0.25 0.25 0.25
 0.25 0.25 0.25 0.25 0.25 0.25 0.25 0.25 0.25 0.25 0.25 0.25 0.25 0.25
 0.25 0.25 0.25 0.25 0.25 0.25 0.25 0.25 0.25 0.25 0.25 0.25 0.25 0.25
 0.25 0.25 0.25 0.25 0.25 0.25 0.25 0.25 0.25 0.25 0.25 0.25 0.25 0.25
 0.25 0.25 0.25 0.25 0.25 0.25 0.25 0.25 0.25 0.25 0.25 0.25 0.25 0.25
 0.25 0.25 0.25 0.25 0.25 0.25 0.25 0.25 0.25 0.25 0.25 0.25 0.25 0.25
 0.25 0.25 0.25 0.25 0.25 0.25 0.25 0.25 0.25 0.25 0.25 0.25 0.25 0.25
 0.25 0.25 0.25 0.25 0.25 0.25 0.25 0.25 0.25 0.25 0.25 0.25 0.25 0.25
 0.25 0.25 0.25 0.25 0.25 0.25 0.25 0.25 0.25 0.25 0.25 0.25 0.25 0.25
 0.25 0.25 0.25 0.25 0.25 0.25 0.25 0.25 0.25 0.25 0.25 0.25 0.25 0.25
 0.25 0.25 0.25 0.25 0.25 0.25 0.25 0.25 0.25 0.25 0.25 0.25 0.25 0.25
 0.25 0.25 0.25 0.25 0.25 0.25 0.25 0.25 0.25 0.25 0.25 0.25 0.25 0.25
 0.25 0.25 0.25 0.25 0.25 0.25 0.25 0.25 0.25 0.25 0.25 0.25 0.25 0.25
 0.25 0.25 0.25 0.25 0.25 0.25 0.25 0.25 0.25 0.25 0.25 0.25 0.25 0.25
 0.25 0.25 0.25 0.25 0.25 0.25 0.25 0.25 0.25 0.25 0.25 0.25 0.25 0.25
 0.25 0.25 0.25 0.25]","[30.11 30.05 30.08 30.05 30.11 30.14 30.13 30.13 30.14 30.12 30.1  30.07
 30.13 30.12 30.12 30.14 30.1  30.11 30.12 30.12 30.1  30.1  30.1  30.12
 30.11 30.13 30.11 29.98 30.04 30.13 30.14 30.11 30.13 30.14 30.09 30.08
 30.11 30.11 30.12 31.65 31.63 31.48 31.4  31.69 31.6  31.54 31.5  31.63
 31.48 31.51 31.5  31.51 31.5  31.52 31.48 31.51 31.52 31.52 31.53 31.56
 31.55 31.51 31.25 31.52 31.49 31.28 31.52 31.52 31.7  31.66 31.54 31.54
 31.52 31.53 31.33 31.31 31.31 31.34 31.35 31.31 31.31 31.33 31.3  31.32
 31.32 31.32 31.34 31.33 31.31 31.32 31.31 31.29 31.28 31.36 31.39 31.33
 31.33 31.35 31.36 31.36 31.39 31.32 31.32 31.33 31.32 31.31 31.34 31.37
 31.39 31.29 31.34 31.33 31.3  31.33 31.38 31.33 31.33 31.33 31.37 31.32
 31.36 31.37 31.34 31.32 31.24 31.38 31.35 31.32 31.32 31.25 31.31 31.32
 31.31 31.33 31.34 31.37 31.33 31.33 31.33 31.54 31.52 31.57 31.51 31.41
 31.58 31.54 31.52 31.5  31.53 31.33 31.5  31.5  31.5  31.64 31.53 31.6
 31.62 31.59 31.57 31.52 31.52 31.53 31.53 31.49 31.49 31.52 31.52 31.52
 31.61 31.45 31.51 31.51 31.65 31.5  31.63 31.52 30.68 30.69 30.7  30.71
 31.53 31.51 31.54 31.53 31.52 31.64 31.5  31.61 31.42 31.52 31.52 31.51
 31.43 31.52 31.44 31.5  31.62 31.5  31.52 31.48 31.46 31.5  31.61 31.58
 31.52 31.49 31.54 31.53 31.68 31.56 31.52 31.52 31.52 28.97 29.64 29.71
 28.36 29.54 29.31 31.03 30.98 30.99 31.02 30.99 31.04 31.03 30.99 31.
 31.   31.   31.01 30.99 31.   31.   31.05 31.   31.   31.03 31.01 31.03
 31.   31.   31.02 31.02 31.01 30.96 30.13 30.14 30.15 30.16 31.03 31.01
 31.03 31.03 31.02 31.02 30.99 31.03 31.   31.01 30.99 30.99 30.99 31.
 31.02 31.01 31.01 31.01 31.   31.  ]","[0.005 0.005 0.005 0.005 0.005 0.005 0.005 0.005 0.005 0.005 0.005 0.005
 0.005 0.005 0.005 0.005 0.005 0.005 0.005 0.005 0.005 0.005 0.005 0.005
 0.005 0.005 0.005 0.005 0.005 0.005 0.005 0.005 0.005 0.005 0.005 0.005
 0.005 0.005 0.005 0.005 0.005 0.005 0.005 0.005 0.005 0.005 0.005 0.005
 0.005 0.005 0.005 0.005 0.005 0.005 0.005 0.005 0.005 0.005 0.005 0.005
 0.005 0.005 0.005 0.005 0.005 0.005 0.005 0.005 0.005 0.005 0.005 0.005
 0.005 0.005 0.005 0.005 0.005 0.005 0.005 0.005 0.005 0.005 0.005 0.005
 0.005 0.005 0.005 0.005 0.005 0.005 0.005 0.005 0.005 0.005 0.005 0.005
 0.005 0.005 0.005 0.005 0.005 0.005 0.005 0.005 0.005 0.005 0.005 0.005
 0.005 0.005 0.005 0.005 0.005 0.005 0.005 0.005 0.005 0.005 0.005 0.005
 0.005 0.005 0.005 0.005 0.005 0.005 0.005 0.005 0.005 0.005 0.005 0.005
 0.005 0.005 0.005 0.005 0.005 0.005 0.005 0.005 0.005 0.005 0.005 0.005
 0.005 0.005 0.005 0.005 0.005 0.005 0.005 0.005 0.005 0.005 0.005 0.005
 0.005 0.005 0.005 0.005 0.005 0.005 0.005 0.005 0.005 0.005 0.005 0.005
 0.005 0.005 0.005 0.005 0.005 0.005 0.005 0.005 0.005 0.005 0.005 0.005
 0.005 0.005 0.005 0.005 0.005 0.005 0.005 0.005 0.005 0.005 0.005 0.005
 0.005 0.005 0.005 0.005 0.005 0.005 0.005 0.005 0.005 0.005 0.005 0.005
 0.005 0.005 0.005 0.005 0.005 0.005 0.005 0.005 0.005 0.005 0.005 0.005
 0.005 0.005 0.005 0.005 0.005 0.005 0.005 0.005 0.005 0.005 0.005 0.005
 0.005 0.005 0.005 0.005 0.005 0.005 0.005 0.005 0.005 0.005 0.005 0.005
 0.005 0.005 0.005 0.005 0.005 0.005 0.005 0.005 0.005 0.005 0.005 0.005
 0.005 0.005 0.005 0.005 0.005 0.005 0.005 0.005 0.005 0.005 0.005 0.005
 0.005 0.005 0.005 0.005 0.005 0.005]","[1. 1. 1. 1. 1. 1. 1. 1. 1. 1. 1. 1. 1. 1. 1. 1. 1. 1. 1. 1. 1. 1. 1. 1.
 1. 1. 1. 1. 1. 1. 1. 1. 1. 1. 1. 1. 1. 1. 1. 1. 1. 1. 1. 1. 1. 1. 1. 1.
 1. 1. 1. 1. 1. 1. 1. 1. 1. 1. 1. 1. 1. 1. 1. 1. 1. 1. 1. 1. 1. 1. 1. 1.
 1. 1. 1. 1. 1. 1. 1. 1. 1. 1. 1. 1. 1. 1. 1. 1. 1. 1. 1. 1. 1. 1. 1. 1.
 1. 1. 1. 1. 1. 1. 1. 1. 1. 1. 1. 1. 1. 1. 1. 1. 1. 1. 1. 1. 1. 1. 1. 1.
 1. 1. 1. 1. 1. 1. 1. 1. 1. 1. 1. 1. 1. 1. 1. 1. 1. 1. 1. 1. 1. 1. 1. 1.
 1. 1. 1. 1. 1. 1. 1. 1. 1. 1. 1. 1. 1. 1. 1. 1. 1. 1. 1. 1. 1. 1. 1. 1.
 1. 1. 1. 1. 1. 1. 1. 1. 1. 1. 1. 1. 1. 1. 1. 1. 1. 1. 1. 1. 1. 1. 1. 1.
 1. 1. 1. 1. 1. 1. 1. 1. 1. 1. 1. 1. 1. 1. 1. 1. 1. 1. 1. 1. 1. 1. 1. 1.
 1. 1. 1. 1. 1. 1. 1. 1. 1. 1. 1. 1. 1. 1. 1. 1. 1. 1. 1. 1. 1. 1. 1. 1.
 1. 1. 1. 1. 1. 1. 1. 1. 1. 1. 1. 1. 1. 1. 1. 1. 1. 1. 1. 1. 1. 1. 1. 1.
 1. 1. 1. 1. 1. 1.]","[17.08     17.08     17.08     17.08     17.08     17.08     17.08
 17.08     17.08     17.08     17.08     17.08     17.08     17.08
 17.08     17.08     17.08     17.08     17.08     17.08     17.08
 17.08     17.08     17.08     17.08     17.08     17.08     17.078297
 17.078297 17.078297 17.078297 17.078297 17.078297 17.078297 17.078297
 17.078297 17.078297 17.078297 17.078297 16.077    16.077    16.077
 16.077    16.077    16.077    16.077    16.077    16.077    16.077
 16.077    16.077    16.077    16.077    16.077    16.077    16.077
 16.077    16.077    16.074966 16.074966 16.074966 16.074966 16.074966
 16.074966 16.074966 16.074966 16.074966 16.074966 16.074966 16.074966
 16.074966 16.074966 16.074966 16.074966 16.675    16.675    16.675
 16.675    16.675    16.675    16.675    16.675    16.675    16.675
 16.675    16.675    16.675    16.675    16.675    16.675    16.675
 16.675    16.675    16.675    16.675    16.675    16.675    16.675
 16.675    16.675    16.675    16.675    16.675    16.675    16.675
 16.675    16.675    16.675    16.675    16.675    16.675    16.675
 16.675    16.675    16.673203 16.673203 16.673203 16.673203 16.673203
 16.673203 16.673203 16.673203 16.673203 16.673203 16.673203 16.673203
 16.673203 16.673203 16.673203 16.673203 16.673203 16.673203 16.673203
 16.673203 16.673203 16.673203 16.673203 16.673203 16.673203 16.402
 16.402    16.402    16.402    16.402    16.402    16.402    16.402
 16.402    16.402    16.402    16.402    16.402    16.402    16.402
 16.402    16.402    16.402    16.402    16.402    16.402    16.402
 16.402    16.402    16.402    16.402    16.402    16.402    16.402
 16.402    16.402    16.402    16.402    16.402    16.402    16.402
 16.402    13.981991 13.982146 13.982302 13.982451 16.400114 16.400114
 16.400114 16.400114 16.400114 16.400114 16.400114 16.400114 16.400114
 16.400114 16.400114 16.400114 16.400114 16.400114 16.400114 16.400114
 16.400114 16.400114 16.400114 16.400114 16.400114 16.400114 16.400114
 16.400114 16.400114 16.400114 16.400114 16.400114 16.400114 16.400114
 16.400114 16.400114 16.400114 15.79     15.79     15.79     15.79
 15.79     15.79     16.893    16.893    16.893    16.893    16.893
 16.893    16.893    16.893    16.893    16.893    16.893    16.893
 16.893    16.893    16.893    16.893    16.893    16.893    16.893
 16.893    16.893    16.893    16.893    16.893    16.893    16.893
 16.893    16.887695 16.887634 16.887571 16.88751  16.891258 16.891258
 16.891258 16.891258 16.891258 16.891258 16.891258 16.891258 16.891258
 16.891258 16.891258 16.891258 16.891258 16.891258 16.891258 16.891258
 16.891258 16.891258 16.891258 16.891258]",258.2503237004916,-42.5538349823386,184,270,5961,6230,2.5293834,0.12646917,-9.0,-9.0,-9.0,-9.0,0.0,0.0,0,0,0,0,-9.0,-9.0,-9.0,-9.0,-999.0,-999.0,-9.0,-9.0,-99.0,-9999.0,-9999.0,-9999.0,-9999.0,-9999.0,-9999.0,-9999.0,-9999.0,-9999.0,0,-9999.0,0,,,,,,,,,,,,999.0,999.0,999.0,999.0,999.0,999.0,999.0,999.0,999.0,999.0,999.0,999.0,0,0,-9.0,-9.0,-9.0,-9.0,-999.0,-999.0,-9.0,-9.0,-9999.0,-9999.0,-9999.0,-9999.0,-9999.0,-9999.0,-9999.0,-9999.0,-9999.0,0,-9999.0,0,999.0,999.0,999.0,999.0,999.0,999.0,999.0,999.0,999.0,999.0,999.0,999.0,,,,,,,,,,,,-999.0,-999.0,-999.0,-999.0,-999.0,-999.0,61427.625,61428.363,61428.363,61889.25,LCLIB,12,84,Dwarf-No,94624,11085,1,0,5,0.0,0.0,0.0,2,-0.0,-9,0.0,0.0,258.2503356933594,-42.553836822509766,0.0,61427.746,-9.0,0.0,-9.0,-9.0,15.79,16.077,16.402,16.675,16.893,17.08,1.0,1.0,1.0,1.0,1.0,1.0,,,,,,,-9,15.79,16.077,16.402,16.675,16.893,17.08,,,,,,,,,,,,,,,,,,,,,,,,,,,,
