snid,CEP_dist,DSCT_dist,EB_dist,RRL_dist
111699711,8630859419996.288,1.124858351622916e+17,224427260348.2372,419583119567.35736
155825094,9439326123221.516,1.2302256709321758e+17,245449728442.3926,458886155925.08887
132147317,9944157545162.576,1.2960202590460379e+17,258576802732.25748,483428177883.68414
89400191,17951323941161.492,2.3395928085882067e+17,466786243417.288,872690901730.6893
149102008,598891189224959.2,7.805338037955625e+18,15572899726746.42,29114671010688.406
