snid,CEP_dist,DSCT_dist,EB_dist,RRL_dist
97703486,-8.496705137032091,-1789.4390512071818,-2.472839904819482,-2.314645315834848
