snid,CEP_dist,DSCT_dist,EB_dist,RRL_dist
111699711,1669786888.7743046,1283015026558357.5,968.4653184490736,90506.70299829722
155825094,1826198724.5432208,1403197139985470.8,1061.2870219255917,99054.60379736978
132147317,1923866760.133761,1478242540242634.5,1115.6439382470583,104265.33334755493
89400191,3472989525.409753,2668542866226798.0,2013.7524605334727,188206.27157400787
149102008,115865705734.16296,8.902779606355248e+16,67180.14872869178,6278556.384473042
