snid,CEP_dist,DSCT_dist,EB_dist,RRL_dist
111699711,3338640250.7719345,2566029425499308.5,1894.2065434932224,177690.94971954077
155825094,3651042678.7922125,2806393057193165.0,2084.0209135462273,194351.51430460886
132147317,3846946937.597103,2956484610034166.0,2208.694109481482,206011.65032721005
89400191,6945157789.946631,5337085245789661.0,4039.978368031251,374749.1989139698
149102008,231726209552.82825,1.7805558951204512e+17,134240.7300552582,12540667.630305368
