snid,CEP_dist,DSCT_dist,EB_dist,RRL_dist
89400191,1.5665305339095062e+17,7.872485605189338e+21,2.380401099511715e+16,1.9570809301759572e+16
149102008,1.2560391103528954e+19,6.312133470600587e+23,1.9085978948983997e+18,1.569181153649206e+18
