snid,CEP_dist,DSCT_dist,EB_dist,RRL_dist
111699711,4.4611523341807096e+16,9.861975769719667e+18,5.202426059149922e+19,1.945677642045472e+18
155825094,4.879035762795241e+16,1.078576315025351e+19,5.689745806525081e+19,2.1279324452421542e+18
132147317,5.139975001353908e+16,1.136260434357407e+19,5.994043213619341e+19,2.2417379381306158e+18
89400191,9.278750460704984e+16,2.0511922730778423e+19,1.0820525604388063e+20,4.046814795969262e+18
149102008,3.0955721880214733e+18,6.843177589009315e+20,3.6099384379444785e+21,1.3500963656492366e+20
