snid,CEP_dist,DSCT_dist,EB_dist,RRL_dist
56961335,2.12863703636918,3.6857908040857175,3.810398894994959,3.6405606674754316
6100666,2.0920514811259356,3.738167461319847,3.8380940702846598,3.651232328473056
