,object,LSST_I,LSST_I_e,LSST_I_w,LSST_Z,LSST_Z_e,LSST_Z_w,LSST_Y,LSST_Y_e,LSST_Y_w,ROMAN_F087,ROMAN_F087_e,ROMAN_F087_w,ROMAN_F106,ROMAN_F106_e,ROMAN_F106_w,ROMAN_F129,ROMAN_F129_e,ROMAN_F129_w,ROMAN_F158,ROMAN_F158_e,ROMAN_F158_w,ROMAN_F184,ROMAN_F184_e,ROMAN_F184_w,SpT,Spt_num,z-y,z-Y,z-J,z-H,z-K,y-Y,y-J,y-H,y-K,Y-J,Y-H,Y-K,J-H,J-K,H-K
0,b'0000-4614',,,1.0,34.7289628701862,1.681595454486655,0.0,28.676538653091633,0.008839558722058688,0.0,,,1.0,28.0263669605187,0.014690772720073618,0.0,27.375686676568396,0.005509624663826146,0.0,27.91727447873983,0.005856758633800687,0.0,28.773639423997768,0.0172183542997033,0.0,b'T7',87.0,6.052424217094568,6.702595909667501,7.3532761936178055,6.811688391446371,5.955323446188434,0.6501716925729326,1.3008519765232371,0.7592641743518023,-0.09710077090613467,0.6506802839503045,0.10909248177886965,-0.7472724634790673,-0.5415878021714349,-1.3979527474293718,-0.8563649452579369
1,b'0001-0613',,,1.0,30.565066773939197,0.027303177684116903,0.0,29.13074976306154,0.0027717533547624395,0.0,,,1.0,28.53131969902838,0.00872337272498997,0.0,27.961110665093962,0.00695305389314641,0.0,28.269883125766814,0.012608258238285895,0.0,28.806838990672595,0.03409950265109018,0.0,b'T4',84.0,1.4343170108776562,2.033747074910817,2.603956108845235,2.295183648172383,1.7582277832666016,0.5994300640331609,1.169639097967579,0.8608666372947269,0.3239107723889454,0.5702090339344181,0.261436573261566,-0.2755192916442155,-0.30877246067285213,-0.8457283255786336,-0.5369558649057815
2,b'0003-7533',,,1.0,30.836992565115793,,0.0,28.672317477035193,0.0013320602684843354,0.0,,,1.0,28.14698046266285,0.0027089346343748236,0.0,27.897808534268687,0.0020522897452532043,0.0,28.089228141802906,,0.0,28.519375415566202,,0.0,b'T3',83.0,2.1646750880805996,2.6900121024529433,2.9391840308471053,2.747764423312887,2.3176171495495907,0.5253370143723437,0.7745089427665057,0.5830893352322875,0.15294206146899114,0.24917192839416202,0.05775232085994375,-0.37239495290335256,-0.19141960753421827,-0.6215668812975146,-0.4301472737632963
3,b'0011-0521B',,,1.0,29.98787987301987,0.010609672488295571,0.0,29.553060256797494,0.004189204987974381,0.0,,,1.0,29.01430348189416,0.012460841113704466,0.0,28.310803017339143,0.007412254572896678,0.0,27.98705063989044,0.009845062176542836,0.0,27.97891754031091,0.014785884445809853,0.0,b'L1',71.0,0.4348196162223772,0.9735763911257109,1.6770768556807276,2.00082923312943,2.008962332708961,0.5387567749033337,1.2422572394583504,1.5660096169070528,1.574142716486584,0.7035004645550167,1.027252842003719,1.0353859415832503,0.32375237744870233,0.33188547702823357,0.008133099579531233
4,b'0012+5159',28.89534318869738,0.003259815054952561,0.0,27.32261253312704,0.0008649073367527518,0.0,26.337395064747522,0.00044572934461389104,0.0,27.174717908484162,0.003638998287932867,0.0,25.907009663697234,0.0012378314806212212,0.0,25.468251678803433,0.0011804759877005794,0.0,25.299594118589106,0.00103966182131777,0.0,25.3345087083485,0.0016998650966662619,0.0,b'L1',71.0,0.985217468379517,1.4156028694298044,1.8543608543236054,2.0230184145379333,1.9881038247785376,0.43038540105028744,0.8691433859440885,1.0378009461584163,1.0028863563990207,0.438757984893801,0.6074155451081289,0.5725009553487332,0.16865756021432787,0.13374297045493222,-0.03491458975939565
5,b'0018+5650',,,1.0,30.32839485138779,0.01724324116497719,0.0,28.56734458361678,0.003245787043940512,0.0,,,1.0,28.086791692895137,0.011671322921478627,0.0,27.556929615985677,0.011420234215107216,0.0,27.680723254881784,0.018590042959288545,0.0,27.95500662051628,0.03722513089065063,0.0,b'T4',84.0,1.7610502677710116,2.241603158492655,2.7714652354021148,2.647671596506008,2.3733882308715124,0.4805528907216434,1.0104149676311032,0.8866213287349964,0.6123379631005008,0.5298620769094597,0.406068438013353,0.1317850723788574,-0.12379363889610673,-0.39807700453060235,-0.2742833656344956
6,b'0022-0652',,,1.0,30.228552811169358,0.008594117905192116,0.0,28.92292701215466,0.007696193202254212,0.0,,,1.0,28.319612154352768,0.02438359619445083,0.0,27.744601208178914,0.02498017155443149,0.0,27.613434080855427,0.02245732567259256,0.0,27.799741417798927,0.023709001985116735,0.0,b'T3',83.0,1.3056257990146989,1.9089406568165899,2.4839516029904445,2.615118730313931,2.428811393370431,0.603314857801891,1.1783258039757456,1.309492931299232,1.123185594355732,0.5750109461738546,0.7061780734973411,0.5198707365538411,0.13116712732348645,-0.055140209620013536,-0.1863073369435
7,b'0025-1346',,,1.0,28.483778361690568,0.006836846665900421,0.0,27.504976566389022,0.001998380867574773,0.0,,,1.0,27.05269747415807,0.0061210653700192385,0.0,26.556653038060254,0.006913169619277868,0.0,26.342634467176048,0.005844110891486877,0.0,26.410875902219292,0.013146285105649932,0.0,b'L1',71.0,0.9788017953015462,1.4310808875324987,1.9271253236303139,2.1411438945145207,2.072902459471276,0.45227909223095253,0.9483235283287677,1.1623420992129745,1.09410066416973,0.4960444360978151,0.710063006982022,0.6418215719387774,0.21401857088420684,0.1457771358409623,-0.06824143504324454
8,b'0029-3119',,,1.0,28.563427537187536,0.005377944707460253,0.0,27.55878665657334,,0.0,,,1.0,27.092915196117158,,0.0,26.565237230835905,0.0067551731406304705,0.0,26.308823827577534,0.005872935083147837,0.0,26.338380461246796,0.015909489510781385,0.0,b'L1',71.0,1.0046408806141969,1.4705123410703784,1.9981903063516313,2.2546037096100022,2.22504707594074,0.46587146045618155,0.9935494257374344,1.2499628289958054,1.220406195326543,0.5276779652812529,0.7840913685396238,0.7545347348703615,0.2564134032583709,0.2268567695891086,-0.02955663366926231
9,b'0041-4019',,,1.0,,,1.0,28.45436918053059,0.0067320195178023545,0.0,,,1.0,,,1.0,27.293799157685225,0.016450340670290553,0.0,27.681281498802043,0.01553523329503044,0.0,28.244110054590237,0.031996209789685766,0.0,b'T8',88.0,,,,,,,1.1605700228453664,0.7730876817285477,0.2102591259403539,,,,-0.3874823411168187,-0.9503108969050125,-0.5628285557881938
10,b'0048+2508A',,,1.0,,,1.0,,,1.0,,,1.0,,,1.0,27.360843181619607,0.0007352168352898672,0.0,27.235371384742596,0.0005252863750665499,0.0,27.28236478840957,0.0008621812609873683,0.0,,,,,,,,,,,,,,,0.1254717968770116,0.07847839321003747,-0.04699340366697413
11,b'0048+2508B',,,1.0,,,1.0,,,1.0,,,1.0,,,1.0,29.703990883292903,0.05374723964210059,0.0,29.757081238797213,0.039592642532877496,0.0,29.565081633700693,0.033255123738625575,0.0,,,,,,,,,,,,,,,-0.05309035550430963,0.13890924959220996,0.1919996050965196
12,b'0103+2626',,,1.0,28.174707164404637,0.004477220779479977,0.0,27.224302590001464,0.0016849379042225311,0.0,,,1.0,26.760355022629916,0.005992597737244605,0.0,26.23969223965535,0.004699014988039798,0.0,25.99147485988379,0.005472579542325535,0.0,25.979554902314227,0.007405266916587191,0.0,b'L1',71.0,0.9504045744031728,1.414352141774721,1.9350149247492858,2.183232304520846,2.19515226209041,0.4639475673715481,0.984610350346113,1.2328277301176733,1.2447476876872372,0.5206627829745649,0.7688801627461253,0.7808001203156891,0.24821737977156033,0.2601373373411242,0.011919957569563877
13,b'0103+3053',,,1.0,31.94735378314483,0.017273838039323697,0.0,29.74272401225262,0.0035509565975916074,0.0,31.402782687924507,0.07400682339220156,0.0,29.23360851629431,0.012945081958993038,0.0,28.645568183251136,0.01152340277270191,0.0,28.95232070629827,0.021056865831031366,0.0,29.582151729527133,0.05770349523418594,0.0,b'T4',84.0,2.204629770892211,2.7137452668505198,3.3017855998936945,2.9950330768465605,2.365202053617697,0.5091154959583086,1.0971558290014833,0.7904033059543494,0.16057228272548585,0.5880403330431747,0.28128780999604075,-0.3485432132328228,-0.30675252304713396,-0.9365835462759975,-0.6298310232288635
14,b'0111-1035',,,1.0,,,1.0,,,1.0,,,1.0,,,1.0,27.244509926851748,,0.0,27.087646964938585,0.0008590599121034568,0.0,27.135316295731396,0.001049033198565547,0.0,b'L1',71.0,,,,,,,,,,,,,0.15686296191316274,0.10919363112035185,-0.04766933079281088
15,b'0115-4616',,,1.0,27.917940616724582,0.01146405512319719,0.0,26.05372970118961,0.0018849915696224375,0.0,,,1.0,25.48030193636823,0.004222507338532795,0.0,24.8832391724332,0.002658233162939534,0.0,25.112164768294125,0.004006685857660582,0.0,25.846846021968513,0.01109783309556411,0.0,b'T6',86.0,1.8642109155349722,2.4376386803563506,3.0347014442913824,2.805775848430457,2.071094594756069,0.5734277648213784,1.1704905287564102,0.9415649328954849,0.20688367922109663,0.5970627639350319,0.36813716807410657,-0.36654408560028173,-0.2289255958609253,-0.9636068495353136,-0.7346812536743883
16,b'0117+6726',,,1.0,,,1.0,,,1.0,,,1.0,,,1.0,27.717276894104966,0.03330474367326439,0.0,27.29346747758996,0.015774349933009656,0.0,27.32463946138642,0.016001982958605908,0.0,b'L4',74.0,,,,,,,,,,,,,0.4238094165150059,0.3926374327185478,-0.031171983796458136
17,b'0117+7627',,,1.0,,,1.0,,,1.0,,,1.0,,,1.0,27.85004429449103,0.04608633469001557,0.0,27.596415648651963,0.03108043494399963,0.0,27.856061184505158,0.040364342535295694,0.0,b'L2',72.0,,,,,,,,,,,,,0.2536286458390684,-0.006016890014127085,-0.2596455358531955
18,b'0119-4502',,,1.0,28.46939433528842,0.013237126387257247,0.0,26.76408493718865,0.0018781873517330365,0.0,,,1.0,26.195111677257373,0.004539729916667662,0.0,25.615602212530906,0.004830118176571971,0.0,26.05303011827281,0.005133114247020888,0.0,27.179219857064616,0.014306228575624951,0.0,b'T7',87.0,1.7053093980997716,2.274282658031048,2.8537921227575147,2.4163642170156088,1.290174478223804,0.5689732599312762,1.1484827246577431,0.7110548189158372,-0.4151349198759675,0.5795094647264669,0.14208155898456098,-0.9841081798072437,-0.43742790574190593,-1.5636176445337107,-1.1261897387918047
19,b'0119-4937',,,1.0,,,0.0,28.542673970372867,0.0015835199039968086,0.0,,,1.0,28.067161666293188,0.004150601777026394,0.0,27.541074829741873,,0.0,27.72953131495257,0.003177500697698922,0.0,28.667331862824945,0.010731173366652472,0.0,b'T7',87.0,,,,,,0.4755123040796789,1.0015991406309936,0.8131426554202967,-0.12465789245207759,0.5260868365513147,0.3376303513406178,-0.6001701965317565,-0.1884564852106969,-1.1262570330830712,-0.9378005478723743
20,b'0144+3802',,,1.0,29.223950718459783,0.0012106529738510144,0.0,28.146980004693013,0.00046907274084638783,0.0,,,1.0,27.71381547730097,0.0019449896287173996,0.0,27.287632747837183,0.002035651880877372,0.0,27.136143106753412,0.0029103785543051117,0.0,27.271255091380297,0.0047670766188809225,0.0,b'L7',77.0,1.0769707137667694,1.5101352411588138,1.9363179706226,2.0878076117063706,1.9526956270794855,0.43316452739204436,0.8593472568558305,1.0108368979396012,0.8757249133127161,0.4261827294637861,0.5776723705475568,0.4425603859206717,0.15148964108377072,0.016377656456885603,-0.13511198462688512
21,b'0146-0508B',,,1.0,,,1.0,,,1.0,,,1.0,,,1.0,26.531433878746313,0.0016068945879870735,0.0,26.160394699425034,0.0008121575107905347,0.0,26.224767417190158,0.0016125323075826662,0.0,b'L5',75.0,,,,,,,,,,,,,0.3710391793212793,0.30666646155615496,-0.06437271776512432
22,b'0147+5058',,,1.0,,,1.0,,,1.0,,,1.0,,,1.0,28.301719899538288,0.0005367900930843631,0.0,28.510966822855856,0.0005336513748142928,0.0,28.92951610653803,0.0013566661025970128,0.0,b'T4',84.0,,,,,,,,,,,,,-0.20924692331756845,-0.6277962069997436,-0.41854928368217514
23,b'0153+6137',,,1.0,,,1.0,,,1.0,,,1.0,,,1.0,28.76927095196113,0.002308361611808716,0.0,27.920046786769205,0.0008469578681796131,0.0,27.62573516077099,0.000580087404446143,0.0,b'L6',76.0,,,,,,,,,,,,,0.8492241651919237,1.1435357911901392,0.2943116259982155
24,b'0210-3954',,,1.0,28.762535209934295,0.007713626814762895,0.0,27.540169994781117,,0.0,,,1.0,27.077088682641197,,0.0,26.560845866539186,0.0026240080966688233,0.0,26.190122305174025,0.001808753091405609,0.0,26.450767197402065,0.0041705402698813425,0.0,b'T1',81.0,1.2223652151531788,1.6854465272930987,2.2016893433951097,2.57241290476027,2.31176801253223,0.46308131213992,0.9793241282419309,1.3500476896070914,1.0894027973790514,0.516242816102011,0.8869663774671714,0.6263214852391314,0.3707235613651605,0.1100786691371205,-0.26064489222804
25,b'0214-5732',,,1.0,31.423564926667076,0.017449049853636142,0.0,30.415784550013765,0.004423420506088068,0.0,,,1.0,29.90658482239383,0.012110677930863492,0.0,29.15972476203394,0.004817134355514458,0.0,28.257774138541784,0.0020393080083939462,0.0,28.69067722139618,0.0042197473558298676,0.0,,,1.0077803766533115,1.5169801042732445,2.2638401646331374,3.1657907881252925,2.7328877052708975,0.5091997276199329,1.2560597879798259,2.158010411471981,1.725107328617586,0.7468600603598929,1.648810683852048,1.215907600997653,0.901950623492155,0.4690475406377601,-0.43290308285439494
26,b'0224+1526',,,1.0,31.139956249457033,0.002713888487041379,0.0,29.95034339705291,0.0011352875863703225,0.0,,,1.0,29.40995613141716,0.0033182329487461567,0.0,28.66540356961892,0.0025803729664247693,0.0,28.09179447217221,0.0022611336222795896,0.0,28.002789973194382,0.0034947638071781083,0.0,b'L3',73.0,1.189612852404121,1.7300001180398716,2.474552679838112,3.0481617772848217,3.1371662762626507,0.5403872656357507,1.2849398274339912,1.8585489248807008,1.9475534238585297,0.7445525617982405,1.31816165924495,1.407166158222779,0.5736090974467096,0.6626135964245385,0.08900449897782892
27,b'0227+0830',,,1.0,,,1.0,,,1.0,,,1.0,,,1.0,27.507559306173,0.0005254892307897335,0.0,27.309190039071453,0.00033207280139435776,0.0,27.462824044484822,,0.0,b'L7',77.0,,,,,,,,,,,,,0.19836926710154756,0.044735261688177985,-0.15363400541336958
28,b'0251+3657',,,1.0,31.248705016967776,0.001732745944249709,0.0,29.925186858739274,0.0007042664935757502,0.0,,,1.0,29.469496228977764,0.0024544829824450095,0.0,28.958246402047504,0.002920991756072069,0.0,28.630397491089973,0.003146713679452155,0.0,28.721362965254006,0.004931566441016461,0.0,b'L7',77.0,1.3235181582285023,1.7792087879900116,2.290458614920272,2.6183075258778032,2.52734205171377,0.4556906297615093,0.9669404566917699,1.294789367649301,1.2038238934852679,0.5112498269302606,0.8390987378877917,0.7481332637237585,0.3278489109575311,0.236883436793498,-0.09096547416403311
29,b'0252+5014',,,1.0,30.42544167444181,0.0004961496205715767,0.0,29.431617021044303,0.00023878509658476816,0.0,,,1.0,28.912317812115695,0.0007044306082961424,0.0,28.313359476513476,0.0005442798204032375,0.0,27.971310198737132,0.000499771974062686,0.0,27.9503458915794,0.0007398942918478108,0.0,b'L3',73.0,0.9938246533975068,1.5131238623261147,2.112082197928334,2.4541314757046777,2.475095782862411,0.5192992089286079,1.1182575445308274,1.460306822307171,1.4812711294649041,0.5989583356022194,0.941007613378563,0.9619719205362962,0.34204927777634353,0.36301358493407676,0.02096430715773323
30,b'0305-5826',,,1.0,28.984088882761178,0.008309387304585839,0.0,28.63056564071727,0.004864624969295412,0.0,,,1.0,28.35385405764473,0.013958497591808311,0.0,28.08614348067271,0.008691311628536327,0.0,28.145357699051424,0.012641487491908736,0.0,28.75694349894243,0.032465560009440494,0.0,b'T9',89.0,0.3535232420439094,0.630234825116446,0.8979454020884674,0.8387311837097542,0.2271453838187476,0.2767115830725366,0.544422160044558,0.4852079416658448,-0.1263778582251618,0.2677105769720214,0.20849635859330817,-0.4030894412976984,-0.05921421837871321,-0.6708000182697198,-0.6115857998910066
31,b'0308-3833',,,1.0,28.30759467321255,0.011006235031577681,0.0,26.437238400251633,0.0014274837830136296,0.0,,,1.0,25.849490332700576,0.003151184231209897,0.0,25.330100558345055,0.0026205878439634774,0.0,25.502415750787407,0.0026558201995909893,0.0,26.00143140829488,0.005142350522250407,0.0,b'T5',85.0,1.8703562729609153,2.458104340511973,2.9774941148674934,2.805178922425142,2.306163264917668,0.5877480675510576,1.107137841906578,0.9348226494642269,0.43580699195675265,0.5193897743555205,0.3470745819131693,-0.15194107559430492,-0.17231519244235116,-0.6713308499498254,-0.49901565750747423
32,b'0326+4350',,,1.0,29.029857859339323,0.001115347566734071,0.0,27.948752640839917,0.0005391421232140387,0.0,,,1.0,27.486603951414455,0.0018527686436468401,0.0,26.966471359456822,0.0018762093802313056,0.0,26.7251082712789,0.0022843504683724564,0.0,26.6396273824284,,0.0,b'L2',72.0,1.081105218499406,1.5432539079248677,2.063386499882501,2.3047495880604245,2.390230476910922,0.4621486894254616,0.982281281383095,1.2236443695610184,1.309125258411516,0.5201325919576334,0.7614956801355568,0.8469765689860544,0.2413630881779234,0.32684397702842105,0.08548088885049765
33,b'0333+7150',,,1.0,,,1.0,,,1.0,,,1.0,,,1.0,28.188254268362655,0.0035513783686576855,0.0,27.913181990667795,0.002469488508691584,0.0,28.27447609138752,0.004091657965532249,0.0,b'T0',80.0,,,,,,,,,,,,,0.27507227769486065,-0.08622182302486436,-0.361294100719725
34,b'0334-1649',,,1.0,,,1.0,,,1.0,,,1.0,,,1.0,29.70987187015374,0.0010450913219827924,0.0,29.173212818104396,0.0005734888640166857,0.0,28.912147301254706,0.0005299139656102106,0.0,b'L6',76.0,,,,,,,,,,,,,0.5366590520493446,0.7977245688990351,0.2610655168496905
35,b'0335-4439',,,1.0,,,1.0,,,1.0,,,1.0,,,1.0,27.634828211165093,0.0004937315617321586,0.0,27.9931377063027,0.0005349267527193738,0.0,28.512511086823107,0.0011459709195914315,0.0,b'T4',84.0,,,,,,,,,,,,,-0.35830949513760757,-0.8776828756580137,-0.5193733805204062
36,b'0340+1155',,,1.0,,,1.0,,,1.0,,,1.0,,,1.0,29.99185226840642,0.0012012615254947715,0.0,29.424110984105813,0.0005319777728416425,0.0,29.226151759323322,0.0004886299772614947,0.0,b'L9',79.0,,,,,,,,,,,,,0.567741284300606,0.7657005090830964,0.1979592247824904
37,b'0341+4715',,,1.0,,,1.0,,,1.0,,,1.0,,,1.0,27.93898532840298,0.000527382934224154,0.0,27.761574543434534,0.0003390356159781362,0.0,28.114835635503574,0.0006850916239384166,0.0,b'T3',83.0,,,,,,,,,,,,,0.1774107849684441,-0.17585030710059613,-0.3532610920690402
38,b'0341-1925',,,1.0,32.366151089595306,0.01193630601060978,0.0,30.285283237232136,0.002258316186484343,0.0,,,1.0,29.70187869793076,0.005509014359984647,0.0,29.13877076289429,0.004478162327500605,0.0,29.358893163187133,0.008893668174703835,0.0,29.90892647765169,0.02599220055708537,0.0,b'T5',85.0,2.08086785236317,2.6642723916645465,3.2273803267010166,3.0072579264081725,2.457224611943616,0.5834045393013767,1.1465124743378468,0.9263900740450026,0.376356759580446,0.56310793503647,0.3429855347436259,-0.2070477797209307,-0.22012240029284413,-0.7701557147574007,-0.5500333144645566
39,b'0345+5137',,,1.0,28.17223645432543,0.0010998731313087704,0.0,27.072351403139642,0.00041835594813196625,0.0,,,1.0,26.53325825578937,,0.0,25.83353470199327,,0.0,25.322559248741058,0.001069469979492632,0.0,25.198149597047287,0.0016717257140671912,0.0,b'L6',76.0,1.0998850511857867,1.6389781985360585,2.3387017523321596,2.8496772055843707,2.9740868572781416,0.5390931473502718,1.2388167011463729,1.749792154398584,1.8742018060923549,0.6997235537961011,1.2106990070483121,1.335108658742083,0.510975453252211,0.635385104945982,0.12440965169377094
40,b'0347-1814',,,1.0,29.21426800836782,0.004783676856348758,0.0,28.23823584978269,0.0012308272269912822,0.0,,,1.0,27.70815395272578,0.0037718367752297395,0.0,27.07729868830263,0.0034330551493895714,0.0,26.70103163809662,0.0030044996445263497,0.0,26.64890474460297,0.004230671293693772,0.0,b'L4',74.0,0.9760321585851308,1.5061140556420405,2.136969320065191,2.5132363702712013,2.5653632637648514,0.5300818970569097,1.16093716148006,1.5372042116860705,1.5893311051797205,0.6308552644231504,1.0071223146291608,1.0592492081228109,0.37626705020601037,0.42839394369966044,0.05212689349365007
41,b'0348-1149',,,1.0,,,1.0,,,1.0,,,1.0,,,1.0,29.931327367533417,0.0004709579970169517,0.0,29.384928421711404,0.00020378252186516809,0.0,28.98281753090522,0.00013162768271823014,0.0,b'L6',76.0,,,,,,,,,,,,,0.5463989458220126,0.9485098366281974,0.4021108908061848
42,b'0351-1751',,,1.0,29.026114381646444,0.003997956921005103,0.0,27.837532739789363,0.0013662100178833058,0.0,,,1.0,27.37541590961056,0.004296371940765408,0.0,26.80479818204087,0.0032170033481212,0.0,26.502085965651613,0.0028426937924615372,0.0,26.518131506095422,,0.0,b'L1',71.0,1.1885816418570805,1.6506984720358844,2.2213161996055746,2.524028415994831,2.507982875551022,0.4621168301788039,1.032734557748494,1.3354467741377505,1.3194012336939416,0.5706177275696902,0.8733299439589466,0.8572844035151377,0.3027122163892564,0.2866666759454475,-0.016045540443808903
43,b'0355+2621',,,1.0,,,1.0,27.792652693598296,0.005662832001669725,0.0,,,1.0,27.26524711502405,0.016165669143002492,0.0,26.572356644804714,0.006499646782385099,0.0,26.77554537571581,0.007450612930982945,0.0,27.284300953318102,0.014486751001837998,0.0,b'T5',85.0,,,,,,0.5274055785742462,1.2202960487935819,1.017107317882484,0.5083517402801938,0.6928904702193357,0.4897017393082379,-0.019053838294052383,-0.2031887309110978,-0.7119443085133881,-0.5087555776022903
44,b'0355+4743',,,1.0,,,1.0,,,1.0,,,1.0,,,1.0,28.14099810222322,0.0006020203077002635,0.0,28.658018868101195,0.0009137547619771699,0.0,29.33914570901174,0.00210840579424439,0.0,b'T6',86.0,,,,,,,,,,,,,-0.5170207658779731,-1.1981476067885168,-0.6811268409105438
45,b'0407+2619',,,1.0,,,1.0,28.210375329733694,0.0058146210343959755,0.0,,,1.0,,,1.0,27.04994261860014,0.006394035614974399,0.0,27.433748707734633,0.008474277174796969,0.0,27.584949149059067,0.0215258636185953,0.0,b'T6',86.0,,,,,,,1.1604327111335522,0.7766266219990605,0.6254261806746264,,,,-0.38380608913449166,-0.5350065304589258,-0.1512004413244341
46,b'0412-0734',,,1.0,,,1.0,,,1.0,,,1.0,,,1.0,24.89326241836215,,0.0,24.708879087456804,0.00021536673767363408,0.0,24.69799923311051,0.0002207241537876216,0.0,b'L2',72.0,,,,,,,,,,,,,0.18438333090534442,0.19526318525163688,0.010879854346292461
47,b'0419+2904',,,1.0,,,1.0,,,1.0,,,1.0,,,1.0,30.111734618644693,0.002223882190011748,0.0,29.53739192572487,0.0008218922727141864,0.0,29.23428992671755,0.0006694577073957228,0.0,,,,,,,,,,,,,,,0.5743426929198243,0.8774446919271419,0.3031019990073176
48,b'0432-0639',,,1.0,28.523340666103344,,0.0,27.618154107053687,1.0323736066451885e-05,0.0,,,1.0,27.120864922667618,,0.0,26.491699961888425,7.06119349637477e-05,0.0,26.12279903960402,5.214491057277026e-05,0.0,26.032270882358723,8.943213126173598e-05,0.0,b'L2',72.0,0.9051865590496568,1.4024757434357262,2.0316407042149187,2.400541626499326,2.4910697837446207,0.4972891843860694,1.1264541451652619,1.495355067449669,1.585883224694964,0.6291649607791925,0.9980658830635996,1.0885940403088945,0.3689009222844071,0.459429079529702,0.09052815724529495
49,b'0433+1009',,,1.0,,,1.0,,,1.0,,,1.0,,,1.0,29.039323511306474,0.0030747839733009097,0.0,29.222834054198646,0.003515137892432338,0.0,29.90723297658178,0.008409855443257503,0.0,b'T8',88.0,,,,,,,,,,,,,-0.18351054289217217,-0.8679094652753072,-0.684398922383135
50,b'0443-0838',,,1.0,,,1.0,,,1.0,,,1.0,,,1.0,26.942625529603408,0.0004310760767509151,0.0,26.57014325830364,0.00028238687341761165,0.0,26.53132176227501,0.0002865034445490776,0.0,b'L3',73.0,,,,,,,,,,,,,0.3724822712997664,0.41130376732839835,0.03882149602863194
51,b'0451+4029',,,1.0,,,1.0,,,1.0,,,1.0,,,1.0,29.89520278008495,0.0005921660283411672,0.0,29.30670052045545,0.00025261787921092727,0.0,29.01982776769352,0.0002602512503377752,0.0,b'L6',76.0,,,,,,,,,,,,,0.5885022596295002,0.8753750123914301,0.2868727527619299
52,b'0452-6140',,,1.0,,,1.0,26.76384941218356,0.002958978530954255,0.0,,,1.0,26.11134798849087,0.0060658420539801555,0.0,25.491218772663593,0.0030911397325491287,0.0,25.78233394081497,0.004023954420725127,0.0,26.46266837752318,0.01197197330564842,0.0,b'T5',85.0,,,,,,0.6525014236926907,1.2726306395199671,0.9815154713685921,0.30118103466038093,0.6201292158272764,0.32901404767590137,-0.3513203890323098,-0.29111516815137506,-0.9714496048595862,-0.6803344367082111
53,b'0453+2033',,,1.0,28.51857468145438,0.00764912385423742,0.0,27.359339398512024,0.0017485411623381266,0.0,,,1.0,26.920297944564716,0.007269167983513518,0.0,26.48840678010577,0.004717917834087139,0.0,26.216018529839076,0.004694422169238043,0.0,26.341503576326897,0.0075544929100728134,0.0,b'L7',77.0,1.1592352829423547,1.5982767368896624,2.0301679013486087,2.3025561516153026,2.1770711051274816,0.43904145394730776,0.870932618406254,1.143320868672948,1.017835822185127,0.43189116445894626,0.7042794147256402,0.5787943682378192,0.2723882502666939,0.1469032037788729,-0.125485046487821
54,b'0454+1702',29.590141851473174,0.004935447047489071,0.0,28.989937177793067,0.0019078717200579976,0.0,28.67147540415537,0.001165227004405766,0.0,28.973256477017454,0.008592422578070417,0.0,28.530490483846943,0.004716166190281352,0.0,28.258479475397884,0.005800760045233941,0.0,28.120442496229185,0.007068998579302253,0.0,28.14925633067833,,0.0,,,0.3184617736376971,0.4594466939461235,0.7314577023951827,0.8694946815638822,0.8406808471147365,0.14098492030842635,0.4129959287574856,0.5510329079261851,0.5222190734770393,0.27201100844905923,0.41004798761775874,0.381234153168613,0.1380369791686995,0.10922314471955374,-0.02881383444914576
55,b'0454-7425',,,1.0,32.323300779204594,0.0592137421206828,0.0,29.328256537912623,0.002734004756364018,0.0,,,1.0,28.711073829856772,0.0057175226674576925,0.0,27.829855534070415,,0.0,27.917041682406474,,0.0,28.6819257476009,0.007858549428539963,0.0,,,2.9950442412919713,3.6122269493478214,4.493445245134179,4.40625909679812,3.641375031603694,0.6171827080558501,1.4984010038422078,1.4112148555061488,0.6463307903117226,0.8812182957863577,0.7940321474502987,0.02914808225587251,-0.08718614833605898,-0.8520702135304852,-0.7648840651944262
56,b'0459+3610',,,1.0,,,1.0,,,1.0,,,1.0,,,1.0,29.733648554674165,0.0006857626474882009,0.0,29.36330255341792,0.0003571663463911053,0.0,29.155414643572467,0.00033279810064599754,0.0,b'L6',76.0,,,,,,,,,,,,,0.3703460012562445,0.5782339111016981,0.20788790984545358
57,b'0506+0738',,,1.0,,,1.0,,,1.0,,,1.0,,,1.0,29.18843936733909,0.0002537207077170688,0.0,28.37250543792289,0.00010008835688207723,0.0,27.97443740653387,7.796054372318488e-05,0.0,b'L6',76.0,,,,,,,,,,,,,0.8159339294162002,1.21400196080522,0.3980680313890197
58,b'0506-2514',,,1.0,28.133438631566992,,0.0,26.876476748696852,0.0020237903403119008,0.0,,,1.0,26.2633112371857,0.0041597780906529646,0.0,25.457985308731935,0.001969234641487918,0.0,24.747891913653195,0.001142507693114925,0.0,24.537442050018864,0.0013626842036632782,0.0,b'L6',76.0,1.25696188287014,1.8701273943812922,2.6754533228350574,3.3855467179137975,3.5959965815481283,0.6131655115111521,1.4184914399649173,2.1285848350436574,2.339034698677988,0.8053259284537653,1.5154193235325053,1.7258691871668361,0.71009339507874,0.9205432587130709,0.21044986363433082
59,b'0526+3918',,,1.0,29.04594583756858,0.001551369945162796,0.0,28.198559680287364,0.0005494998062018463,0.0,28.964257618181804,0.007097739197570308,0.0,27.659427447310104,,0.0,26.926572930723683,,0.0,26.453345610446746,0.0012792558309000137,0.0,26.2932876362626,0.0017844148460626473,0.0,b'L3',73.0,0.8473861572812176,1.3865183902584768,2.119372906844898,2.592600227121835,2.75265820130598,0.5391322329772592,1.2719867495636805,1.7452140698406176,1.9052720440247626,0.7328545165864213,1.2060818368633583,1.3661398110475034,0.47322732027693704,0.6332852944610821,0.16005797418414502
60,b'0529+2650',,,1.0,30.119248786656136,0.004413605691796721,0.0,28.989661711098226,0.0016962299952882236,0.0,,,1.0,28.492517775599033,0.0057450006826215184,0.0,27.95379731458846,0.004039642191059614,0.0,27.569597365122203,0.003427638678853896,0.0,27.42802693739792,0.004716893316815356,0.0,b'L5',75.0,1.129587075557911,1.6267310110571032,2.1654514720676765,2.549651421533934,2.6912218492582163,0.4971439354991922,1.0358643965097656,1.420064345976023,1.5616347737003053,0.5387204610105734,0.9229204104768307,1.0644908382011131,0.38419994946625735,0.5257703771905398,0.1415704277242824
61,b'0535-7738',,,1.0,,,1.0,,,1.0,,,1.0,,,1.0,29.35562163524586,0.05831981544725661,0.0,28.94726892320019,0.062294140783533423,0.0,29.134210782175952,0.11739455649102144,0.0,,,,,,,,,,,,,,,0.40835271204566936,0.2214108530699086,-0.18694185897576077
62,b'0536+1912',,,1.0,,,1.0,,,1.0,,,1.0,,,1.0,27.671618788200256,0.0004005416360613138,0.0,27.438615000063887,0.00024316608670368406,0.0,27.42096337234198,0.0003164243537931995,0.0,b'L5',75.0,,,,,,,,,,,,,0.23300378813636868,0.2506554158582759,0.017651627721907204
63,b'0540+1410',,,1.0,,,1.0,,,1.0,,,1.0,,,1.0,29.177063979345235,0.0006829902020788472,0.0,28.641390130370898,0.00029932563584256954,0.0,28.424294737617206,0.00026395732044885413,0.0,b'L6',76.0,,,,,,,,,,,,,0.5356738489743371,0.7527692417280285,0.21709539275369139
64,b'0540-1802',,,1.0,,,1.0,,,1.0,,,1.0,,,1.0,,,1.0,,,1.0,,,1.0,b'T7',87.0,,,,,,,,,,,,,,,
65,b'0554-0008',,,1.0,31.206323482809665,0.016559465665558788,0.0,29.32753449970829,0.0039617064595486255,0.0,,,1.0,28.711673390815275,0.01846205979600762,0.0,28.155880428907516,0.018774011754892253,0.0,28.383397892735985,0.018550385971841145,0.0,28.897946338144507,0.02113569772966787,0.0,b'T4',84.0,1.8787889831013764,2.494650091994391,3.05044305390215,2.8229255900736803,2.308377144665158,0.6158611088930144,1.1716540708007734,0.9441366069723038,0.42958816156378177,0.5557929619077591,0.32827549807928946,-0.1862729473292326,-0.2275174638284696,-0.7420659092369917,-0.5145484454085221
66,b'0558-2330',,,1.0,28.71710963501869,0.001743474013757428,0.0,27.881594592610504,0.0005837246791933327,0.0,,,1.0,27.49653942468609,0.0020864802527419115,0.0,26.967526092416488,0.002476800765428266,0.0,26.54520859508772,0.002175924623055524,0.0,26.61839808132944,0.002548730430190921,0.0,b'L5',75.0,0.8355150424081863,1.2205702103325997,1.7495835426022026,2.1719010399309724,2.0987115536892524,0.3850551679244134,0.9140685001940163,1.336385997522786,1.2631965112810661,0.5290133322696029,0.9513308295983727,0.8781413433566527,0.4223174973287698,0.3491280110870498,-0.07318948624171995
67,b'0558-4502',,,1.0,,,1.0,,,1.0,,,1.0,,,1.0,28.707506367609454,0.014052409268482986,0.0,28.97951518255685,0.017901667278621358,0.0,29.05316626495958,0.02890138871706881,0.0,b'T8',88.0,,,,,,,,,,,,,-0.2720088149473945,-0.34565989735012437,-0.07365108240272988
68,b'0559-0120',,,1.0,30.048811501439193,0.0016531465901904409,0.0,28.946623691214263,0.0006370749109330516,0.0,,,1.0,28.337765987559536,0.0020032542994729377,0.0,27.54867379055205,0.001832679729562234,0.0,26.951828296704164,0.0015269010623011772,0.0,26.69052494573268,0.0013407958753875666,0.0,b'L4',74.0,1.1021878102249296,1.7110455138796574,2.5001377108871417,3.0969832047350287,3.3582865557065134,0.6088577036547278,1.397949900662212,1.9947953945100991,2.2560987454815837,0.7890921970074842,1.3859376908553713,1.647241041826856,0.5968454938478871,0.8581488448193717,0.2613033509714846
69,b'0601+3831',,,1.0,29.225914752847647,0.001141034588225468,0.0,28.219697748858465,0.0004088127547414577,0.0,,,1.0,27.683346719482888,0.001237554995770043,0.0,26.9724328838605,0.0009875686037219328,0.0,26.40358988059944,0.0006074217873849395,0.0,26.258969408042155,0.0009260873925287966,0.0,b'L6',76.0,1.0062170039891818,1.5425680333647591,2.253481868987148,2.822324872248206,2.9669453448054917,0.5363510293755773,1.247264864997966,1.8161078682590244,1.9607283408163099,0.7109138356223887,1.279756838883447,1.4243773114407325,0.5688430032610583,0.7134634758183438,0.1446204725572855
70,b'0609+0625',,,1.0,28.670138832661635,0.0009058987599549154,0.0,27.70415079646021,0.00036802025361246674,0.0,,,1.0,27.237214606393728,0.0011885518494629838,0.0,26.604087964618888,0.0010382672075273452,0.0,25.994020382072975,0.0006276666573673628,0.0,25.911737116445607,0.000933177653269846,0.0,b'L6',76.0,0.965988036201427,1.4329242262679074,2.0660508680427476,2.6761184505886604,2.758401716216028,0.46693619006648035,1.1000628318413206,1.7101304143872333,1.7924136800146009,0.6331266417748402,1.243194224320753,1.3254774899481205,0.6100675825459128,0.6923508481732803,0.08228326562736754
71,b'0613+2830',,,1.0,29.313976706149912,0.001120890525519054,0.0,28.39065578106274,0.0005585247005933844,0.0,,,1.0,27.993705449123336,0.0019560701891466457,0.0,27.49443831462923,0.002029817897621939,0.0,27.258879194276542,0.0025475691661719564,0.0,27.14232276974912,0.0027514272942477658,0.0,b'L2',72.0,0.9233209250871717,1.320271257026576,1.8195383915206804,2.0550975118733703,2.1716539364007907,0.3969503319394043,0.8962174664335087,1.1317765867861986,1.248333011313619,0.4992671344941044,0.7348262548467943,0.8513826793742147,0.2355591203526899,0.3521155448801103,0.11655642452742043
72,b'0617+1945',,,1.0,27.993340649880352,0.0001700467297247583,0.0,26.87267030151977,8.700938957849374e-05,0.0,,,1.0,26.307217046831628,0.0003203028368603858,0.0,25.64243126049751,0.0003184072028830053,0.0,25.32117874087777,0.00032978375844338405,0.0,25.211656922790805,0.0005638024982104928,0.0,,,1.1206703483605835,1.686123603048724,2.350909389382842,2.6721619090025825,2.781683727089547,0.5654532546881406,1.2302390410222586,1.551491560641999,1.6610133787289634,0.664785786334118,0.9860383059538584,1.0955601240408228,0.32125251961974044,0.4307743377067048,0.10952181808696437
73,b'0617+1945A',,,1.0,27.993340649880352,0.00014981857803942714,0.0,26.87267030151977,9.546359492314265e-05,0.0,,,1.0,26.307217046831628,0.0003186616131702201,0.0,25.64243126049751,0.000305738852306712,0.0,25.32117874087777,0.0003268158710773714,0.0,25.211656922790805,0.0006589205618901769,0.0,b'L2',72.0,1.1206703483605835,1.686123603048724,2.350909389382842,2.6721619090025825,2.781683727089547,0.5654532546881406,1.2302390410222586,1.551491560641999,1.6610133787289634,0.664785786334118,0.9860383059538584,1.0955601240408228,0.32125251961974044,0.4307743377067048,0.10952181808696437
74,b'0617+1945B',,,1.0,30.517487342437562,0.0024840673925833616,0.0,29.4287925985229,0.0010549961374039293,0.0,,,1.0,29.00258737051608,0.0035009202091139295,0.0,28.469261004930047,0.004157797752016003,0.0,28.07247149724622,0.0036761602296548827,0.0,28.078734699469873,0.006624848926215491,0.0,b'L5',75.0,1.0886947439146617,1.5148999719214835,2.048226337507515,2.4450158451913424,2.438752642967689,0.4262052280068218,0.9595315935928532,1.3563211012766807,1.3500578990530272,0.5333263655860314,0.9301158732698589,0.9238526710462054,0.3967895076838275,0.390526305460174,-0.006263202223653508
75,b'0621+2200',,,1.0,29.518338397551442,0.000896110689154131,0.0,28.607051713743154,0.0004447321287746529,0.0,,,1.0,28.246637014981516,0.0016412577437191907,0.0,27.838026747964243,0.0014938444555574763,0.0,27.538909341515556,0.0014114049921034762,0.0,27.591943101013932,0.002145959910386582,0.0,,,0.9112866838082887,1.2717013825699262,1.6803116495871997,1.9794290560358867,1.9263952965375104,0.36041469876163745,0.769024965778911,1.068142372227598,1.0151086127292217,0.40861026701727354,0.7077276734659605,0.6546939139675843,0.299117406448687,0.2460836469503107,-0.0530337594983763
76,b'0623+2631',,,1.0,27.405590594330825,0.0005301637648733432,0.0,26.545941949232173,0.00019622602557767317,0.0,,,1.0,25.979849022791555,0.0005766675064263526,0.0,25.258242349967105,,0.0,24.759092964663555,,0.0,24.67723529558587,,0.0,b'L6',76.0,0.8596486450986518,1.4257415715392696,2.1473482443637195,2.6464976296672695,2.7283552987449546,0.5660929264406178,1.2876995992650677,1.7868489845686177,1.8687066536463028,0.7216066728244499,1.220756058128,1.302613727205685,0.49914938530355,0.5810070543812351,0.0818576690776851
77,b'0623+2631B',,,1.0,27.098962430410808,0.0005643632715816516,0.0,26.488887716802168,0.00023894585368963367,0.0,,,1.0,25.986804479143192,0.000595623407320992,0.0,25.25799440004831,0.00044418725446595874,0.0,24.728894171892243,0.00033581567203482535,0.0,24.687936374877587,0.0004696495108177715,0.0,,,0.6100747136086397,1.1121579512676156,1.8409680303624967,2.3700682585185646,2.4110260555332204,0.5020832376589759,1.230893316753857,1.7599935449099249,1.8009513419245806,0.728810079094881,1.257910307250949,1.2988681042656047,0.5291002281560679,0.5700580251707237,0.04095779701465574
78,b'0624+2436',,,1.0,30.3254720608735,0.0020789622985237324,0.0,28.933389218446646,0.0007534807811869208,0.0,,,1.0,28.27081005671751,0.00233234226928928,0.0,27.43970711472557,0.0018738206525712087,0.0,26.877635786039793,0.001199601103836402,0.0,26.722508498562195,0.001521119049680136,0.0,b'L3',73.0,1.3920828424268556,2.0546620041559898,2.8857649461479298,3.4478362748337084,3.602963562311306,0.6625791617291341,1.4936821037210741,2.0557534324068527,2.2108807198844502,0.83110294199194,1.3931742706777186,1.5483015581553161,0.5620713286857786,0.7171986161633761,0.15512728747759752
79,b'0627+0143',,,1.0,,,1.0,,,1.0,,,1.0,,,1.0,27.959207841640378,1.790092094438819e-05,0.0,27.70048459945034,1.3055497146045501e-05,0.0,27.780022885347297,1.5544711593972504e-05,0.0,b'L7',77.0,,,,,,,,,,,,,0.25872324219003673,0.1791849562930814,-0.07953828589695533
80,b'0627-0028',,,1.0,29.845918822902412,0.0014169915348366297,0.0,28.674629031256394,0.0004628417075985149,0.0,,,1.0,28.150102675195903,0.0015541021536138388,0.0,27.55420585225409,0.0012480711823434573,0.0,27.2589184036973,0.0015835728390906003,0.0,27.43633688414873,0.0029655943524373616,0.0,b'T0',80.0,1.1712897916460179,1.695816147706509,2.291712970648323,2.5870004192051113,2.409581938753682,0.5245263560604911,1.1204231790023051,1.4157106275590934,1.2382921471076642,0.595896822941814,0.8911842714986022,0.7137657910471731,0.29528744855678823,0.11786896810535907,-0.17741848045142916
81,b'0635-1430',,,1.0,29.747242885116275,0.0008198662080873825,0.0,28.508924088496652,0.00026977590704126137,0.0,,,1.0,28.047483237079412,0.0010852377047371549,0.0,27.501267827543224,0.0008882188108353337,0.0,27.093953445574424,,0.0,27.161944776126212,,0.0,b'L9',79.0,1.2383187966196232,1.6997596480368635,2.2459750575730517,2.653289439541851,2.585298108990063,0.46144085141724034,1.0076562609534285,1.4149706429222277,1.3469793123704399,0.5462154095361882,0.9535297915049874,0.8855384609531995,0.4073143819687992,0.33932305141701136,-0.06799133055178785
82,b'0636-5424',,,1.0,,,1.0,,,1.0,,,1.0,,,1.0,28.449660506856244,0.014492043375025505,0.0,28.054871785699703,0.010667468103611756,0.0,28.105881690047177,0.017286985298993057,0.0,b'T0',80.0,,,,,,,,,,,,,0.39478872115654084,0.34377881680906697,-0.05100990434747388
83,b'0640+0006',,,1.0,30.42898242017216,0.002530742302037256,0.0,29.098650957277133,0.0008110741873699827,0.0,,,1.0,28.59681433624758,0.0028620881951080383,0.0,28.031597906044542,0.0038602964981727427,0.0,27.50851973544931,0.0024491464028940867,0.0,27.498545960962126,0.0029825742131062496,0.0,b'L9',79.0,1.3303314628950282,1.8321680839245822,2.3973845141276193,2.920462684722853,2.9304364592100356,0.501836621029554,1.067053051232591,1.590131221827825,1.6001049963150074,0.5652164302030371,1.088294600798271,1.0982683752854534,0.5230781705952339,0.5330519450824163,0.009973774487182396
84,b'0640-2352',,,1.0,,,1.0,,,1.0,,,1.0,,,1.0,28.205616168303923,5.687146622479774e-05,0.0,27.82196603814792,3.8290406429558914e-05,0.0,27.77242780376444,3.513663270799813e-05,0.0,b'L5',75.0,,,,,,,,,,,,,0.3836501301560027,0.4331883645394825,0.04953823438347982
85,b'0643+1950A',,,1.0,27.181115987816323,0.005879059673699956,0.0,25.49029267143231,0.0010117680264520267,0.0,,,1.0,24.918569821686482,0.002436984735236216,0.0,24.334519766265636,0.001950436006983719,0.0,23.809698918169776,0.001207366255343896,0.0,23.92840618243758,0.0017114286790559064,0.0,b'T2',82.0,1.6908233163840123,2.262546166129841,2.846596221550687,3.3714170696465473,3.2527098053787427,0.5717228497458287,1.1557729051666747,1.680593753262535,1.5618864889947304,0.5840500554208461,1.1088709035167064,0.9901636392489017,0.5248208480958603,0.4061135838280556,-0.11870726426780465
86,b'0643+1950B',,,1.0,25.876140477395868,0.002450861076422117,0.0,25.668003891990587,0.0015454894516443065,0.0,,,1.0,25.573288673316927,0.007847335833517025,0.0,25.46631941847422,0.004643757891290066,0.0,25.405325166134908,0.006431550404481203,0.0,25.40464990331737,0.009242601776905886,0.0,,,0.20813658540528124,0.30285180407894075,0.4098210589216471,0.4708153112609601,0.4714905740784978,0.09471521867365951,0.20168447351636587,0.26267872585567886,0.2633539886732166,0.10696925484270636,0.16796350718201936,0.16863876999955707,0.06099425233931299,0.06166951515685071,0.000675262817537714
87,b'0649+5535',,,1.0,31.504258158036308,0.004365989369526106,0.0,29.74451724267185,0.0008505696930603149,0.0,,,1.0,29.178381548228707,0.0024678014797612064,0.0,28.66210055552758,0.0025065224415176213,0.0,28.864447862595746,0.005113006364305492,0.0,29.50051556026787,,0.0,b'T5',85.0,1.759740915364457,2.325876609807601,2.8421576025087276,2.6398102954405616,2.0037425977684364,0.5661356944431439,1.0824166871442706,0.8800693800761046,0.24400168240397946,0.5162809927011267,0.31393368563296065,-0.3221340120391645,-0.20234730706816606,-0.8384150047402912,-0.6360676976721251
88,b'0653+1443',,,1.0,30.187709666145054,0.0012178817550973513,0.0,29.028734206482678,0.00044147413645950984,0.0,,,1.0,28.547904261153178,0.0014182016226637782,0.0,27.93033501037125,0.001110812220619352,0.0,27.4240848537624,0.0010976926031686695,0.0,27.37094264409684,0.001577820043888175,0.0,b'L6',76.0,1.1589754596623756,1.6398054049918755,2.257374655773802,2.7636248123826554,2.8167670220482144,0.48082994532949996,1.0983991961114263,1.6046493527202799,1.6577915623858388,0.6175692507819264,1.12381940739078,1.1769616170563388,0.5062501566088535,0.5593923662744125,0.05314220966555894
89,b'0657+1633',,,1.0,,,1.0,,,1.0,,,1.0,,,1.0,24.565530813892742,0.0008850212144795054,0.0,24.060093265288867,0.00031062672999602765,0.0,24.030688105744325,0.0002949112676867022,0.0,b'L5',75.0,,,,,,,,,,,,,0.5054375486038758,0.5348427081484175,0.029405159544541704
90,b'0703-2748',,,1.0,,,1.0,,,1.0,,,1.0,,,1.0,,,1.0,,,1.0,,,1.0,b'L4',74.0,,,,,,,,,,,,,,,
91,b'0705-1722',,,1.0,31.68103349615977,0.0034543902380322305,0.0,29.794239741683644,0.0010831051561913786,0.0,,,1.0,29.291814271592507,0.003735917024133103,0.0,28.807572374158763,0.004234824843241052,0.0,28.70505502159964,0.003897552646603602,0.0,29.00498072882119,0.0073218306733202464,0.0,b'T3',83.0,1.8867937544761268,2.389219224567263,2.8734611220010073,2.9759784745601294,2.6760527673385788,0.5024254700911364,0.9866673675248805,1.0891847200840026,0.7892590128624519,0.48424189743374413,0.5867592499928662,0.28683354277131556,0.10251735255912209,-0.19740835466242856,-0.29992570722155065
92,b'0708-3514',,,1.0,,,1.0,,,1.0,,,1.0,,,1.0,28.467634987497767,0.009168745056524642,0.0,28.67757106801514,0.011977822760719507,0.0,29.260978044201252,0.05704854412581751,0.0,b'T4',84.0,,,,,,,,,,,,,-0.2099360805173731,-0.7933430567034847,-0.5834069761861116
93,b'0716+5030',,,1.0,31.741453187263605,0.004385009148403211,0.0,30.357463550875238,0.001384948261650308,0.0,,,1.0,29.888991160401297,0.005527596829941619,0.0,29.357571063075262,0.003954688078112224,0.0,28.908265911681134,0.00499593312377931,0.0,28.904005573500122,0.006909796558505945,0.0,b'L9',79.0,1.3839896363883675,1.8524620268623089,2.383882124188343,2.833187275582471,2.8374476137634836,0.4684723904739414,0.9998924877999755,1.4491976391941037,1.4534579773751162,0.5314200973260341,0.9807252487201623,0.9849855869011748,0.4493051513941282,0.45356548957514065,0.004260338181012457
94,b'0723-3309',,,1.0,28.995962321175284,0.0019185990881860618,0.0,28.272977738646365,0.0008743586973085112,0.0,,,1.0,27.75240198850493,0.0022368122230192423,0.0,27.025506210376,0.001650173533878934,0.0,26.52336404696363,0.0013145361511518886,0.0,26.402873702185644,,0.0,b'L3',73.0,0.7229845825289196,1.2435603326703557,1.970456110799283,2.4725982742116557,2.59308861898964,0.5205757501414361,1.2474715282703635,1.749613691682736,1.8701040364607202,0.7268957781289274,1.2290379415413,1.3495282863192841,0.5021421634123726,0.6226325081903568,0.12049034477798415
95,b'0724+4307',,,1.0,,,1.0,,,1.0,,,1.0,,,1.0,27.966260027563177,8.709584278886596e-05,0.0,28.40382275265993,0.00011845324752561318,0.0,28.97787344689403,0.00023751408640457837,0.0,b'T6',86.0,,,,,,,,,,,,,-0.437562725096754,-1.0116134193308532,-0.5740506942340993
96,b'0727-7633',,,1.0,,,1.0,,,1.0,,,1.0,,,1.0,30.42049102483997,0.014185483854383988,0.0,30.657235761766547,0.02036859232341743,0.0,30.989305696994286,0.04831659700754053,0.0,b'T8',88.0,,,,,,,,,,,,,-0.23674473692657827,-0.5688146721543177,-0.3320699352277394
97,b'0734-4330',,,1.0,27.079033690140868,0.0022257028578540417,0.0,26.002348846231172,0.000753796263342786,0.0,,,1.0,25.51074546429321,0.0016707794661319204,0.0,24.95710003827796,0.0007209172628283551,0.0,24.550210916622042,0.00045783028518621687,0.0,24.5439728293802,0.0009161175544073155,0.0,b'L5',75.0,1.076684843909696,1.5682882258476596,2.121933651862907,2.528822773518826,2.5350608607606695,0.4916033819379635,1.045248807953211,1.4521379296091297,1.4583760168509734,0.5536454260152475,0.9605345476711662,0.9667726349130099,0.40688912165591873,0.41312720889776244,0.006238087241843715
98,b'0737-2526',,,1.0,28.72877267737497,0.0007468651376795366,0.0,27.81587418872929,0.00028442632626610984,0.0,,,1.0,27.290665306007433,0.0009769394335819245,0.0,26.589384565252967,0.0006455703747319476,0.0,26.14267656722191,0.0006229385626356778,0.0,26.04416790332572,0.0008642753786659696,0.0,b'L3',73.0,0.9128984886456806,1.4381073713675363,2.1393881121220026,2.5860961101530613,2.684604774049248,0.5252088827218557,1.226489623476322,1.6731976215073807,1.7717062854035674,0.7012807407544663,1.147988738785525,1.2464974026817117,0.44670799803105865,0.5452166619272454,0.09850866389618673
99,b'0738+0835',,,1.0,29.493889985090327,0.0011088633781028525,0.0,28.54987323853168,0.0004749868196216772,0.0,,,1.0,28.094118460597535,0.0016657261914010452,0.0,27.488014408609654,0.0013452785593737347,0.0,26.95773910478185,0.0013054691694989876,0.0,26.89183459150584,0.001617764744281507,0.0,b'L7',77.0,0.9440167465586455,1.3997715244927917,2.0058755764806726,2.536150880308476,2.602055393584486,0.4557547779341462,1.061858829922027,1.5921341337498305,1.6580386470258404,0.6061040519878809,1.1363793558156843,1.2022838690916942,0.5302753038278034,0.5961798171038133,0.06590451327600988
100,b'0738+5254',,,1.0,31.88205524866359,,0.0,30.217647638966064,0.0007577936296888866,0.0,,,1.0,29.641255468966122,,0.0,28.775124579860545,0.0014354323383527177,0.0,28.07785586449568,0.001267154630925572,0.0,27.8578333218732,0.0018470486347929092,0.0,,,1.6644076096975269,2.2407997796974684,3.106930668803045,3.8041993841679087,4.024221926790389,0.5763921699999415,1.4425230591055183,2.139791774470382,2.3598143170928623,0.8661308891055768,1.5633996044704404,1.7834221470929208,0.6972687153648636,0.917291257987344,0.22002254262248044
101,b'0738+5440',,,1.0,31.856933936656517,0.006988049906618971,0.0,29.88370356203643,0.0008903964686362171,0.0,,,1.0,29.308623171543815,0.0027215775006709728,0.0,28.69438168486921,0.003236826588498463,0.0,29.044430442906236,0.006875054822498768,0.0,29.564885832133566,,0.0,b'T6',86.0,1.973230374620087,2.548310765112703,3.1625522517873073,2.812503493750281,2.2920481045229515,0.5750803904926158,1.1893218771672203,0.8392731191301941,0.3188177299028645,0.6142414866746044,0.26419272863757826,-0.25626266058975133,-0.3500487580370262,-0.8705041472643558,-0.5204553892273296
102,b'0741-6942',,,1.0,,,1.0,,,1.0,,,1.0,,,1.0,,,1.0,28.57808030315589,0.018536195009288395,0.0,28.567337002283537,0.01374234753806989,0.0,,,,,,,,,,,,,,,,,0.010743300872352535
103,b'0743+3146',,,1.0,,,1.0,,,1.0,,,1.0,,,1.0,28.873332411791516,0.0006828367812260103,0.0,29.299398230381396,0.0008470543104013476,0.0,30.055544249276483,0.0021966266097482486,0.0,b'T8',88.0,,,,,,,,,,,,,-0.4260658185898798,-1.1822118374849673,-0.7561460188950875
104,b'0749-6827',,,1.0,,,1.0,,,1.0,,,1.0,,,1.0,28.568917298032748,0.004340470582941914,0.0,29.161273214272164,0.007218643537970514,0.0,29.57710028113878,0.016083714952697843,0.0,b'T8',88.0,,,,,,,,,,,,,-0.5923559162394163,-1.0081829831060318,-0.4158270668666155
105,b'0749-6938',,,1.0,,,1.0,27.011446540657488,,0.0,,,1.0,26.461259348204482,0.006111077304343396,0.0,25.946373420114885,0.003150855321334476,0.0,25.880123389749173,0.002937657315366827,0.0,26.259394654173306,0.005894266705683698,0.0,b'T3',83.0,,,,,,0.5501871924530057,1.0650731205426034,1.1313231509083153,0.7520518864841819,0.5148859280895977,0.5811359584553095,0.20186469403117613,0.06625003036571186,-0.3130212340584215,-0.3792712644241334
106,b'0752+0538',,,1.0,29.677697581290154,0.0016264612356737577,0.0,27.985024783014953,0.00019231517607199355,0.0,,,1.0,27.439115638480274,0.0007338518622062174,0.0,26.894869814009063,0.0007854804782947969,0.0,26.552112576810195,0.0006356898337558711,0.0,26.664969605896474,0.0009250104529112471,0.0,b'L9',79.0,1.6926727982752006,2.23858194280988,2.7828277672810913,3.1255850044799587,3.0127279753936804,0.5459091445346793,1.0901549690058907,1.4329122062047581,1.3200551771184799,0.5442458244712114,0.8870030616700788,0.7741460325838005,0.3427572371988674,0.22990020811258916,-0.11285702908627826
107,b'0755-3259',,,1.0,,,1.0,,,1.0,,,1.0,,,1.0,27.204769191305882,0.0010307385839252244,0.0,26.37526577736324,0.0006711490650002684,0.0,26.002915233367364,0.0008948202276619902,0.0,b'L6',76.0,,,,,,,,,,,,,0.8295034139426427,1.2018539579385177,0.37235054399587497
108,b'0756-0637',,,1.0,,,1.0,,,1.0,,,1.0,,,1.0,,,1.0,,,1.0,,,1.0,b'L8',78.0,,,,,,,,,,,,,,,
109,b'0756-6001',,,1.0,,,1.0,,,1.0,,,1.0,,,1.0,30.122442929767892,0.012124819208651095,0.0,30.57226596852984,0.015136994782485449,0.0,31.547923615992808,0.10523692498171139,0.0,b'T8',88.0,,,,,,,,,,,,,-0.4498230387619486,-1.4254806862249154,-0.9756576474629668
110,b'0757-4230',,,1.0,,,1.0,,,1.0,,,1.0,,,1.0,27.20445205330862,0.0020278538392281666,0.0,26.683452151419957,0.0011236912845290184,0.0,26.60164493650639,0.0018593673314914495,0.0,b'L7',77.0,,,,,,,,,,,,,0.5209999018886649,0.6028071168022322,0.08180721491356735
111,b'0758+5711',,,1.0,,,1.0,,,1.0,,,1.0,,,1.0,29.188531430192715,0.00014407663389627104,0.0,29.524493330764532,0.000161617313401475,0.0,30.40726028120739,0.0005717187657319484,0.0,b'T6',86.0,,,,,,,,,,,,,-0.3359619005718173,-1.2187288510146743,-0.882766950442857
112,b'0758-2326',,,1.0,29.142737356726272,0.001572076682863234,0.0,27.78140146799548,0.00045700445538027375,0.0,,,1.0,27.253027546889925,0.0015460920344497996,0.0,26.66652700710526,0.001543757657227926,0.0,26.42522152659405,0.0017222840388587063,0.0,26.47313242338719,,0.0,b'T1',81.0,1.3613358887307925,1.8897098098363472,2.476210349621013,2.7175158301322213,2.6696049333390803,0.5283739211055547,1.1148744608902206,1.3561799414014288,1.3082690446082879,0.5865005397846659,0.8278060202958741,0.7798951235027332,0.24130548051120826,0.19339458371806728,-0.04791089679314098
113,b'0800-3530',,,1.0,29.613867650585362,0.00281306033900873,0.0,28.661261328213126,0.0011760205330878357,0.0,,,1.0,28.174712822868727,0.0039014253769323773,0.0,27.581003637261922,0.0027691716870524878,0.0,27.19919482480982,0.0030096333939451645,0.0,27.227139180035756,0.0040554281596396425,0.0,b'L4',74.0,0.9526063223722367,1.439154827716635,2.03286401332344,2.4146728257755434,2.386728470549606,0.4865485053443983,1.0802576909512034,1.4620665034033067,1.4341221481773694,0.5937091856068051,0.9755179980589084,0.9475736428329711,0.3818088124521033,0.353864457226166,-0.0279443552259373
114,b'0809+7417B',,,1.0,,,1.0,,,1.0,,,1.0,,,1.0,27.38196876926188,2.1995126606353746e-05,0.0,27.085073214907602,1.2624246136764983e-05,0.0,27.070923540183426,1.2702497344042519e-05,0.0,b'L2',72.0,,,,,,,,,,,,,0.29689555435427906,0.3110452290784558,0.01414967472417672
115,b'0809-3720',,,1.0,28.361256866191145,0.0009534170918463009,0.0,27.37425944075433,0.00032460339167654864,0.0,,,1.0,26.882989699983526,0.0010672832393647505,0.0,26.34003403034128,0.0009120305313697188,0.0,25.96602238364134,0.001113005675409572,0.0,26.06156299125216,,0.0,b'L5',75.0,0.9869974254368152,1.478267166207619,2.0212228358498656,2.395234482549803,2.299693874938985,0.49126974077080376,1.0342254104130504,1.4082370571129879,1.3126964495021696,0.5429556696422466,0.9169673163421841,0.8214267087313658,0.3740116466999375,0.2784710390891192,-0.09554060761081828
116,b'0818-7605',,,1.0,,,1.0,,,1.0,,,1.0,,,1.0,,,1.0,,,1.0,,,1.0,b'T0',80.0,,,,,,,,,,,,,,,
117,b'0826-6012',,,1.0,,,1.0,,,1.0,,,1.0,,,1.0,,,1.0,,,1.0,,,1.0,b'L7',77.0,,,,,,,,,,,,,,,
118,b'0828-0748',,,1.0,31.637728294507397,0.0056727758234296705,0.0,29.511474412636307,0.0009576269444520624,0.0,,,1.0,28.91672986211885,0.003035077455970684,0.0,28.424729854337055,0.0030578959368819762,0.0,28.705555133461033,0.005210567461738562,0.0,29.148147504746866,0.010606686040018829,0.0,b'T4',84.0,2.12625388187109,2.720998432388548,3.2129984401703418,2.9321731610463644,2.489580789760531,0.5947445505174578,1.0867445582992517,0.8059192791752743,0.3633269078894408,0.49200000778179387,0.2111747286578165,-0.231417642628017,-0.28082527912397737,-0.7234176504098109,-0.4425923712858335
119,b'0843+4640',,,1.0,28.722066314037722,0.0006230669385760178,0.0,27.6831907167723,,0.0,,,1.0,27.218421503745528,,0.0,26.720952143553486,0.0010767640806064057,0.0,26.508365747501458,0.0009134672197303445,0.0,26.525679111603587,0.0016893256417984904,0.0,b'L2',72.0,1.0388755972654202,1.5036448102921938,2.001114170484236,2.2137005665362643,2.196387202434135,0.46476921302677354,0.9622385732188157,1.1748249692708441,1.1575116051687147,0.49746936019204213,0.7100557562440706,0.6927423921419411,0.21258639605202845,0.19527303194989898,-0.01731336410212947
120,b'0844-3629',,,1.0,28.876787677505753,0.0008809109681723822,0.0,27.926627102201778,0.00040075234180198834,0.0,,,1.0,27.46137470564487,0.0016762762386944737,0.0,26.89324301413403,0.0012372341612283363,0.0,26.57405966406719,0.0016048294659137164,0.0,26.52815254212012,0.0018634057166805969,0.0,b'L1',71.0,0.9501605753039755,1.4154129718608814,1.983544663371724,2.302728013438564,2.3486351353856314,0.465252396556906,1.0333840880677485,1.3525674381345887,1.398474560081656,0.5681316915108425,0.8873150415776827,0.93322216352475,0.3191833500668402,0.36509047201390743,0.04590712194706725
121,b'0857+4117',,,1.0,30.853050775512646,0.002954669940315106,0.0,29.90710225796287,,0.0,,,1.0,29.502672131187726,,0.0,29.090036781685008,0.004303293992333911,0.0,28.83279868270614,0.004629367442769789,0.0,29.115799482205116,,0.0,b'L7',77.0,0.9459485175497768,1.3503786443249197,1.763013993827638,2.020252092806505,1.73725129330753,0.4044301267751429,0.8170654762778611,1.074303575256728,0.7913027757577531,0.4126353495027182,0.6698734484815851,0.3868726489826102,0.25723809897886696,-0.025762700520107984,-0.28300079949897494
122,b'0904+6106',,,1.0,28.914169631157023,0.00044754049353026127,0.0,27.950040956322994,0.00022118177020507846,0.0,,,1.0,27.446130907379644,,0.0,26.856834833277805,,0.0,26.61819837180343,0.0009287568624991428,0.0,26.55943056429659,,0.0,b'L4',74.0,0.9641286748340292,1.4680387237773793,2.057334797879218,2.2959712593535926,2.354739066860432,0.5039100489433501,1.0932061230451886,1.3318425845195634,1.390610392026403,0.5892960741018385,0.8279325355762133,0.8867003430830529,0.23863646147437478,0.2974042689812144,0.05876780750683963
123,b'0917-6344',,,1.0,27.198233729230466,0.002567092630386449,0.0,26.057265986456,0.0006722085613336398,0.0,,,1.0,25.525323436535373,0.0015407827139366618,0.0,24.81675845210772,0.0006921706295695159,0.0,24.211986247910072,0.0003342861110023741,0.0,24.043712313291465,0.00040995201616204495,0.0,b'L7',77.0,1.1409677427744676,1.672910292695093,2.381475277122746,2.986247481320394,3.1545214159390014,0.5319425499206254,1.2405075343482785,1.8452797385459263,2.013553673164534,0.7085649844276531,1.313337188625301,1.4816111232439084,0.6047722041976478,0.7730461388162553,0.1682739346186075
124,b'0919-1629',,,1.0,30.20038432509282,0.0029814824295532785,0.0,29.21197736179957,0.0011623978577272962,0.0,,,1.0,28.692718652248494,0.0036619043807290096,0.0,28.122422125098993,0.0029995584128325228,0.0,27.716688014825298,0.0034899234805276257,0.0,27.69567574257648,0.004458008294654047,0.0,b'L4',74.0,0.9884069632932508,1.5076656728443254,2.077962199993827,2.483696310267522,2.50470858251634,0.5192587095510746,1.0895552367005763,1.4952893469742712,1.5163016192230891,0.5702965271495017,0.9760306374231966,0.9970429096720146,0.4057341102736949,0.42674638252251285,0.021012272248817965
125,b'0927-4741',,,1.0,,,1.0,,,1.0,,,1.0,,,1.0,,,1.0,,,1.0,,,1.0,,,,,,,,,,,,,,,,,
126,b'0930-7431',,,1.0,,,1.0,,,1.0,,,1.0,,,1.0,,,1.0,,,1.0,,,1.0,b'T7',87.0,,,,,,,,,,,,,,,
127,b'0931+2325',,,1.0,,,1.0,,,1.0,,,1.0,,,1.0,29.553919388817754,0.0008764314821683573,0.0,30.03610013000985,0.0013797058852872965,0.0,31.0771679857697,0.003907467678072572,0.0,b'T7',87.0,,,,,,,,,,,,,-0.48218074119209575,-1.523248596951948,-1.0410678557598523
128,b'0932+4807',,,1.0,,,1.0,,,1.0,,,1.0,,,1.0,28.831670062221725,0.00016670728055924764,0.0,28.215559419308022,7.24027826775823e-05,0.0,27.998847521420004,6.427641100679948e-05,0.0,,,,,,,,,,,,,,,0.6161106429137035,0.8328225408017218,0.21671189788801826
129,b'0942-2551',,,1.0,28.61521916926662,0.0008035075052853809,0.0,27.637521492120342,,0.0,,,1.0,27.176955653692772,,0.0,26.65142036957497,0.0009518955948498578,0.0,26.386200060150355,0.0011710722485939564,0.0,26.383620555960082,0.0013118472212428748,0.0,b'L1',71.0,0.9776976771462778,1.4382635155738477,1.9637987996916486,2.2290191091162654,2.231598613306538,0.46056583842756993,0.9861011225453709,1.2513214319699877,1.2539009361602602,0.5255352841178009,0.7907555935424178,0.7933350977326903,0.26522030942461683,0.26779981361488936,0.00257950419027253
130,b'0943+3356',,,1.0,30.231942883573314,0.0016073729720004091,0.0,29.330893014793077,0.0005858487489120845,0.0,,,1.0,28.834956299314086,0.0021378324221377884,0.0,28.2042554953043,0.0019899456964405536,0.0,27.80175781452025,0.0018963474095765845,0.0,27.694722932287974,0.002431363918226369,0.0,b'L2',72.0,0.9010498687802375,1.3969865842592277,2.0276873882690154,2.4301850690530635,2.5372199512853406,0.4959367154789902,1.1266375194887779,1.529135200272826,1.636170082505103,0.6307008040097877,1.0331984847938358,1.1402333670261129,0.40249768078404813,0.5095325630163252,0.10703488223227708
131,b'0958+5403',,,1.0,32.06212253145574,0.00685116990308609,0.0,30.034047771686755,0.002005421296224576,0.0,,,1.0,29.52744052752997,0.005389410467775801,0.0,28.989712294106322,0.004737524273591762,0.0,29.43181819690129,0.010361028822774157,0.0,30.158495021068994,0.0258601087436948,0.0,b'T6',86.0,2.0280747597689874,2.5346820039257736,3.0724102373494198,2.6303043345544523,1.9036275103867482,0.5066072441567862,1.0443354775804323,0.6022295747854649,-0.12444724938223928,0.5377282334236462,0.09562233062867875,-0.6310544935390254,-0.4421059027949674,-1.1687827269626716,-0.7266768241677042
132,b'0958-1259',,,1.0,29.76649275658272,0.001084990116398182,0.0,28.591325969496303,,0.0,,,1.0,28.0735913150449,,0.0,27.47606613973451,0.0016478422442252059,0.0,27.085451072105844,0.0013003834451768147,0.0,27.03706868949396,,0.0,b'L4',74.0,1.1751667870864182,1.6929014415378205,2.2904266168482117,2.6810416844768774,2.729424067088761,0.5177346544514023,1.1152598297617935,1.5058748973904592,1.5542572800023429,0.5975251753103912,0.9881402429390569,1.0365226255509405,0.3906150676286657,0.43899745024054937,0.048382382611883656
133,b'0959+0251',,,1.0,,,1.0,,,1.0,,,1.0,,,1.0,,,1.0,,,1.0,,,1.0,b'T3',83.0,,,,,,,,,,,,,,,
134,b'1005-6912',,,1.0,,,1.0,,,1.0,,,1.0,,,1.0,27.043301575335423,0.002947910120866696,0.0,27.01744311243191,0.0017647453630961327,0.0,27.40625621838732,0.006378991224634949,0.0,b'T3',83.0,,,,,,,,,,,,,0.025858462903514123,-0.3629546430518964,-0.3888131059554105
135,b'1008+2031',,,1.0,34.01176982265782,0.4972556239016722,0.0,37.06504835256547,1.3019204128583977,0.0,,,1.0,32.8916430577636,0.8091279999389015,0.0,32.050452657315944,0.933700219003944,0.0,30.547083068490586,0.15848948288986026,0.0,30.7797460875302,0.7412591629959784,0.0,,,-3.053278529907651,1.1201267648942164,1.9613171653418746,3.464686754167232,3.232023735127619,4.173405294801867,5.014595695249525,6.517965284074883,6.28530226503527,0.8411904004476582,2.344559989273016,2.1118969702334027,1.5033695888253575,1.2707065697857445,-0.23266301903961306
136,b'1015-1115',,,1.0,30.032420578710088,0.0015781056298509958,0.0,29.021221031364682,0.0006412162613660507,0.0,,,1.0,28.45193892594644,0.0017539169000237917,0.0,27.779601696469733,0.0019023405024015446,0.0,27.22798949087466,0.00135121851216418,0.0,27.09338010219817,,0.0,b'L4',74.0,1.0111995473454058,1.5804816527636483,2.252818882240355,2.804431087835429,2.9390404765119165,0.5692821054182424,1.2416193348949491,1.793231540490023,1.9278409291665106,0.6723372294767067,1.2239494350717806,1.3585588237482682,0.5516122055950738,0.6862215942715615,0.13460938867648764
137,b'1020-3236',,,1.0,30.528138947397597,0.0013195483695849725,0.0,29.444378309747318,0.0005003822769724109,0.0,,,1.0,28.904352794525515,0.0015315543592877817,0.0,28.238770050193903,0.0013952694489994075,0.0,27.802147053547337,0.0012932509519892718,0.0,27.644434371465998,0.0018029791004394995,0.0,b'L3',73.0,1.083760637650279,1.623786152872082,2.289368897203694,2.72599189385026,2.883704575931599,0.540025515221803,1.205608259553415,1.642231256199981,1.79994393828132,0.665582744331612,1.102205740978178,1.259918423059517,0.436622996646566,0.594335678727905,0.15771268208133904
138,b'1023+2215',,,1.0,,,1.0,,,1.0,,,1.0,,,1.0,29.60044811003526,0.0011753871649319205,0.0,29.994853523165204,0.0011991815670774205,0.0,32.7445885276008,0.027102012681180558,0.0,b'T9',89.0,,,,,,,,,,,,,-0.39440541312994526,-3.144140417565538,-2.7497350044355926
139,b'1027-0618',,,1.0,30.975590474099665,0.003217465875694218,0.0,29.70369863911353,,0.0,,,1.0,29.2041906298841,,0.0,28.530147541779527,,0.0,28.078793281159108,0.002516962280766609,0.0,28.062273974089802,0.002749353526789829,0.0,b'L5',75.0,1.2718918349861354,1.7713998442155656,2.4454429323201374,2.896797192940557,2.913316500009863,0.49950800922943017,1.173551097334002,1.6249053579544217,1.6414246650237274,0.6740430881045718,1.1253973487249915,1.1419166557942972,0.4513542606204197,0.46787356768972543,0.01651930706930571
140,b'1031+1237',,,1.0,30.60653145655774,0.0028209376561566194,0.0,29.480562854553902,0.001104844715190564,0.0,,,1.0,29.02534365120701,0.004542214033098182,0.0,28.433425838136497,0.004177391082898634,0.0,28.079107684637297,0.00473438319960694,0.0,28.132417068651066,0.0058587894066787485,0.0,b'L1',71.0,1.1259686020038373,1.58118780535073,2.1731056184212427,2.527423771920443,2.474114387906674,0.4552192033468927,1.0471370164174054,1.4014551699166056,1.3481457859028367,0.5919178130705127,0.9462359665697129,0.892926582555944,0.35431815349920015,0.3010087694854313,-0.053309384013768835
141,b'1036-5144',,,1.0,,,1.0,,,1.0,,,1.0,,,1.0,27.366422023132255,0.004620095937385677,0.0,27.102309120628707,0.00445561529905324,0.0,27.168914184331626,0.012533975455807055,0.0,b'T1',81.0,,,,,,,,,,,,,0.26411290250354824,0.19750783880062883,-0.06660506370291941
142,b'1044+3029',,,1.0,30.808469532699515,0.004142446946898419,0.0,29.495787383298783,0.0010717491252912694,0.0,,,1.0,28.924861842245505,0.0029913734675332676,0.0,28.38013261548518,0.002121053256343454,0.0,28.023534852291153,0.002229406574298665,0.0,28.110329280977012,,0.0,b'T0',80.0,1.3126821494007324,1.88360769045401,2.4283369172143345,2.7849346804083623,2.698140251722503,0.5709255410532776,1.1156547678136022,1.47225253100763,1.3854581023217705,0.5447292267603245,0.9013269899543523,0.8145325612684928,0.3565977631940278,0.2698033345081683,-0.08679442868585951
143,b'1055+5443',,,1.0,,,1.0,,,1.0,,,1.0,,,1.0,30.181833641573167,0.00227262921525495,0.0,30.371777063226553,0.002971438081716176,0.0,31.679793942348585,0.015607067316322349,0.0,b'Y0',90.0,,,,,,,,,,,,,-0.1899434216533855,-1.4979603007754179,-1.3080168791220323
144,b'1057-0525',,,1.0,29.923122854253204,,0.0,28.90150369364728,,0.0,,,1.0,28.41041988590259,,0.0,27.841588370536353,0.0011800281765468488,0.0,27.594525469547172,0.001550108557185905,0.0,27.60740534742345,0.0023890279109078203,0.0,b'L2',72.0,1.0216191606059262,1.512702968350613,2.081534483716851,2.3285973847060326,2.3157175068297526,0.49108380774468685,1.0599153231109248,1.3069782241001064,1.2940983462238265,0.568831515366238,0.8158944163554196,0.8030145384791396,0.2470629009891816,0.23418302311290162,-0.012879877876279977
145,b'1104+6513',,,1.0,,,1.0,,,1.0,,,1.0,,,1.0,28.829916974540154,8.25473341190256e-05,0.0,28.341924116376024,4.556797223260458e-05,0.0,28.164686697508145,5.850162324320764e-05,0.0,b'L6',76.0,,,,,,,,,,,,,0.4879928581641302,0.6652302770320091,0.17723741886787892
146,b'1104-7737',,,1.0,30.047457236241396,0.0071356713164892355,0.0,29.656630240380597,,0.0,,,1.0,28.557580202926722,0.0034001146884638806,0.0,26.766440182806306,0.0006513576773680941,0.0,25.310260281260977,0.00017388434182675464,0.0,24.858228091098937,0.00042754544299806704,0.0,,,0.39082699586079883,1.4898770333146736,3.2810170534350895,4.737196954980419,5.189229145142459,1.0990500374538748,2.8901900575742907,4.34636995911962,4.79840214928166,1.791140020120416,3.2473199216657456,3.6993521118277854,1.4561799015453296,1.9082120917073695,0.4520321901620399
147,b'1107+3517',,,1.0,31.457079583772956,0.006752154390008653,0.0,29.566350286160848,0.0011149347601995098,0.0,,,1.0,29.017073912559923,0.0034852916230500826,0.0,28.60181697250796,0.0047369038802038636,0.0,28.347872631056315,0.004278978401250741,0.0,28.34633984326086,0.005366380538531608,0.0,b'L7',77.0,1.8907292976121077,2.440005671213033,2.855262611264994,3.10920695271664,3.110739740512095,0.5492763736009252,0.9645333136528862,1.2184776551045324,1.2200104428999872,0.415256940051961,0.6692012815036072,0.670734069299062,0.25394434145164624,0.255477129247101,0.0015327877954547375
148,b'1109-0956',,,1.0,30.736650406465834,0.0026687577467710316,0.0,29.69675705678389,0.0009127614916202922,0.0,,,1.0,29.165535015894623,0.0029772785779352984,0.0,28.452584795988432,0.0022178556353479604,0.0,27.845613183384962,0.002104402595231843,0.0,27.71777973659478,0.0022895116696314225,0.0,b'L6',76.0,1.0398933496819431,1.5711153905712116,2.284065610477402,2.891037223080872,3.018870669871056,0.5312220408892685,1.2441722607954588,1.8511438733989287,1.978977320189113,0.7129502199061903,1.3199218325096602,1.4477552792998445,0.6069716126034699,0.7348050593936541,0.12783344679018427
149,b'1110-1747',,,1.0,,,1.0,,,1.0,,,1.0,,,1.0,29.051183765804396,0.002085164902998723,0.0,29.32910339668089,0.002095857271209836,0.0,30.575597199876576,0.0074712647064490234,0.0,b'T8',88.0,,,,,,,,,,,,,-0.2779196308764931,-1.52441343407218,-1.246493803195687
150,b'1115+1745',,,1.0,31.885680553535952,0.0041748657583884526,0.0,30.979387658952437,0.0015544255039329088,0.0,,,1.0,30.659201790524726,0.006675584366488924,0.0,30.13650865500506,0.005462074244201708,0.0,29.635720825475357,0.005807289049507361,0.0,29.668552926450356,,0.0,b'L9',79.0,0.9062928945835154,1.226478763011226,1.7491718985308928,2.2499597280605954,2.2171276270855955,0.3201858684277106,0.8428790039473775,1.34366683347708,1.3108347325020802,0.5226931355196669,1.0234809650493695,0.9906488640743696,0.5007878295297026,0.4679557285547027,-0.03283210097499989
151,b'1119-1241',,,1.0,31.702359756054996,0.007772725055169918,0.0,29.973881636882336,0.001295496061202059,0.0,,,1.0,29.42267416857949,0.003639597977522931,0.0,28.918339558915285,0.003302589491437106,0.0,29.299083573626948,0.00718680711830671,0.0,29.98595857413867,0.017541053363285267,0.0,b'T5',85.0,1.7284781191726601,2.2796855874755053,2.7840201971397107,2.4032761824280477,1.716401181916325,0.5512074683028452,1.0555420779670506,0.6747980632553876,-0.012076937256335185,0.5043346096642054,0.12359059495254243,-0.5632844055591804,-0.38074401471166297,-1.0676190152233858,-0.6868750005117228
152,b'1121-2907',,,1.0,,,1.0,31.906077080415976,,0.0,,,1.0,30.195715386379966,,0.0,28.90864950663337,0.0005697358347394693,0.0,27.709550345997048,0.0001386678923089073,0.0,27.327319943717377,0.00018604633812594113,0.0,b'L6',76.0,,,,,,1.7103616940360098,2.9974275737826055,4.196526734418928,4.578757136698599,1.2870658797465957,2.486165040382918,2.868395442662589,1.1990991606363224,1.5813295629159931,0.38223040227967076
153,b'1128-0652',,,1.0,29.098388914356974,0.0009794282445486112,0.0,29.00699149441611,0.0012430257274265802,0.0,,,1.0,28.9883584257558,0.004690015085737504,0.0,28.992524904597904,0.0034792080064081146,0.0,28.9920756214011,0.005205335469801783,0.0,28.97909424236506,0.007316340929947551,0.0,,,0.09139741994086492,0.11003048860117559,0.1058640097590704,0.10631329295587477,0.11929467199191279,0.01863306866031067,0.014466589818205478,0.01491587301500985,0.02789725205104787,-0.004166478842105192,-0.0037171956453008193,0.009264183390737202,0.0004492831968043731,0.013430662232842394,0.012981379036038021
154,b'1138-0354',,,1.0,29.497511085496605,0.0011702976209626717,0.0,28.547363019319473,0.0004772289071615472,0.0,,,1.0,28.08933454768129,0.0017715784543623557,0.0,27.511576637321436,0.0013936784948666776,0.0,27.181418741001693,0.0013168791808705334,0.0,27.114779858920915,0.0017608759732252286,0.0,b'L2',72.0,0.9501480661771318,1.408176537815315,1.9859344481751684,2.316092344494912,2.3827312265756895,0.4580284716381833,1.0357863819980366,1.3659442783177802,1.4325831603985577,0.5777579103598534,0.9079158066795969,0.9745546887603744,0.33015789631974357,0.3967967784005211,0.0666388820807775
155,b'11403-2757',,,1.0,,,1.0,27.890627231076806,0.00025623444967003925,0.0,,,1.0,27.361641133163694,0.00044707280575315855,0.0,26.682203303953912,0.0001885986384412689,0.0,26.036858618890687,6.553575108902781e-05,0.0,25.916107424661227,0.00014059944311248585,0.0,b'L8',78.0,,,,,,0.528986097913112,1.2084239271228938,1.8537686121861192,1.9745198064155787,0.6794378292097818,1.3247825142730072,1.4455337085024667,0.6453446850632254,0.7660958792926849,0.12075119422945946
156,b'1142+4123',,,1.0,,,1.0,,,1.0,,,1.0,,,1.0,29.019490059815386,0.0008403899986229942,0.0,28.427663686072087,0.0003227532547518519,0.0,28.22396309083903,0.00038301351738879264,0.0,b'L7',77.0,,,,,,,,,,,,,0.5918263737432987,0.795526968976354,0.20370059523305528
157,b'1143+0613',,,1.0,31.62035383420615,0.004211399570799729,0.0,29.57720537597946,0.0008530070763754117,0.0,,,1.0,29.083639139585884,0.0027734876442855796,0.0,28.63256678215297,0.0028320894893116236,0.0,28.798610679029473,0.004050179144702898,0.0,29.429267470027277,0.011094363695945,0.0,b'T4',84.0,2.043148458226689,2.536714694620265,2.9877870520531786,2.8217431551766765,2.1910863641788723,0.4935662363935762,0.9446385938264896,0.7785946969499875,0.14793790595218326,0.4510723574329134,0.2850284605564113,-0.34562833044139296,-0.16604389687650212,-0.7967006878743064,-0.6306567909978043
158,b'1149+5318',,,1.0,29.684792801370268,0.001486203726106004,0.0,28.85840868296199,0.0006079586604651206,0.0,,,1.0,28.355480849384982,0.0017198460805039212,0.0,27.69580417745868,0.0016059201801641868,0.0,27.24185980046324,0.0016910044621746658,0.0,27.218028826106927,,0.0,b'L4',74.0,0.8263841184082779,1.3293119519852858,1.9889886239115881,2.442933000907029,2.4667639752633406,0.502927833577008,1.1626045055033103,1.6165488824987513,1.6403798568550627,0.6596766719263023,1.1136210489217433,1.1374520232780547,0.453944376995441,0.4777753513517524,0.02383097435631143
159,b'1203-0648',,,1.0,,,1.0,29.916469810867333,0.0017742336510216882,0.0,,,1.0,29.4334351899642,0.005924225826124034,0.0,28.74955297693388,0.004416526721085771,0.0,28.14336726128988,0.00327203182588322,0.0,28.04822463274583,0.00324838052916317,0.0,b'L7',77.0,,,,,,0.4830346209031333,1.1669168339334526,1.7731025495774517,1.868245178121505,0.6838822130303193,1.2900679286743184,1.3852105572183717,0.6061857156439991,0.7013283441880525,0.09514262854405331
160,b'1210+0333',,,1.0,31.732623382089255,0.005183888803673728,0.0,30.001775014112155,,0.0,,,1.0,29.548541218402974,,0.0,29.152588483960784,0.003730449191313867,0.0,29.39753774318912,0.0071986082179666296,0.0,30.11027206098815,,0.0,b'T5',85.0,1.7308483679770994,2.1840821636862806,2.5800348981284706,2.3350856389001358,1.6223513211011031,0.4532337957091812,0.8491865301513712,0.6042372709230364,-0.10849704687599626,0.39595273444219004,0.15100347521385515,-0.5617308425851775,-0.24494925922833488,-0.9576835770273675,-0.7127343177990326
161,b'1211+3746',,,1.0,30.662265179960066,0.0023957310980851475,0.0,29.616019291197375,0.0008067707586674183,0.0,,,1.0,29.096517429891378,0.0028628409937781004,0.0,28.454612148078667,0.0023896300881639985,0.0,28.040535832183192,0.002567659768083258,0.0,28.00021695646972,0.00329624331361704,0.0,b'L3',73.0,1.0462458887626909,1.565747750068688,2.2076530318813994,2.621729347776874,2.662048223490345,0.5195018613059972,1.1614071431187085,1.5754834590141833,1.615802334727654,0.6419052818127113,1.0559815977081861,1.0963004734216568,0.4140763158954748,0.4543951916089455,0.0403188757134707
162,b'1211+5234',,,1.0,29.290762184806884,0.0010853964593101671,0.0,28.17913974468741,0.00046426495648829356,0.0,,,1.0,27.717315646985977,,0.0,27.194826690444778,,0.0,26.871076403169603,0.001704441520299688,0.0,26.819899221967688,0.0026807281953227214,0.0,b'L3',73.0,1.111622440119472,1.5734465378209066,2.095935494362106,2.4196857816372805,2.4708629628391954,0.4618240977014345,0.9843130542426337,1.3080633415178085,1.3592405227197233,0.5224889565411992,0.8462392438163739,0.8974164250182888,0.32375028727517474,0.3749274684770896,0.051177181201914834
163,b'1211-1600',,,1.0,,,1.0,28.431104070413014,,0.0,,,1.0,27.710415339729117,0.0015086895313937755,0.0,27.11040403038888,0.0005798417277610476,0.0,27.504589299384396,0.0004564738864639734,0.0,28.36927732248644,0.0012968764567021804,0.0,b'T8',88.0,,,,,,0.7206887306838965,1.320700040024132,0.9265147710286179,0.061826747926573944,0.6000113093402355,0.2058260403447214,-0.6588619827573226,-0.3941852689955141,-1.258873292097558,-0.864688023102044
164,b'1211-3059',,,1.0,,,1.0,30.526515316782053,0.0034088909670168498,0.0,,,1.0,,,1.0,29.862779910771216,0.004782750157227263,0.0,30.401368933073275,0.0053170305536636205,0.0,30.885101594316314,0.012442059162241045,0.0,b'T8',88.0,,,,,,,0.6637354060108365,0.12514638370877762,-0.3585862775342612,,,,-0.5385890223020589,-1.0223216835450977,-0.4837326612430388
165,b'1214-1841',,,1.0,28.686951522387734,0.0003521404464935678,0.0,28.264782932384662,0.00022037058973357247,0.0,,,1.0,27.969288550965352,0.0010093986981156867,0.0,27.71360868900576,0.0010032354720812145,0.0,27.677124925841163,0.0016385378541357788,0.0,27.84700812524814,0.0026101476963275956,0.0,,,0.4221685900030714,0.7176629714223814,0.9733428333819738,1.0098265965465707,0.8399433971395922,0.29549438141931006,0.5511742433789024,0.5876580065434993,0.4177748071365208,0.25567986195959236,0.29216362512418925,0.12228042571721076,0.036483763164596894,-0.1333994362423816,-0.1698831994069785
166,b'1227+4134',,,1.0,30.98640310877886,0.0039002866401374207,0.0,29.20379560213491,0.0006952935242714106,0.0,,,1.0,28.63729729883239,0.0023123244051742593,0.0,28.14644713077754,0.002018945054139253,0.0,28.205870392397753,0.0026565662673234272,0.0,28.64374451879913,0.005835681525135173,0.0,b'T3',83.0,1.7826075066439486,2.349105809946469,2.8399559780013206,2.7805327163811064,2.3426585899797274,0.5664983033025202,1.057348471357372,0.9979252097371578,0.5600510833357788,0.4908501680548518,0.43142690643463766,-0.006447219966741358,-0.05942326162021416,-0.4972973880215932,-0.437874126401379
167,b'1231-5348',,,1.0,,,1.0,,,1.0,,,1.0,,,1.0,28.104927066594712,0.0025892832827543685,0.0,28.067521316097732,0.003340058345601803,0.0,28.34830892294713,0.009081530463601644,0.0,b'T4',84.0,,,,,,,,,,,,,0.037405750496979806,-0.2433818563524177,-0.2807876068493975
168,b'1234-6419',,,1.0,,,1.0,,,1.0,,,1.0,,,1.0,24.820627632522296,6.390364832653014e-05,0.0,24.587139569801202,4.4062340923799126e-05,0.0,24.586208348569244,6.134563919376662e-05,0.0,b'L0',70.0,,,,,,,,,,,,,0.23348806272109357,0.23441928395305212,0.0009312212319585456
169,b'1243+6001',,,1.0,,,1.0,30.985271513672675,0.0008353822162051163,0.0,,,1.0,30.403154446020388,0.0023798057404731303,0.0,29.466844198844676,0.0013939856550017383,0.0,28.554457054946564,0.0010208745331602644,0.0,28.236072953696304,0.001012574069178126,0.0,b'L6',76.0,,,,,,0.5821170676522875,1.5184273148279992,2.430814458726111,2.749198559976371,0.9363102471757117,1.8486973910738236,2.1670814923240833,0.9123871438981119,1.2307712451483717,0.31838410125025973
170,b'1249+2927',,,1.0,,,1.0,30.498677606615253,0.005526252286370151,0.0,,,1.0,29.882201148103043,0.009246063070660827,0.0,29.033669394438274,0.004072717345042875,0.0,28.23721069896729,0.002422086563689951,0.0,28.160277262703648,,0.0,,,,,,,,0.61647645851221,1.4650082121769792,2.2614669076479643,2.338400343911605,0.8485317536647692,1.6449904491357543,1.721923885399395,0.7964586954709851,0.8733921317346258,0.07693343626364069
171,b'1253+3841',,,1.0,,,1.0,30.162324411172577,0.0005767964077912856,0.0,,,1.0,29.650680030820794,0.001534819574234596,0.0,29.130934374139592,0.0013209347205620108,0.0,28.72063440806648,0.0011721997964413448,0.0,28.762433088319067,,0.0,b'T4',84.0,,,,,,0.5116443803517825,1.0313900370329847,1.4416900031060962,1.3998913228535095,0.5197456566812022,0.9300456227543137,0.888246942501727,0.4102999660731115,0.36850128582052477,-0.041798680252586706
172,b'1253-2053',,,1.0,,,1.0,,,1.0,,,1.0,,,1.0,,,1.0,,,1.0,,,1.0,b'T0',80.0,,,,,,,,,,,,,,,
173,b'1256-1002',,,1.0,29.97279870111088,0.0010317739524281142,0.0,28.68152436298718,0.0005492973129728986,0.0,,,1.0,28.209849848462053,0.001957582706205266,0.0,27.676639800461864,0.001636738471940599,0.0,27.375809560210413,0.001694355820622754,0.0,27.46405402953242,0.0023030450733029697,0.0,,,1.2912743381236993,1.762948852648826,2.296158900649015,2.5969891409004653,2.5087446715784587,0.47167451452512665,1.0048845625253158,1.305714802776766,1.2174703334547594,0.5332100480001891,0.8340402882516393,0.7457958189296328,0.3008302402514502,0.21258577092944364,-0.08824446932200658
174,b'1257+5552',,,1.0,30.502095631659984,0.0028157656935276693,0.0,29.383844874653985,0.001105184642927303,0.0,,,1.0,28.924737463505032,0.004267858345543279,0.0,28.350185616627492,0.003315796766403049,0.0,28.01485734045912,0.004197022133824321,0.0,28.083476070959943,0.005511377748809856,0.0,b'L4',74.0,1.118250757005999,1.5773581681549516,2.1519100150324917,2.487238291200864,2.4186195607000407,0.4591074111489526,1.0336592580264927,1.368987534194865,1.3003688036940417,0.5745518468775401,0.9098801230459124,0.8412613925450891,0.33532827616837224,0.266709545667549,-0.06861873050082323
175,b'1303+5127',,,1.0,28.11683680444655,0.0007147412695849934,0.0,27.200498722395906,0.0003791559340916089,0.0,,,1.0,26.718627570971,0.0013114238412223977,0.0,26.048139703083706,0.00077201646771781,0.0,25.6258337005952,0.0010786501845756321,0.0,25.54954222480098,0.0009858788433815208,0.0,b'L5',75.0,0.9163380820506433,1.3982092334755478,2.0686971013628437,2.491003103851348,2.5672945796455693,0.48187115142490455,1.1523590193122004,1.5746650218007048,1.650956497594926,0.6704878678872959,1.0927938703758002,1.1690853461700215,0.42230600248850436,0.4985974782827256,0.07629147579422124
176,b'1313+2140',,,1.0,30.265843828431027,0.0027353727161036536,0.0,29.294157013230766,,0.0,,,1.0,28.86933629505403,,0.0,28.312070655338868,0.0016613042480455814,0.0,27.783063527157886,0.001839953330875118,0.0,27.793297222169432,0.0028832802143484108,0.0,b'L6',76.0,0.9716868152002611,1.3965075333769974,1.9537731730921593,2.4827803012731415,2.472546606261595,0.4248207181767363,0.9820863578918981,1.5110934860728804,1.500859791061334,0.5572656397151619,1.0862727678961441,1.0760390728845977,0.5290071281809823,0.5187734331694358,-0.010233695011546473
177,b'1315-4936',,,1.0,,,1.0,26.714603883634286,0.00127714578447815,0.0,,,1.0,26.19048494219419,0.0026935946121524608,0.0,25.72559334219126,0.0014175889227658707,0.0,25.65776160147742,0.0009910454325409985,0.0,26.06992215567646,0.0021507277306524863,0.0,b'T3',83.0,,,,,,0.5241189414400971,0.9890105414430259,1.0568422821568646,0.6446817279578276,0.46489160000292884,0.5327233407167675,0.12056278651773056,0.06783174071383868,-0.3443288134851983,-0.41216055419903697
178,b'1324-0526',,,1.0,29.417129449915585,0.0009440324921165841,0.0,28.36314458633332,0.0005646005449897947,0.0,,,1.0,28.034926999031867,0.0018841454685477339,0.0,27.70763959865373,0.0016395005287177025,0.0,27.968404595232634,0.0030517709550444564,0.0,28.362557370352974,0.0062704565067991155,0.0,b'T4',84.0,1.053984863582265,1.3822024508837174,1.7094898512618535,1.4487248546829505,1.054572079562611,0.32821758730145234,0.6555049876795884,0.3947399911006855,0.0005872159803459454,0.3272874003781361,0.06652240379923313,-0.3276303713211064,-0.26076499657890295,-0.6549177716992425,-0.3941527751203395
179,b'1328-0637',,,1.0,30.82012126701285,0.0008525712479976466,0.0,30.10178674812776,0.0003815529820297745,0.0,,,1.0,29.654523565043597,0.001223933687549793,0.0,29.10623762898191,0.0011504285197650307,0.0,28.965381517637297,0.001198802198310292,0.0,29.205367170825404,0.0021122547956836045,0.0,b'L7',77.0,0.71833451888509,1.1655977019692543,1.7138836380309428,1.854739749375554,1.614754096187447,0.44726318308416424,0.9955491191458528,1.136405230490464,0.8964195773023569,0.5482859360616885,0.6891420474062997,0.44915639421819264,0.14085611134461118,-0.09912954184349587,-0.23998565318810705
180,b'1330-1359',,,1.0,,,0.0,30.69598866754366,0.0009364095510493478,0.0,,,1.0,30.094454228349093,0.0032304325489800963,0.0,29.58730103034709,0.0029260762869344078,0.0,29.894104551779833,0.005077584972421559,0.0,30.247372485991786,0.009000464799681461,0.0,b'T6',86.0,,,,,,0.6015344391945661,1.1086876371965708,0.8018841157638263,0.44861618155187344,0.5071531980020048,0.20034967656926028,-0.15291825764269262,-0.3068035214327445,-0.6600714556446974,-0.3532679342119529
181,b'1332-4345',,,1.0,,,1.0,29.835097617176505,0.008112910955502081,0.0,,,1.0,,,1.0,27.525794619818345,0.0024833885570959583,0.0,26.765554281355154,0.0008277552666670166,0.0,26.41911290444333,0.0013137896195578168,0.0,b'L8',78.0,,,,,,,2.3093029973581594,3.0695433358213506,3.4159847127331737,,,,0.7602403384631913,1.1066817153750144,0.3464413769118231
182,b'1334-2730',,,1.0,,,1.0,,,1.0,,,1.0,,,1.0,25.462322731179565,0.000793924238873998,0.0,25.31251524141972,0.0005341196764834117,0.0,25.343757770544705,0.00047746747179934046,0.0,b'L0',70.0,,,,,,,,,,,,,0.14980748975984426,0.11856496063485977,-0.031242529124984486
183,b'1334-6257',,,1.0,,,1.0,,,1.0,,,1.0,,,1.0,23.478616488635037,0.00025871778805774243,0.0,23.2620476935611,0.00015746520581829727,0.0,23.274738436999822,0.00024986288077997955,0.0,b'L1',71.0,,,,,,,,,,,,,0.21656879507393612,0.20387805163521477,-0.012690743438721341
184,b'1339-1455',,,1.0,30.30924309600344,0.0030488192584414847,0.0,29.202659065698416,0.0010663785626689026,0.0,,,1.0,28.64221886058833,0.0034236598397126335,0.0,27.933073536379904,0.0026926123968528566,0.0,27.44755175730667,0.002502852357904817,0.0,27.380288202949714,0.0033374630502769004,0.0,b'L6',76.0,1.1065840303050223,1.6670242354151092,2.376169559623534,2.861691338696769,2.9289548930537244,0.560440205110087,1.2695855293185119,1.7551073083917466,1.822370862748702,0.7091453242084249,1.1946671032816596,1.2619306576386151,0.4855217790732347,0.5527853334301902,0.06726355435695552
185,b'1341+5919',,,1.0,,,1.0,28.988990754374868,0.0013549858486415762,0.0,,,1.0,28.58734986151971,0.0041859928618314364,0.0,28.046412998444367,0.004360306692761797,0.0,27.499187894515416,0.002908522609925287,0.0,27.431339974347914,0.003348955194475468,0.0,b'L8',78.0,,,,,,0.40164089285515914,0.9425777559305004,1.4898028598594522,1.557650780026954,0.5409368630753413,1.088161967004293,1.1560098871717948,0.5472251039289517,0.6150730240964535,0.06784792016750174
186,b'1342+3746',,,1.0,,,1.0,29.57254423709515,0.0008289466797286181,0.0,,,1.0,29.13974446435465,0.0029088766388242478,0.0,28.732552471896593,0.0028823970629657694,0.0,28.853268103169498,0.004638516706759969,0.0,29.527921622387314,0.012800388095297004,0.0,b'T4',84.0,,,,,,0.43279977274050196,0.8399917651985582,0.7192761339256535,0.044622614707837016,0.40719199245805626,0.2864763611851515,-0.38817715803266495,-0.12071563127290474,-0.7953691504907212,-0.6746535192178165
187,b'1346+5306',,,1.0,27.462663494780912,0.0002625733233295449,0.0,26.370388326816286,0.00010590980344950501,0.0,,,1.0,25.860646211083,0.000330394758511919,0.0,25.290464598292242,0.00027761355662159545,0.0,24.969447314299288,0.00031106467281984053,0.0,24.965366680052185,0.00045167041679066924,0.0,b'L2',72.0,1.092275167964626,1.6020172836979114,2.17219889648867,2.4932161804816246,2.4972968147287276,0.5097421157332853,1.0799237285240437,1.4009410125169985,1.4050216467641015,0.5701816127907584,0.8911988967837132,0.8952795310308161,0.3210172839929548,0.32509791824005774,0.004080634247102921
188,b'1348-2712',,,1.0,,,1.0,29.82147414124885,0.0015371262236020446,0.0,,,1.0,29.208874855740557,0.004875386993474294,0.0,28.35059363223548,0.0030638873134724446,0.0,27.617981331203175,0.0024056884780856254,0.0,27.39189647295044,0.0025847539217757763,0.0,b'L7',77.0,,,,,,0.612599285508292,1.4708805090133694,2.203492810045674,2.4295776682984105,0.8582812235050774,1.5908935245373819,1.8169783827901185,0.7326123010323045,0.9586971592850411,0.2260848582527366
189,b'1351-1015',,,1.0,29.105022386897733,0.0012051411973966343,0.0,28.356182314838723,0.000599704444945898,0.0,,,1.0,27.872541219101848,0.0016835724869689586,0.0,27.230325006297022,0.0015191338079340393,0.0,26.826923894854453,0.0012910147420512287,0.0,26.802999582502174,0.0019455937211013074,0.0,b'L2',72.0,0.7488400720590107,1.2324811677958856,1.8746973806007112,2.2780984920432807,2.302022804395559,0.48364109573687486,1.1258573085417005,1.52925841998427,1.5531827323365484,0.6422162128048257,1.0456173242473952,1.0695416365996735,0.4034011114425695,0.42732542379484784,0.02392431235227832
190,b'1359-0446',,,1.0,30.30354056752475,0.0020119526708686493,0.0,29.31838619908799,0.0008953487781306879,0.0,,,1.0,28.713174555084066,0.003167160137676928,0.0,28.002403766092925,0.0022587235942763796,0.0,27.538850040383522,0.002008562500785813,0.0,27.47678104912485,0.003550156484253607,0.0,b'L5',75.0,0.9851543684367599,1.5903660124406827,2.3011368014318236,2.7646905271412265,2.8267595183999,0.6052116440039228,1.3159824329950638,1.7795361587044667,1.84160514996314,0.710770788991141,1.1743245147005439,1.2363935059592173,0.4635537257094029,0.5256227169680763,0.06206899125867338
191,b'1400-1439',,,1.0,,,1.0,,,1.0,,,1.0,,,1.0,,,1.0,,,1.0,,,1.0,b'T2',82.0,,,,,,,,,,,,,,,
192,b'1402+1021',,,1.0,30.586573504911478,0.004374550820139957,0.0,28.73685147700384,0.0007492193931487585,0.0,,,1.0,28.105084281167247,0.0023663429493154297,0.0,27.547982643466895,0.0019100967623733118,0.0,27.736462553617333,0.0031445572331341974,0.0,28.208835883540946,0.0070714637821015685,0.0,b'T4',84.0,1.8497220279076387,2.48148922374423,3.0385908614445825,2.8501109512941447,2.3777376213705317,0.6317671958365914,1.1888688335369437,1.000388923386506,0.528015593462893,0.5571016377003524,0.3686217275499146,-0.1037516023736984,-0.18847991015043775,-0.6608532400740508,-0.47237332992361303
193,b'1408-4917',,,1.0,,,1.0,,,1.0,,,1.0,,,1.0,28.01089180777657,0.013649066116577489,0.0,28.276237728225453,0.016347947565534017,0.0,28.965977251975733,0.05534849528817259,0.0,b'T5',85.0,,,,,,,,,,,,,-0.2653459204488833,-0.9550854441991632,-0.6897395237502799
194,b'1411-4811',,,1.0,,,1.0,,,1.0,,,1.0,,,1.0,28.28684873898456,0.005064177898954621,0.0,28.727711278910448,0.009842701716007641,0.0,29.143351756651136,0.03393659911556319,0.0,b'T6',86.0,,,,,,,,,,,,,-0.4408625399258881,-0.8565030176665758,-0.4156404777406877
195,b'1412+3414',,,1.0,29.548441419489574,0.0008604858685345037,0.0,28.596559340478823,0.00038684504162767925,0.0,,,1.0,28.120562170266005,0.001376836071460274,0.0,27.63499022950148,0.0012999868328276733,0.0,27.351918146681953,0.0017660149198260703,0.0,27.334769476332426,0.0019877316415526,0.0,b'L2',72.0,0.9518820790107512,1.4278792492235688,1.9134511899880948,2.196523272807621,2.2136719431571485,0.4759971702128176,0.9615691109773437,1.2446411937968698,1.2617898641463974,0.48557194076452603,0.7686440235840521,0.7857926939335798,0.2830720828195261,0.3002207531690537,0.017148670349527606
196,b'1426-2703',,,1.0,29.128632524347452,0.0007451640299624586,0.0,28.088927820244717,0.0003227121008996436,0.0,,,1.0,27.560799969960836,0.0013811415833359158,0.0,26.901168324711993,0.0010981099556966053,0.0,26.51280746185062,0.001039339677207767,0.0,26.435193617005982,0.001399843819474498,0.0,b'L3',73.0,1.0397047041027356,1.5678325543866158,2.2274641996354596,2.6158250624968318,2.69343890734147,0.5281278502838802,1.187759495532724,1.5761203583940961,1.6537342032387343,0.6596316452488438,1.047992508110216,1.1256063529548541,0.38836086286137217,0.46597470770601035,0.07761384484463818
197,b'1428-0644',,,1.0,27.57452977730336,0.0007143073807846761,0.0,26.689459740197332,0.000413806097793193,0.0,,,1.0,26.256882560906128,0.0010789066469478778,0.0,25.713173588553623,0.0006361072196667354,0.0,25.358383724943607,0.0009546727861228882,0.0,25.448804132684188,0.0011405370268081085,0.0,b'L5',75.0,0.8850700371060292,1.3176472163972335,1.8613561887497383,2.216146052359754,2.1257256446191732,0.4325771792912043,0.9762861516437091,1.3310760152537249,1.240655607513144,0.5437089723525048,0.8984988359625206,0.8080784282219398,0.35478986361001574,0.26436945586943494,-0.0904204077405808
198,b'1437+6230',,,1.0,28.774355846008646,0.0009828877256268542,0.0,27.814852216982445,0.000502579434052692,0.0,,,1.0,27.40715507904703,0.0017977377324132722,0.0,26.962747740784035,0.0017326595181525973,0.0,26.756272711937015,0.002029639675063825,0.0,26.8501124100758,0.0030470103141852665,0.0,b'L4',74.0,0.9595036290262016,1.3672007669616164,1.811608105224611,2.018083134071631,1.9242434359328477,0.40769713793541484,0.8521044761984093,1.0585795050454294,0.9647398069066462,0.4444073382629945,0.6508823671100146,0.5570426689712313,0.20647502884702007,0.11263533070823684,-0.09383969813878323
199,b'1437-1023',,,1.0,28.68285224020754,0.0006406647765052851,0.0,27.70669094842827,0.0002690930033621843,0.0,,,1.0,27.176609569598575,0.000865743210859261,0.0,26.53386229672134,0.0007898650044591644,0.0,26.117749473369415,0.0007546507438676254,0.0,26.060282346789695,0.0008430846577879724,0.0,b'L2',72.0,0.9761612917792704,1.506242670608966,2.148989943486203,2.5651027668381268,2.6225698934178467,0.5300813788296956,1.1728286517069328,1.5889414750588564,1.6464086016385764,0.6427472728772372,1.0588600962291608,1.1163272228088807,0.41611282335192357,0.47357994993164354,0.057467126579719974
200,b'1454+4911',,,1.0,30.694385884151977,0.001590047764653738,0.0,29.515836441390633,0.0005066805739756193,0.0,,,1.0,29.028878564051467,0.0015782117901928388,0.0,28.358186978633817,0.0014466352728140209,0.0,27.84153824980082,0.0013076584280481184,0.0,27.796988138297213,0.0016017487031950912,0.0,b'L5',75.0,1.1785494427613443,1.6655073201005095,2.3361989055181596,2.852847634351157,2.8973977458547644,0.4869578773391652,1.1576494627568152,1.6742981915898127,1.71884830309342,0.6706915854176501,1.1873403142506476,1.231890425754255,0.5166487288329975,0.5611988403366048,0.044550111503607326
201,b'1457-1817',,,1.0,28.674909779659025,0.0007373386735933141,0.0,27.732533534912,0.0003107702721680113,0.0,,,1.0,27.255112204894004,0.000999369399823532,0.0,26.66533638924793,0.0008140531679576518,0.0,26.296074705190765,0.0009918110034555555,0.0,26.245138142770532,0.0010525940378848808,0.0,b'L1',71.0,0.9423762447470239,1.4197975747650204,2.009573390411095,2.3788350744682596,2.4297716368884927,0.4774213300179966,1.0671971456640712,1.4364588297212357,1.4873953921414689,0.5897758156460746,0.9590374997032391,1.0099740621234723,0.36926168405716453,0.4201982464773977,0.050936562420233145
202,b'1510-5249',,,1.0,,,1.0,,,1.0,,,1.0,,,1.0,26.84092626789244,0.0005199961285040324,0.0,26.22977957308884,0.00026160253731797244,0.0,25.991348508500888,0.0004731745766754428,0.0,b'L6',76.0,,,,,,,,,,,,,0.6111466948035975,0.8495777593915506,0.23843106458795305
203,b'1513+1824',,,1.0,30.188908599055864,0.0014843282848705707,0.0,29.242718449671884,0.0006748830182908191,0.0,,,1.0,28.819446873690552,0.002287677482207331,0.0,28.250728496564214,0.0016295598126477833,0.0,27.775958452631233,0.0018773390410488412,0.0,27.702194509659627,,0.0,b'L6',76.0,0.9461901493839804,1.369461725365312,1.9381801024916498,2.412950146424631,2.486714089396237,0.4232715759813317,0.9919899531076695,1.4667599970406506,1.5405239400122568,0.5687183771263378,1.043488421059319,1.117252364030925,0.47477004393298117,0.5485339869045873,0.07376394297160616
204,b'1514+3547',,,1.0,28.539779773800298,0.0005646092116575654,0.0,27.560204160087917,0.00026465737259983424,0.0,,,1.0,27.067922037152353,0.0009666054704265922,0.0,26.503454503981047,0.0006738981617060211,0.0,26.17499978794458,0.0007125114587077389,0.0,26.142334125974283,0.0010607951572255507,0.0,b'L2',72.0,0.979575613712381,1.4718577366479444,2.036325269819251,2.3647799858557192,2.3974456478260144,0.4922821229355634,1.05674965610687,1.3852043721433382,1.4178700341136334,0.5644675331713067,0.8929222492077749,0.92558791117807,0.32845471603646814,0.36112037800676333,0.03266566197029519
205,b'1515-0623',,,1.0,,,1.0,,,1.0,,,1.0,,,1.0,,,1.0,,,1.0,,,1.0,b'T3',83.0,,,,,,,,,,,,,,,
206,b'1523+4052',,,1.0,28.669038899151197,0.000624589091520309,0.0,27.671552355928487,0.0002759224726066836,0.0,,,1.0,27.168155929537015,0.0008679904434600361,0.0,26.605344105522818,0.000778617868526571,0.0,26.26823647685296,0.0008225791257682835,0.0,26.23415557096919,,0.0,b'L2',72.0,0.9974865432227098,1.5008829696141817,2.063694793628379,2.400802422298238,2.434883328182007,0.5033964263914719,1.0662082504056691,1.403315879075528,1.4373967849592972,0.5628118240141973,0.8999194526840562,0.9340003585678254,0.3371076286698589,0.3711885345536281,0.03408090588376922
207,b'1525-0831',,,1.0,29.513928054263747,0.0009831507894022056,0.0,28.43454978177966,0.00047841055708647273,0.0,,,1.0,27.884067399551302,0.0015969122920077258,0.0,27.187401020824083,0.0012189316575972687,0.0,26.726024764964205,0.00107013924136383,0.0,26.655866978784132,0.0015408073201410993,0.0,b'L6',76.0,1.0793782724840888,1.629860654712445,2.326527033439664,2.7879032892995426,2.8580610754796147,0.5504823822283562,1.2471487609555751,1.7085250168154538,1.778682802995526,0.6966663787272189,1.1580426345870976,1.2282004207671697,0.4613762558598786,0.5315340420399508,0.07015778618007218
208,b'1527-0341',,,1.0,28.841578415686445,0.0005679582176272938,0.0,28.10408943627733,0.0003038246083703209,0.0,,,1.0,27.63491526012406,0.0010022894055580398,0.0,27.05858682931071,0.0009504653302663668,0.0,26.73161978623728,0.0011679409936759247,0.0,26.696773111628023,0.0016135103160753873,0.0,b'L2',72.0,0.7374889794091146,1.206663155562385,1.7829915863757364,2.1099586294491637,2.1448053040584227,0.4691741761532704,1.0455026069666218,1.372469650040049,1.4073163246493081,0.5763284308133514,0.9032954738867787,0.9381421484960377,0.3269670430734273,0.36181371768268633,0.034846674609259054
209,b'1536-0210',,,1.0,30.294040574178368,0.001628612017755473,0.0,29.206072702749907,0.0005332632350401242,0.0,,,1.0,28.760522630212147,0.0018854936813450475,0.0,28.188366481220907,0.0016782466608402473,0.0,27.699081376712698,0.0015694325268815704,0.0,27.724807756820343,,0.0,b'L9',79.0,1.0879678714284609,1.5335179439662205,2.105674092957461,2.59495919746567,2.5692328173580243,0.4455500725377597,1.017706221529,1.506991326037209,1.4812649459295635,0.5721561489912403,1.0614412534994493,1.0357148733918038,0.48928510450820895,0.46355872440056345,-0.025726380107645497
210,b'1548-0622',,,1.0,28.436208245683297,0.0006094485146892318,0.0,27.73966455610691,0.0002107416438049747,0.0,,,1.0,27.319816481661782,0.0007084616605957849,0.0,26.74446909222116,0.0004951016094950608,0.0,26.345053297787324,0.0006191768815119936,0.0,26.347501315207367,0.0005972870312646581,0.0,b'L2',72.0,0.6965436895763872,1.1163917640215146,1.6917391534621373,2.091154947895973,2.0887069304759294,0.4198480744451274,0.9951954638857501,1.3946112583195855,1.3921632408995421,0.5753473894406227,0.9747631838744582,0.9723151664544147,0.39941579443383546,0.39696777701379204,-0.0024480174200434135
211,b'1551-1315',,,1.0,30.058216917874333,0.0013478918456370397,0.0,29.10119307090337,0.0007344606747759858,0.0,,,1.0,28.588700382799313,0.0019251984509527423,0.0,27.963928801537072,0.0016228355562073109,0.0,27.58367006856806,0.0014895859849112958,0.0,27.507504419816826,0.002105970043969633,0.0,b'L4',74.0,0.9570238469709622,1.4695165350750194,2.0942881163372604,2.4745468493062717,2.550712498057507,0.5124926881040572,1.1372642693662982,1.5175230023353095,1.593688651086545,0.624771581262241,1.0050303142312522,1.0811959629824877,0.38025873296901125,0.4564243817202467,0.07616564875123544
212,b'1551-4611',,,1.0,,,1.0,,,1.0,,,1.0,,,1.0,25.852239524753532,0.0005609221864174143,0.0,25.660665553137513,0.000646329217539277,0.0,25.655097324623384,0.0016320255871854995,0.0,b'L1',71.0,,,,,,,,,,,,,0.19157397161601963,0.19714220013014838,0.005568228514128748
213,b'1553-0254',,,1.0,29.340290163336682,0.0014827468319242717,0.0,28.385111659663306,,0.0,,,1.0,27.784032085249496,,0.0,26.73405158568471,,0.0,26.040868510095766,,0.0,25.79244461145146,0.0008860729022750707,0.0,,,0.9551785036733769,1.5562580780871862,2.606238577651972,3.299421653240916,3.5478455518852208,0.6010795744138093,1.651060073978595,2.3442431495675393,2.592667048211844,1.0499804995647857,1.74316357515373,1.9915874737980346,0.6931830755889443,0.9416069742332489,0.24842389864430459
214,b'1603+6207',,,1.0,29.55207159555392,0.0015225677694314958,0.0,28.527017034155676,0.0007263150332362238,0.0,,,1.0,28.01626623390262,0.002613421993998794,0.0,27.4514646026375,0.002066199213911803,0.0,27.163567875407946,0.0024649499263486286,0.0,27.177811150256908,0.002748906531451236,0.0,b'L4',74.0,1.0250545613982425,1.535805361651299,2.1006069929164184,2.388503720145973,2.3742604452970113,0.5107508002530565,1.075552431518176,1.3634491587477306,1.3492058838987688,0.5648016312651194,0.8526983584946741,0.8384550836457123,0.2878967272295547,0.2736534523805929,-0.014243274848961818
215,b'1606-1032',,,1.0,,,1.0,,,1.0,,,1.0,,,1.0,28.653919556172944,0.0006488221766407395,0.0,28.24839643310236,0.0007372174238802972,0.0,28.29320317633208,0.0009832841171629602,0.0,b'L5',75.0,,,,,,,,,,,,,0.4055231230705836,0.3607163798408628,-0.04480674322972078
216,b'1608-3604',,,1.0,,,1.0,,,1.0,,,1.0,,,1.0,30.673234665867287,0.0029247358386071116,0.0,31.36516942960819,0.006500954260124955,0.0,33.58750975667879,0.12834192076835227,0.0,b'T6',86.0,,,,,,,,,,,,,-0.6919347637409032,-2.914275090811504,-2.222340327070601
217,b'1625+7749',,,1.0,,,1.0,,,1.0,,,1.0,,,1.0,28.356884951486396,0.0013894374073966393,0.0,28.131976134075643,0.000754327535611434,0.0,27.988082315895824,0.0006098330412434598,0.0,b'L5',75.0,,,,,,,,,,,,,0.22490881741075341,0.3688026355905727,0.14389381817981928
218,b'1628+0340',,,1.0,,,1.0,,,1.0,,,1.0,,,1.0,,,1.0,,,1.0,,,1.0,b'T6',86.0,,,,,,,,,,,,,,,
219,b'1638-0742',,,1.0,,,1.0,,,1.0,,,1.0,,,1.0,28.882357668379484,0.007842407639987191,0.0,29.167530403356317,0.009760236168819193,0.0,30.070878837718848,0.043691542266861186,0.0,b'T7',87.0,,,,,,,,,,,,,-0.2851727349768325,-1.1885211693393636,-0.9033484343625311
220,b'1639-3401',,,1.0,,,1.0,,,1.0,,,1.0,,,1.0,27.73895145054989,0.0011454069909786586,0.0,27.306237705011533,0.0006497162071532872,0.0,27.396824240846,0.0005171752280105819,0.0,b'T0',80.0,,,,,,,,,,,,,0.43271374553835784,0.34212720970388943,-0.0905865358344684
221,b'1641-1719',,,1.0,29.526031505250533,0.0008671045338233673,0.0,28.501174713740994,0.00032490827648045377,0.0,,,1.0,28.025935302949563,0.0012069866829177787,0.0,27.403739132555316,0.0008402099985207252,0.0,26.960968877341614,0.0008839821012433934,0.0,26.90114897858068,0.0010626379004178865,0.0,b'L6',76.0,1.0248567915095386,1.5000962023009698,2.1222923726952168,2.565062627908919,2.624882526669854,0.4752394107914313,1.0974355811856782,1.5402058363993802,1.6000257351603153,0.6221961703942469,1.064966425607949,1.124786324368884,0.44277025521370206,0.5025901539746371,0.059819898760935075
222,b'1649+2822',,,1.0,27.731572313932652,0.00022865800702194476,0.0,26.88476496897939,0.00011563829759427677,0.0,,,1.0,26.456356005458375,0.00037597480134598355,0.0,25.948866483994266,0.0002999570493659945,0.0,25.65430425912399,0.0003219169183048774,0.0,25.69274251417667,0.0004848294672412259,0.0,b'L1',71.0,0.8468073449532625,1.2752163084742776,1.7827058299383864,2.0772680548086626,2.038829799755984,0.4284089635210151,0.935898484985124,1.2304607098554001,1.1920224548027214,0.5074895214641089,0.802051746334385,0.7636134912817063,0.29456222487027617,0.25612396981759744,-0.03843825505267873
223,b'1656-1422',,,1.0,27.559810635254195,0.0013558979160325107,0.0,26.69716006100956,0.00034241470012812516,0.0,,,1.0,26.27527087574547,0.001195504975375477,0.0,25.787042433416417,0.0006164160469751962,0.0,25.476388269148195,0.0005909182909677283,0.0,25.504392399949865,,0.0,b'L1',71.0,0.8626505742446362,1.284539759508725,1.7727682018377777,2.0834223661059994,2.05541823530433,0.4218891852640887,0.9101176275931415,1.2207717918613632,1.192767661059694,0.4882284423290528,0.7988826065972745,0.7708784757956053,0.3106541642682217,0.2826500334665525,-0.02800413080166919
224,b'1659-3511',,,1.0,,,1.0,,,1.0,,,1.0,,,1.0,28.658615436282556,0.0005422467730057003,0.0,27.922812015713735,0.00035804759348331843,0.0,27.713359278747276,0.000536508110093783,0.0,b'L7',77.0,,,,,,,,,,,,,0.7358034205688213,0.9452561575352796,0.20945273696645827
225,b'1701-3630',,,1.0,,,1.0,,,1.0,,,1.0,,,1.0,27.35169684932231,0.002632602670279978,0.0,26.912722826246366,0.0012770535274634536,0.0,26.857452202543527,0.0014053903228925246,0.0,b'L5',75.0,,,,,,,,,,,,,0.4389740230759429,0.49424464677878177,0.05527062370283886
226,b'1716+0618',,,1.0,28.915600377330716,0.000992389808002102,0.0,28.030468744819803,0.00034929089600644594,0.0,,,1.0,27.538664156170654,0.0011259422067384265,0.0,26.887627505918523,0.0008504284166390825,0.0,26.509743316524414,0.0006249327086757027,0.0,26.428131019433142,,0.0,b'L1',71.0,0.8851316325109124,1.3769362211600615,2.0279728714121923,2.4058570608063015,2.4874693578975737,0.4918045886491491,1.1428412389012799,1.520725428295389,1.6023377253866613,0.6510366502521308,1.02892083964624,1.1105331367375122,0.37788418939410917,0.45949648648538144,0.08161229709127227
227,b'1721-0643',,,1.0,29.85348218432395,0.0011119357570883311,0.0,28.984040728599687,0.0004903386226530593,0.0,,,1.0,28.49673737555196,0.0015493897750803991,0.0,27.88172942330509,0.001309697631259211,0.0,27.55169218690925,0.0015952532947812491,0.0,27.478444010611533,,0.0,b'L2',72.0,0.8694414557242638,1.3567448087719924,1.9717527610188625,2.3017899974147014,2.3750381737124187,0.48730335304772865,1.1023113052945988,1.4323485416904376,1.5055967179881549,0.6150079522468701,0.9450451886427089,1.0182933649404262,0.3300372363958388,0.4032854126935561,0.0732481762977173
228,b'1722-4449',,,1.0,,,1.0,,,1.0,,,1.0,,,1.0,26.153611995668882,0.00014960281265485336,0.0,25.794922619621477,0.00011430067549591864,0.0,25.740171689016282,0.00020813444470086742,0.0,b'L4',74.0,,,,,,,,,,,,,0.3586893760474048,0.4134403066525998,0.05475093060519498
229,b'1725+1058',,,1.0,28.422386547624154,0.0002704794238721415,0.0,27.423767560115877,,0.0,,,1.0,27.00758492668768,,0.0,26.56828405634196,0.0004113371264440321,0.0,26.413717517610138,0.0004135025521688654,0.0,26.417683712140768,0.0007145041771409811,0.0,b'L0',70.0,0.9986189875082765,1.4148016209364727,1.8541024912821946,2.0086690300140155,2.0047028354833856,0.41618263342819617,0.8554835037739181,1.010050042505739,1.006083847975109,0.43930087034572196,0.5938674090775429,0.5899012145469129,0.1545665387318209,0.15060034420119095,-0.003966194530629963
230,b'1727-0111',,,1.0,,,1.0,,,1.0,,,1.0,,,1.0,26.483010815356312,0.00010778432556788985,0.0,26.135073764084225,8.006070458254705e-05,0.0,26.045255918400887,0.00014207353342192422,0.0,b'L4',74.0,,,,,,,,,,,,,0.34793705127208696,0.43775489695542547,0.0898178456833385
231,b'1734-4813',,,1.0,26.965709300947275,0.003966950152891926,0.0,25.82599672829595,0.0012063149560322956,0.0,,,1.0,25.124723648556994,0.002545257291662348,0.0,24.166586343067145,0.0009894294852453166,0.0,23.53303429441459,0.0005096116308343969,0.0,23.285811067234064,,0.0,,,1.139712572651323,1.8409856523902803,2.7991229578801295,3.4326750065326834,3.6798982337132102,0.7012730797389573,1.6594103852288065,2.2929624338813603,2.540185661061887,0.9581373054898492,1.591689354142403,1.83891258132293,0.6335520486525539,0.8807752758330807,0.2472232271805268
232,b'1745+3807B',,,1.0,30.151981690850057,0.0027187660084417864,0.0,29.50544805013501,0.002112302118304207,0.0,,,1.0,28.922193182907048,0.006042482584866215,0.0,28.12460874828986,0.003651685423684157,0.0,27.6126183699324,0.002687918486551355,0.0,27.537266851611903,0.004110938518211294,0.0,b'L6',76.0,0.6465336407150488,1.2297885079430095,2.0273729425601985,2.5393633209176585,2.614714839238154,0.5832548672279607,1.3808393018451497,1.8928296802026097,1.968181198523105,0.797584434617189,1.309574812974649,1.3849263312951443,0.51199037835746,0.5873418966779553,0.07535151832049536
233,b'1757+1142',,,1.0,,,1.0,,,1.0,,,1.0,,,1.0,27.073041884413964,0.0030715061139540865,0.0,26.95569010584137,0.0019209328115634323,0.0,26.847004961296904,0.0021720862427690594,0.0,,,,,,,,,,,,,,,0.11735177857259416,0.2260369231170607,0.10868514454446654
234,b'1757+5548',,,1.0,30.23891109785349,0.001969092225013728,0.0,28.775537365781272,0.0005313091409766428,0.0,,,1.0,28.329064184555666,0.00160833930119829,0.0,27.937356272388627,0.001879327859527171,0.0,27.68912140301316,0.0017842426453157654,0.0,28.1020722007499,0.004719471604534911,0.0,b'T2',82.0,1.4633737320722169,1.909846913297823,2.301554825464862,2.549789694840328,2.136838897103587,0.4464731812256062,0.8381810933926452,1.0864159627681111,0.6734651650313701,0.39170791216703904,0.639942781542505,0.2269919838057639,0.2482348693754659,-0.16471592836127513,-0.41295079773674104
235,b'1804-0420',,,1.0,29.560974206030245,0.0015282457280437608,0.0,28.785043097566216,0.0005209137540339159,0.0,,,1.0,28.327849938908294,0.0015414187131205653,0.0,27.47992290982893,0.001070154783807996,0.0,26.92538620465296,0.0007679164196862146,0.0,26.717820535216514,0.001065148755102171,0.0,,,0.7759311084640288,1.2331242671219513,2.0810512962013163,2.635588001377286,2.843153670813731,0.45719315865792254,1.3051201877372876,1.8596568929132573,2.067222562349702,0.847927029079365,1.4024637342553348,1.6100294036917795,0.5545367051759698,0.7621023746124145,0.20756566943644472
236,b'1805+5634',,,1.0,29.856454015316483,0.001451987498991834,0.0,28.949116653891352,0.0006274059078780037,0.0,,,1.0,28.526081748829995,0.0025892637810361707,0.0,28.02812381675213,0.002171936472998778,0.0,27.527226034151223,0.001819462202154004,0.0,27.560736148385224,0.003270210574486933,0.0,b'L5',75.0,0.9073373614251317,1.3303722664864885,1.8283301985643519,2.3292279811652605,2.295717866931259,0.4230349050613569,0.9209928371392202,1.4218906197401289,1.3883805055061273,0.4979579320778633,0.998855714678772,0.9653456004447705,0.5008977826009087,0.46738766836690715,-0.03351011423400152
237,b'1818-4841',,,1.0,,,1.0,29.879448810245872,0.0010026288887017933,0.0,,,1.0,28.96772572320831,0.0013752187144374882,0.0,28.016700774273634,0.00033425928147939806,0.0,27.191259203747755,9.821025667442078e-05,0.0,26.911299178649614,,0.0,b'L6',76.0,,,,,,0.9117230870375614,1.8627480359722384,2.688189606498117,2.9681496315962583,0.9510249489346769,1.7764665194605556,2.056426544558697,0.8254415705258786,1.10540159562402,0.27996002509814133
238,b'1819+6600',,,1.0,28.6048178702032,0.0015106596501601613,0.0,27.615892069945293,0.00042005510630994817,0.0,,,1.0,27.11642653227714,0.0011899491264783174,0.0,26.55620570283659,0.0008766267648360999,0.0,26.234877587709853,0.0006790068834693411,0.0,26.21156999602057,,0.0,b'L3',73.0,0.9889258002579062,1.4883913379260605,2.04861216736661,2.3699402824933458,2.3932478741826273,0.49946553766815427,1.0596863671087036,1.3810144822354395,1.404322073924721,0.5602208294405493,0.8815489445672853,0.9048565362565668,0.321328115126736,0.3446357068160175,0.023307591689281537
239,b'1831-5513',,,1.0,,,1.0,29.960095289576458,0.000630031270060883,0.0,,,1.0,,,1.0,27.96235336654464,0.00021346331752391292,0.0,27.001739473759272,6.12175872320088e-05,0.0,26.608529317226278,,0.0,b'L6',76.0,,,,,,,1.9977419230318176,2.9583558158171854,3.35156597235018,,,,0.9606138927853678,1.3538240493183622,0.3932101565329944
240,b'1835-7801',,,1.0,,,1.0,29.378900643295644,,0.0,,,1.0,,,1.0,27.781982200152072,0.0003217607240027253,0.0,27.000175269490523,0.0001072888170879883,0.0,26.79162407267933,0.000161070314283872,0.0,b'L6',76.0,,,,,,,1.5969184431435721,2.3787253738051213,2.5872765706163143,,,,0.7818069306615492,0.9903581274727422,0.20855119681119305
241,b'1836+0315',,,1.0,27.225249171202343,0.0005895177481591295,0.0,26.574643542082388,0.0001644459288839004,0.0,,,1.0,26.165917508222797,0.0006040364028239566,0.0,25.59823827489626,0.0004059361342893855,0.0,25.199174756895836,0.0004128184987916199,0.0,25.26077699708199,0.0007167014144037896,0.0,,,0.6506056291199549,1.0593316629795453,1.627010896306082,2.026074414306507,1.9644721741203526,0.4087260338595904,0.9764052671861272,1.375468785186552,1.3138665450003977,0.5676792333265368,0.9667427513269615,0.9051405111408073,0.3990635180004247,0.3374612778142705,-0.061602240186154233
242,b'1837+2103',,,1.0,28.517703087577097,8.153402383776695e-05,0.0,27.52964960701174,3.6180022972341276e-05,0.0,,,1.0,27.05133153253451,0.00012373944337445725,0.0,26.509829153728038,0.000155006972436403,0.0,26.189962116678636,0.00012181615816284719,0.0,26.181682848254905,0.0001708285620392493,0.0,b'L2',72.0,0.9880534805653554,1.4663715550425884,2.0078739338490585,2.3277409708984607,2.336020239322192,0.47831807447723307,1.0198204532837032,1.3396874903331053,1.3479667587568365,0.5415023788064701,0.8613694158558722,0.8696486842796034,0.3198670370494021,0.3281463054731333,0.008279268423731168
243,b'1848-8757',,,1.0,,,1.0,29.126040536413882,0.0016865976690111223,0.0,,,1.0,,,1.0,27.923753871003605,0.0009127950052997147,0.0,27.112884950405913,0.0002766370267929454,0.0,26.783100974476213,0.0006605367423933803,0.0,b'L6',76.0,,,,,,,1.202286665410277,2.0131555860079686,2.342939561937669,,,,0.8108689205976916,1.140652896527392,0.32978397592970055
244,b'1853-5406',,,1.0,,,1.0,,,1.0,,,1.0,,,1.0,27.068065100740554,0.015174659950167911,0.0,27.379016988883205,0.02261881612312772,0.0,28.077367920381846,0.059736418764418445,0.0,b'T5',85.0,,,,,,,,,,,,,-0.3109518881426503,-1.0093028196412916,-0.6983509314986414
245,b'1904-3726',,,1.0,,,1.0,,,1.0,,,1.0,,,1.0,28.111711957356405,0.0035631369684497264,0.0,27.01175281290364,0.0014423428054523876,0.0,26.49762587120831,0.0016703590845716242,0.0,,,,,,,,,,,,,,,1.0999591444527645,1.6140860861480952,0.5141269416953307
246,b'1915+4149',,,1.0,29.60947339593919,0.000742947925822511,0.0,28.62409695151274,0.0003342481091890754,0.0,,,1.0,28.183450241887464,0.001194745209413704,0.0,27.733537248850865,0.001061198087946759,0.0,27.44908778390547,0.0011199774451807582,0.0,27.605375931923575,0.001941343050729613,0.0,b'L5',75.0,0.9853764444264499,1.4260231540517267,1.875936147088325,2.1603856120337213,2.004097464015615,0.44064670962527686,0.890559702661875,1.1750091676072714,1.0187210195891652,0.44991299303659815,0.7343624579819945,0.5780743099638883,0.28444946494539636,0.12816131692729016,-0.1562881480181062
247,b'1924-4149',,,1.0,,,1.0,29.45269062521823,,0.0,,,1.0,,,1.0,27.738876298591578,0.00021921430555089857,0.0,26.919035049073447,7.684516878285704e-05,0.0,26.6308371191676,0.00011790291099653389,0.0,b'L6',76.0,,,,,,,1.713814326626654,2.5336555761447848,2.82185350605063,,,,0.8198412495181309,1.108039179423976,0.28819792990584503
248,b'1927+0038',,,1.0,,,1.0,29.782401728154664,0.0008764407440852255,0.0,,,1.0,29.265164775264815,0.002743183680844465,0.0,28.823690378455375,0.002193781540590097,0.0,28.626946582813968,0.0024500138168144564,0.0,29.115352421810666,0.006265348070997634,0.0,b'T1',81.0,,,,,,0.5172369528898493,0.9587113496992892,1.1554551453406958,0.6670493063439977,0.4414743968094399,0.6382181924508465,0.14981235345414845,0.19674379564140665,-0.29166204335529144,-0.4884058389966981
249,b'1931-0143',,,1.0,30.132000323999666,0.0013275194618431441,0.0,29.0863557277317,0.00045048094342064934,0.0,,,1.0,28.669012943035636,0.001972708780655005,0.0,28.208825585116646,0.001741903896502873,0.0,27.9523101036444,0.00175073710716437,0.0,28.113429555096747,0.003389379901671861,0.0,b'L7',77.0,1.045644596267966,1.4629873809640301,1.92317473888302,2.1796902203552655,2.0185707689029186,0.41734278469606423,0.8775301426150541,1.1340456240872996,0.9729261726349527,0.4601873579189899,0.7167028393912354,0.5555833879388885,0.25651548147224545,0.0953960300198986,-0.16111945145234685
250,b'1947+1035',,,1.0,28.058604405699704,0.0003528484363780311,0.0,27.067536336179735,0.00013448707304826552,0.0,,,1.0,26.59388690376776,0.0004276908825880198,0.0,26.103550748550248,0.0004530704303178604,0.0,25.867322084979946,0.0004137603845665251,0.0,25.873421625195178,0.000657226859120554,0.0,b'L1',71.0,0.9910680695199687,1.4647175019319434,1.9550536571494561,2.1912823207197576,2.185182780504526,0.47364943241197466,0.9639855876294874,1.2002142511997889,1.1941147109845573,0.4903361552175127,0.7265648187878142,0.7204652785725827,0.23622866357030148,0.23012912335506996,-0.006099540215231514
251,b'1951-1348',,,1.0,,,1.0,,,1.0,,,1.0,,,1.0,27.29275507585236,0.000457287182962145,0.0,27.388850259799185,0.00041457214616690257,0.0,27.753272153218283,0.0005815193129055026,0.0,b'T4',84.0,,,,,,,,,,,,,-0.09609518394682581,-0.4605170773659246,-0.3644218934190988
252,b'2001-4106',,,1.0,,,1.0,29.347346150281055,0.0002390807741468599,0.0,,,1.0,,,1.0,27.67240786730479,9.351802920308228e-05,0.0,26.725929423916735,2.6933341967365694e-05,0.0,26.362483722375778,4.681415920838275e-05,0.0,b'L6',76.0,,,,,,,1.6749382829762638,2.6214167263643198,2.984862427905277,,,,0.946478443388056,1.3099241449290133,0.36344570154095734
253,b'2003-1422',,,1.0,28.10040492260224,0.00033593013647233833,0.0,27.161866215236927,,0.0,,,1.0,26.725223211879747,,0.0,26.2126366391498,,0.0,25.99779260583295,0.000526745480331656,0.0,25.96639270198199,0.0008660199823471957,0.0,b'L0',70.0,0.9385387073653142,1.3751817107224937,1.8877682834524414,2.1026123167692923,2.1340122206202494,0.43664300335717954,0.9492295760871272,1.164073609403978,1.1954735132549352,0.5125865727299477,0.7274306060467985,0.7588305098977557,0.21484403331685087,0.246243937167808,0.031399903850957145
254,b'2012+7017',,,1.0,,,1.0,,,1.0,,,1.0,,,1.0,25.082565245498664,0.0010326129231070182,0.0,25.259105987245643,0.0008701957776337377,0.0,25.68996630401933,0.001353063141953473,0.0,b'T4',84.0,,,,,,,,,,,,,-0.17654074174697953,-0.6074010585206651,-0.4308603167736855
255,b'2021+1524',,,1.0,,,1.0,,,1.0,,,1.0,,,1.0,27.952161131234096,2.6622957737929687e-05,0.0,27.62628494185934,1.8293286622024345e-05,0.0,27.792517821858432,1.5148362014823693e-05,0.0,b'T0',80.0,,,,,,,,,,,,,0.3258761893747568,0.15964330937566373,-0.16623287999909309
256,b'2024+0140',,,1.0,28.406380853329697,0.00033207894784803457,0.0,27.410772479595714,0.0001249131372059273,0.0,,,1.0,26.958231825603715,0.0007871564497770359,0.0,26.450469134057663,0.0005439789648441081,0.0,26.25060647284267,0.0004163220427667945,0.0,26.282959739158386,0.0006054839394803505,0.0,b'L2',72.0,0.9956083737339831,1.4481490277259823,1.9559117192720343,2.1557743804870277,2.123421114171311,0.45254065399199916,0.9603033455380512,1.1601660067530446,1.127812740437328,0.507762691546052,0.7076253527610454,0.6752720864453288,0.1998626612149934,0.16750939489927674,-0.03235326631571667
257,b'2034+4708',,,1.0,,,1.0,,,1.0,,,1.0,,,1.0,26.325520300239184,2.801328440319706e-06,0.0,26.050365998979007,1.9515575486659333e-06,0.0,26.023906984975476,2.2310110276243334e-06,0.0,b'L2',72.0,,,,,,,,,,,,,0.2751543012601765,0.30161331526370816,0.026459014003531678
258,b'2043-6153',,,1.0,,,1.0,28.88043028745581,0.004061707777467888,0.0,,,1.0,,,1.0,27.5351001318073,0.002520204709747641,0.0,26.807579367686397,,0.0,26.555635815329673,,0.0,b'L6',76.0,,,,,,,1.345330155648508,2.0728509197694116,2.324794472126136,,,,0.7275207641209036,0.9794643164776282,0.2519435523567246
259,b'2049-7456',,,1.0,,,1.0,,,1.0,,,1.0,,,1.0,,,1.0,,,1.0,,,1.0,,,,,,,,,,,,,,,,,
260,b'2052+0538',,,1.0,33.86157325804331,0.0060910193214568946,0.0,31.85364223429826,0.0010166116022422194,0.0,,,1.0,31.405659026811513,0.0033945693704664137,0.0,30.867096448447214,0.0027539032473463147,0.0,30.45131460375092,0.002475633169709299,0.0,30.588302889381723,0.003974018923182116,0.0,b'T1',81.0,2.007931023745048,2.4559142312317945,2.994476809596094,3.410258654292388,3.273270368661585,0.4479832074867467,0.986545785851046,1.4023276305473402,1.265339344916537,0.5385625783642993,0.9543444230605935,0.8173561374297904,0.4157818446962942,0.2787935590654911,-0.13698828563080312
261,b'2053+3319B',,,1.0,28.90452286109425,0.0019239778101584279,0.0,27.91999669297814,0.0006058008054819452,0.0,,,1.0,27.415917769717733,0.0019410924424439996,0.0,26.820818870291106,,0.0,26.523075748158437,,0.0,26.524962039357163,0.0019244455534122478,0.0,b'L4',74.0,0.9845261681161119,1.4886050913765168,2.0837039908031443,2.3814471129358132,2.379560821737087,0.5040789232604048,1.0991778226870323,1.3969209448197013,1.395034653620975,0.5950988994266275,0.8928420215592965,0.8909557303605702,0.29774312213266896,0.29585683093394266,-0.0018862911987262976
262,b'2055+0216',,,1.0,32.07329626004682,0.010888578476844428,0.0,31.200387536973416,0.0013514169409222637,0.0,,,1.0,30.68449748407336,0.004031321210022004,0.0,30.14583038794694,0.003568076477417937,0.0,30.41785875740541,0.008069635750227176,0.0,30.86428283132807,0.016689456584939654,0.0,b'T5',85.0,0.872908723073401,1.3887987759734557,1.9274658720998765,1.6554375026414085,1.2090134287187482,0.5158900529000547,1.0545571490264756,0.7825287795680076,0.3361047056453472,0.5386670961264208,0.26663872666795285,-0.17978534725470752,-0.272028369458468,-0.7184524433811283,-0.44642407392266037
263,b'2055+8551',,,1.0,,,1.0,,,1.0,,,1.0,,,1.0,28.368476090844553,0.0003883392864543149,0.0,27.743049974751965,0.00018613858096370387,0.0,27.46543524338817,0.0001003450043968428,0.0,b'L7',77.0,,,,,,,,,,,,,0.6254261160925871,0.9030408474563814,0.2776147313637942
264,b'2056-0850',,,1.0,,,1.0,,,1.0,,,1.0,,,1.0,28.83595597663318,0.0016866116453615656,0.0,28.355168916864567,,0.0,27.998914426629554,,0.0,b'L4',74.0,,,,,,,,,,,,,0.4807870597686126,0.8370415500036259,0.3562544902350133
265,b'2116+1555',,,1.0,28.674820789033845,0.0006806904864547243,0.0,27.74796979834794,0.0002716394106018091,0.0,,,1.0,27.25549975790453,0.0007509890801710862,0.0,26.659464184304724,0.0006747608964562894,0.0,26.317674845008533,0.0006369732033090149,0.0,26.25079603322675,0.0009060350183145154,0.0,b'L4',74.0,0.9268509906859066,1.4193210311293143,2.0153566047291207,2.357145944025312,2.424024755807096,0.4924700404434077,1.088505614043214,1.4302949533394056,1.4971737651211896,0.5960355735998064,0.9378249128959979,1.004703724677782,0.3417893392961915,0.4086681510779755,0.06687881178178401
266,b'2119+2315',,,1.0,28.16855537246478,0.0002189134448757219,0.0,27.280354838118875,9.948745415292844e-05,0.0,,,1.0,26.84193291074621,0.00040373684419218157,0.0,26.32622777129049,0.0003615015115866316,0.0,26.088157785522753,0.00027752747637211213,0.0,26.095376173379258,0.0004055655746521536,0.0,b'L1',71.0,0.8882005343459056,1.3266224617185713,1.84232760117429,2.080397586942027,2.073179199085523,0.4384219273726657,0.9541270668283843,1.1921970525961214,1.1849786647396172,0.5157051394557186,0.7537751252234557,0.7465567373669515,0.23806998576773708,0.2308515979112329,-0.007218387856504194
267,b'2128-0815',,,1.0,,,1.0,,,1.0,,,1.0,,,1.0,29.364502488568647,0.0016136336120573767,0.0,29.29033120706881,0.0013477589551940336,0.0,29.669543642092606,0.001999663899291242,0.0,b'T2',82.0,,,,,,,,,,,,,0.07417128149983654,-0.305041153523959,-0.37921243502379554
268,b'2134+3838',,,1.0,27.936955421366704,0.0031626709364995635,0.0,26.957774782948324,0.00047025667560425993,0.0,,,1.0,26.413882711347295,0.0017720091090323666,0.0,25.76842246439712,0.001408847143929262,0.0,25.385663704597384,0.0011800537820354235,0.0,25.30010730608781,0.0015510447435121328,0.0,b'L4',74.0,0.9791806384183808,1.5230727100194095,2.1685329569695853,2.5512917167693203,2.6368481152788945,0.5438920716010287,1.1893523185512045,1.5721110783509396,1.6576674768605137,0.6454602469501758,1.0282190067499108,1.113775405259485,0.38275875979973506,0.46831515830930925,0.0855563985095742
269,b'2134+4853',,,1.0,29.53110371720505,0.0015520006104914055,0.0,28.617201140929375,0.0007882272021159004,0.0,,,1.0,28.12618366552144,0.002630989941228297,0.0,27.485695451507006,0.002068295671830951,0.0,27.122805943494342,0.0020619444583168515,0.0,27.072717060809154,0.0036878958642754737,0.0,b'L2',72.0,0.9139025762756745,1.4049200516836073,2.0454082656980432,2.408297773710707,2.458386656395895,0.49101747540793284,1.1315056894223687,1.4943951974350327,1.5444840801202204,0.6404882140144359,1.0033777220270998,1.0534666047122876,0.36288950801266395,0.4129783906978517,0.05008888268518774
270,b'2138-3138',,,1.0,,,1.0,,,1.0,,,1.0,,,1.0,29.291665647675046,0.014390272033162404,0.0,29.956038067852695,0.020845349865093347,0.0,31.308916519544645,0.06763191777706508,0.0,b'T8',88.0,,,,,,,,,,,,,-0.6643724201776493,-2.0172508718695994,-1.35287845169195
271,b'2140-6402',,,1.0,,,1.0,29.716481757719123,0.0009047115448545157,0.0,,,1.0,,,1.0,27.917256631366726,0.00032417780922025063,0.0,27.039549003066682,9.596140325107736e-05,0.0,26.703208919041863,0.00016327223603006835,0.0,b'L6',76.0,,,,,,,1.7992251263523968,2.676932754652441,3.01327283867726,,,,0.877707628300044,1.214047712324863,0.33634008402481896
272,b'2141-0246',,,1.0,,,1.0,29.502911491564806,0.0006317818402330535,0.0,,,1.0,,,1.0,28.277769489637706,0.001632196961488372,0.0,27.882433838897924,0.00164290966524794,0.0,27.771713784305412,0.0021918859060704376,0.0,b'L5',75.0,,,,,,,1.2251420019271002,1.6204776526668816,1.731197707259394,,,,0.3953356507397814,0.5060557053322938,0.11072005459251244
273,b'2145+2352',,,1.0,,,1.0,,,1.0,,,1.0,,,1.0,29.703239719020118,0.0037359062169701816,0.0,30.221566594037537,0.004982081711063767,0.0,30.510876748390714,0.014013175978073548,0.0,b'T7',87.0,,,,,,,,,,,,,-0.5183268750174186,-0.8076370293705963,-0.28931015435317775
274,b'2146-2408',,,1.0,28.638305569127347,0.001357425572061982,0.0,27.738555620595875,,0.0,,,1.0,27.260389788603355,,0.0,26.660861521358523,0.0012879467275446232,0.0,26.35835030636114,0.0013511035806438715,0.0,26.31412316973362,0.002177838410457496,0.0,b'L3',73.0,0.8997499485314719,1.3779157805239919,1.9774440477688238,2.279955262766208,2.3241823993937274,0.47816583199251994,1.0776940992373518,1.3802053142347361,1.4244324508622555,0.5995282672448319,0.9020394822422162,0.9462666188697355,0.3025112149973843,0.34673835162490363,0.044227136627519315
275,b'2150-7520',,,1.0,,,1.0,,,1.0,,,1.0,,,1.0,26.77517889241266,0.005249397536562362,0.0,27.118669601039397,0.0078036609937734945,0.0,27.70719414066232,0.019724818747000068,0.0,b'T8',88.0,,,,,,,,,,,,,-0.34349070862673514,-0.9320152482496589,-0.5885245396229237
276,b'2157-3243',,,1.0,32.41778141184566,0.008216463179466223,0.0,30.945471000727608,0.0022098090914703015,0.0,,,1.0,30.437613257349774,0.008303574496574442,0.0,29.76381473444058,0.006688610828087576,0.0,29.558688895140758,0.008022333183899546,0.0,29.805030341495286,0.01954934350943194,0.0,b'T2',82.0,1.4723104111180518,1.9801681544958853,2.65396667740508,2.8590925167049015,2.612751070350374,0.5078577433778335,1.1816562662870282,1.3867821055868497,1.140440659232322,0.6737985229091947,0.8789243622090162,0.6325829158544884,0.20512583929982142,-0.04121560705470628,-0.2463414463545277
277,b'2202-2732',,,1.0,28.560246032180192,0.0022246250315725966,0.0,27.609539879624627,0.0007900989763393948,0.0,,,1.0,27.106208509242773,0.0018941468105151777,0.0,26.461118886246364,0.0015549249268484082,0.0,26.148142068013325,0.0011635018268829535,0.0,26.07563959881122,0.002012708751632255,0.0,b'L2',72.0,0.9507061525555649,1.4540375229374192,2.099127145933828,2.4121039641668673,2.4846064333689704,0.5033313703818543,1.148420993378263,1.4613978116113024,1.5339002808134055,0.6450896229964087,0.9580664412294482,1.0305689104315512,0.31297681823303947,0.3854792874351425,0.07250246920210301
278,b'2218+1146',,,1.0,,,1.0,,,1.0,,,1.0,,,1.0,27.77111759082189,0.0020606050257218214,0.0,28.401070431072508,0.00246572397618999,0.0,28.815148587495635,0.0060808354213257795,0.0,b'T6',86.0,,,,,,,,,,,,,-0.6299528402506169,-1.0440309966737438,-0.41407815642312684
279,b'2229+3118',,,1.0,29.94129483594285,0.0016348401743592862,0.0,29.040463432734192,0.0006974182156211303,0.0,,,1.0,28.558617038282236,0.002007499210669315,0.0,28.029464928644646,0.0015322278964792196,0.0,27.74437142626295,0.0015925517413018112,0.0,27.779109348217027,0.0023373882862285193,0.0,b'L4',74.0,0.900831403208656,1.3826777976606124,1.911829907298202,2.196923409679897,2.1621854877258215,0.48184639445195643,1.010998504089546,1.2960920064712411,1.2613540845171656,0.5291521096375895,0.8142456120192847,0.7795076900652091,0.2850935023816952,0.25035558042761963,-0.034737921954075546
280,b'2239-6842',,,1.0,,,1.0,29.165340054110423,0.001593156486159479,0.0,,,1.0,,,1.0,27.402315975728712,0.0008953212225820904,0.0,26.52867603910544,0.00024273720370818853,0.0,26.095291022128777,0.0010123154075302773,0.0,b'L6',76.0,,,,,,,1.7630240783817115,2.636664015004982,3.0700490319816467,,,,0.8736399366232703,1.3070249535999352,0.43338501697666487
281,b'2243-1606',,,1.0,,,1.0,,,1.0,,,1.0,,,1.0,27.65133296544157,0.0004974077664112091,0.0,27.639148647400727,0.00045899945265165295,0.0,28.00478404001948,0.0008617949722274748,0.0,b'T4',84.0,,,,,,,,,,,,,0.012184318040841191,-0.3534510745779116,-0.3656353926187528
282,b'2246-0609',,,1.0,,,1.0,26.8896360439999,0.0006766609440598361,0.0,,,1.0,,,1.0,25.78424198706268,0.0010250502874358804,0.0,25.440678150343846,0.0008362280069709356,0.0,25.358981830958367,0.0013979696648129562,0.0,b'L1',71.0,,,,,,,1.1053940569372216,1.448957893656054,1.530654213041533,,,,0.3435638367188325,0.42526015610431145,0.08169631938547894
283,b'2248-6244',,,1.0,,,1.0,,,1.0,,,1.0,,,1.0,27.728910522201566,0.000979731191550227,0.0,26.937311520307663,0.0003436076917066358,0.0,26.643562804199163,0.0004934552960547271,0.0,b'L6',76.0,,,,,,,,,,,,,0.7915990018939034,1.085347718002403,0.2937487161084995
284,b'2251-4607',,,1.0,,,1.0,27.542249947802425,0.0010944713585354319,0.0,,,1.0,27.2940967301787,0.0035329623350318167,0.0,27.10212094533782,0.0014513903479614813,0.0,27.42497311970663,0.0011656034379907186,0.0,27.880432550079703,0.002997460679370637,0.0,b'L3',73.0,,,,,,0.24815321762372378,0.4401290024646052,0.1172768280957932,-0.3381826022772785,0.1919757848408814,-0.13087638952793057,-0.5863358199010023,-0.322852174368812,-0.7783116047418837,-0.4554594303730717
285,b'2314+6939',,,1.0,28.43537902449134,0.0007880751210133025,0.0,27.355177628032138,0.00032015884045564737,0.0,,,1.0,26.881998911274735,0.0009654415553979645,0.0,26.309906617016093,0.001121378348488527,0.0,25.845955737370584,0.0006672933926113256,0.0,25.859710501611538,0.0009650708787561204,0.0,b'L9',79.0,1.080201396459202,1.5533801132166047,2.1254724074752467,2.5894232871207556,2.575668522879802,0.47317871675740264,1.0452710110160446,1.5092218906615535,1.4954671264205999,0.5720922942586419,1.036043173904151,1.0222884096631972,0.46395087964550896,0.4501961154045553,-0.013754764240953676
286,b'2324+5035',,,1.0,,,1.0,28.962614518779482,0.0007584534178806908,0.0,,,1.0,,,1.0,27.696007643926958,0.0019117811313461484,0.0,27.1445592970997,0.0018754469355341042,0.0,27.01520706306104,0.002115760295850005,0.0,b'L5',75.0,,,,,,,1.266606874852524,1.8180552216797814,1.9474074557184409,,,,0.5514483468272573,0.6808005808659168,0.12935223403865947
287,b'2332-3018',,,1.0,,,1.0,,,1.0,,,1.0,,,1.0,28.78976063685295,0.007797478327292094,0.0,28.996059899829696,0.0073111408914238235,0.0,29.247093088691308,0.018330319287994137,0.0,b'T5',85.0,,,,,,,,,,,,,-0.20629926297674572,-0.4573324518383579,-0.2510331888616122
288,b'2335+0142',,,1.0,,,1.0,,,1.0,,,1.0,,,1.0,30.051818691123557,0.014166015018644484,0.0,30.049340384279198,0.009765032713987463,0.0,30.56860030939592,0.018381376245581952,0.0,,,,,,,,,,,,,,,0.002478306844359679,-0.5167816182723612,-0.5192599251167209
289,b'2338-3854',,,1.0,29.757574255579016,0.00169657099421441,0.0,28.47905962386424,0.0006059011133778464,0.0,,,1.0,28.06804687266021,0.0025343659617299195,0.0,27.581744719788134,0.0018955743650306877,0.0,27.16552644493565,0.0022939600666863342,0.0,27.320708594189846,0.004062424922841706,0.0,b'T0',80.0,1.2785146317147742,1.6895273829188042,2.175829535790882,2.592047810643365,2.43686566138917,0.41101275120403,0.8973149040761079,1.3135331789285907,1.158351029674396,0.4863021528720779,0.9025204277245606,0.7473382784703659,0.41621827485248275,0.26103612559828804,-0.1551821492541947
290,b'2344-1255',,,1.0,,,1.0,,,1.0,,,1.0,,,1.0,28.97309817613404,,0.0,28.40385236927578,,0.0,28.066744320600886,,0.0,b'L7',77.0,,,,,,,,,,,,,0.5692458068582624,0.9063538555331547,0.3371080486748923
291,b'2344-4755',,,1.0,27.828104067253957,0.004565835794780322,0.0,25.80185104877723,,0.0,,,1.0,25.278185908692915,0.0012589723767101344,0.0,24.773190981279612,0.0007767853885231889,0.0,25.122480811386794,0.001063631494466122,0.0,25.61146210754558,0.0022862271728886106,0.0,b'T5',85.0,2.0262530184767265,2.5499181585610415,3.054913085974345,2.705623255867163,2.216641959708376,0.5236651400843151,1.0286600674976185,0.6793702373904367,0.1903889412316495,0.5049949274133034,0.1557050973061216,-0.3332761988526656,-0.34928983010718184,-0.838271126265969,-0.48898129615878716
